Model,Description,Harga_MD,Harga_ADP,Harga_DPP,Harga_MSRP,Harga_Non_DPP,Category,Sumber,Warranty,Brand
HC-Video/1CH/1M,Video Surveillance Monthly Subscription Service  Package Prerequisite: N.A  Service Period: 1 Month Description:  —Video Surveillance: 1 Channel Video,34400,34400,34400,68700,48100,Hik-Connect Team,Hikvision Hik-Connect Team,2 Years Warranty,Hikvision
HC-Video/1CH/1Y,Video Surveillance Yearly Subscription Service  Package Prerequisite: N.A  Service Period: 1 Year Description:  —Video Surveillance: 1 Channel Video M,341500,341500,341500,683000,478100,Hik-Connect Team,Hikvision Hik-Connect Team,2 Years Warranty,Hikvision
HC-BasePackage/64 Video/1Y,Video Service Prerequisite: NA Warranty: NA Supported: —Validity Period: 12 Months —Video Surveillance: 64 Channel Video Management. —Others: Alarm ma,13659900,13659900,13659900,27319700,19123800,Hik-Connect Team,Hikvision Hik-Connect Team,2 Years Warranty,Hikvision
HC-BasePackage/128 Video/1Y,Video Service Prerequisite: NA Warranty: NA Supported: —Validity Period: 12 Months —Video Surveillance: 128 Channel Video Management. —Others: Alarm m,27319700,27319700,27319700,54639400,38247600,Hik-Connect Team,Hikvision Hik-Connect Team,2 Years Warranty,Hikvision
HC-EventRecording/3Day/1CH/1M,Eventbased Cloud Storage Monthly Subscription Service  Package Prerequisite: N.A  Service Period: 1 Month Description:  —cloud storage: a cloud storag,85400,85400,85400,170800,119600,Hik-Connect Team,Hikvision Hik-Connect Team,2 Years Warranty,Hikvision
HC-EventRecording/7Day/1CH/1M,Eventbased Cloud Storage Monthly Subscription Service  Package Prerequisite: N.A  Service Period: 1 Month Description:  —cloud storage: a cloud storag,109700,109700,109700,219300,153600,Hik-Connect Team,Hikvision Hik-Connect Team,2 Years Warranty,Hikvision
HC-ContinuousRecording/7Day/1CH/1M,Continuous Cloud Storage Monthly Subscription Service  Package Prerequisite: N.A  Service Period: 1 Month Description:  —cloud storage: a cloud storag,426900,426900,426900,853800,597700,Hik-Connect Team,Hikvision Hik-Connect Team,2 Years Warranty,Hikvision
HC-ContinuousRecording/30Day/1CH/1M,Continuous Cloud Storage Monthly Subscription Service  Package Prerequisite: N.A  Service Period: 1 Month Description:  —cloud storage: a cloud storag,837000,837000,837000,1674000,1171800,Hik-Connect Team,Hikvision Hik-Connect Team,2 Years Warranty,Hikvision
HC-EventRecording/3Day/1CH/1Y,Eventbased Cloud Storage  Yearly Subscription Service  Package Prerequisite: N.A  Service Period: 1 Year Description:  —cloud storage: a cloud storage,853800,853800,853800,1707500,1195300,Hik-Connect Team,Hikvision Hik-Connect Team,2 Years Warranty,Hikvision
HC-EventRecording/7Day/1CH/1Y,Eventbased Cloud Storage  Yearly Subscription Service  Package Prerequisite: N.A  Service Period: 1 Year Description:  —cloud storage: a cloud storage,1093200,1093200,1093200,2186300,1530500,Hik-Connect Team,Hikvision Hik-Connect Team,2 Years Warranty,Hikvision
HC-ContinuousRecording/7Day/1CH/1Y,Continuous Cloud Storage  Yearly Subscription Service  Package Prerequisite: N.A  Service Period: 1 Year Description:  —cloud storage: a cloud storage,4200500,4200500,4200500,8401000,5880700,Hik-Connect Team,Hikvision Hik-Connect Team,2 Years Warranty,Hikvision
HC-ContinuousRecording/30Day/1CH/1Y,Continuous Cloud Storage  Yearly Subscription Service  Package Prerequisite: N.A  Service Period: 1 Year Description:  —cloud storage: a cloud storage,8469200,8469200,8469200,16938400,11856900,Hik-Connect Team,Hikvision Hik-Connect Team,2 Years Warranty,Hikvision
HC-BI/1M,"BI Monthly Subscription Service  Package Prerequisite: N.A  Service Period: 1 Month Description:   — Support heat mapping reports, display heat mappin",341500,341500,341500,683000,478100,Hik-Connect Team,Hikvision Hik-Connect Team,2 Years Warranty,Hikvision
HC-BI/1Y,"BI Yearly Subscription Service  Package Prerequisite: N.A  Service Period: 1 Year Description:   — Support heat mapping reports, display heat mapping ",3415000,3415000,3415000,6830000,4781000,Hik-Connect Team,Hikvision Hik-Connect Team,2 Years Warranty,Hikvision
HC-Vehicle/1Device/1M,On-Board Monitoring Monthly Subscription Service  Package Prerequisite: N.A  Service Period: 1 Month Description:  —On-Board Monitoring: 1 Mobile Devi,82100,82100,82100,164100,114900,Hik-Connect Team,Hikvision Hik-Connect Team,2 Years Warranty,Hikvision
HC-Vehicle/1Device/1Y,On-Board Monitoring Yearly Subscription Service  Package Prerequisite: N.A  Service Period: 1 Year Description:  —On-Board Monitoring: 1 Mobile Device,888100,888100,888100,1776200,1243400,Hik-Connect Team,Hikvision Hik-Connect Team,2 Years Warranty,Hikvision
HC-AC&TA/1Door/1Y,Access Control & Time Attendance Yearly Subscription Service  Package Prerequisite: N.A  Service Period: 1 Year Description:  —Access Control& Time At,683000,683000,683000,1366000,956200,Hik-Connect Team,Hikvision Hik-Connect Team,2 Years Warranty,Hikvision
HC-AC&TA/5Doors/1Y,Access Control & Time Attendance Yearly Subscription Service  Package Prerequisite: N.A  Service Period: 1 Year Description:  —Access Control& Time At,3073500,3073500,3073500,6147000,4302900,Hik-Connect Team,Hikvision Hik-Connect Team,2 Years Warranty,Hikvision
HC-AC&TA/10Doors/1Y,Access Control & Time Attendance Yearly Subscription Service  Package Prerequisite: N.A  Service Period: 1 Year Description:  —Access Control& Time At,5464000,5464000,5464000,10927900,7649600,Hik-Connect Team,Hikvision Hik-Connect Team,2 Years Warranty,Hikvision
HC-AC&TA/1Door/Lifetime,Access Control & Time Attendance Lifetime Subscription Service  Package Prerequisite: N.A  Service Period: Lifetime Description:  —Access Control& Tim,2049000,2049000,2049000,4098000,2868600,Hik-Connect Team,Hikvision Hik-Connect Team,2 Years Warranty,Hikvision
HC-AC&TA/5Doors/Lifetime,Access Control & Time Attendance Lifetime Subscription Service  Package Prerequisite: N.A  Service Period: Lifetime Description:  —Access Control& Tim,9220400,9220400,9220400,18440800,12908600,Hik-Connect Team,Hikvision Hik-Connect Team,2 Years Warranty,Hikvision
HC-AC&TA/10Doors/Lifetime,Access Control & Time Attendance Lifetime Subscription Service  Package Prerequisite: N.A  Service Period: Lifetime Description:  —Access Control& Tim,16391900,16391900,16391900,32783700,22948600,Hik-Connect Team,Hikvision Hik-Connect Team,2 Years Warranty,Hikvision
HC-Customization/1Day/R&D,Customization Service Supported: —Validity Period: will be kept in Cloud Baseline. —Service Description: Provide Customization Service in Cloud. Featu,34149600,34149600,34149600,68299200,47809500,Hik-Connect Team,Hikvision Hik-Connect Team,2 Years Warranty,Hikvision
DS-2CV1043G2-LIDWF(B),"1/3"" Progressive CMOS, ICR, 0lux with IR, 1920×1080: 15fps(P/N), H.265+/H.265/H.264+/H.264, DWDR, 3D DNR, Build-in microphone; Build-in 2.4G Wi-Fi 802",1188600,1188600,1188600,1886667,1339533,SMB Wireless Solution,Hikvision SMB Wireless Solution,2 Years Warranty,Hikvision
DS-2CV1F43G2-LIDWF(B),"1/3"" Progressive CMOS, ICR, 0lux with IR, 2560×1440: 15fps(P/N), H.265+/H.265/H.264+/H.264, DWDR, 3D DNR, Build-in microphone; Build-in 2.4G Wi-Fi 802",1262900,1262900,1262900,2004603,1423268,SMB Wireless Solution,Hikvision SMB Wireless Solution,2 Years Warranty,Hikvision
DS-2DE2C400MWG/W,"1/2.7″ Progressive Scan CMOS Color: 0.005 Lux @(F1.6，AGC ON), B/W: 0 Lux with IR 2.8 mm,horizontal FOV 91°, vertical FOV 49°, diagonal FOV 108° 4 mm, ",1370600,1370600,1370600,2175556,1544644,SMB Wireless Solution,Hikvision SMB Wireless Solution,2 Years Warranty,Hikvision
DS-2DE2C400MWG WIFI,"1/2.7″ Progressive Scan CMOS Color: 0.005 Lux @(F1.6，AGC ON), B/W: 0 Lux with IR 2.8 mm,horizontal FOV 91°, vertical FOV 49°, diagonal FOV 108° 4 mm, ",1370600,1370600,1370600,2175556,1544644,SMB Wireless Solution,Hikvision SMB Wireless Solution,2 Years Warranty,Hikvision
DS-2CD1043G2-LIDUF/4G/SL,"1/3"" Progressive CMOS, ICR,2560 × 1440: 15fps(P/N), H.265+/H.265/H.264+&H.264, DWDR, 3D DNR, BLC, IR or white light range: up to 30m, Built-in microph",1514000,1514000,1514000,2403175,1706254,SMB Wireless Solution,Hikvision SMB Wireless Solution,2 Years Warranty,Hikvision
DS-2DE2C400MWG-4G,"1/2.7″ Progressive Scan CMOS Color: 0.005 Lux @(F1.6，AGC ON), B/W: 0 Lux with IR 2.8 mm, horizontal FOV 94°, vertical FOV 49°, diagonal FOV 114° 4 mm,",1596600,1596600,1596600,2534286,1799343,SMB Wireless Solution,Hikvision SMB Wireless Solution,2 Years Warranty,Hikvision
DS-2DE2C400MWG 4G,"1/2.7″ Progressive Scan CMOS Color: 0.005 Lux @(F1.6，AGC ON), B/W: 0 Lux with IR 2.8 mm, horizontal FOV 94°, vertical FOV 49°, diagonal FOV 114° 4 mm,",1596600,1596600,1596600,2534286,1799343,SMB Wireless Solution,Hikvision SMB Wireless Solution,2 Years Warranty,Hikvision
DS-7104NI-S1/W,"4-ch camera input,  Up to 512 GB Micro SD card storage capacity; Wireless Parameter：2.4 GHz,150 Mbps,IEEE 802.11b/g/n/ax,High gain antenna",563900,563900,563900,895079,635506,SMB Wireless Solution,Hikvision SMB Wireless Solution,2 Years Warranty,Hikvision
DS-2CFSP4/4G/EU,"1/2.9"" Progressive Scan CMOS; H.265+/H.265/H.264+/H.264/MJPEG;  Color: 0.01 lux @(F1.6, AGC ON), 0 lux with LED on;  12.5fps/15fps(2560×1440, 1920×108",3423031,3423031,3423031,5433383,3857702,SMB Wireless Solution,Hikvision SMB Wireless Solution,2 Years Warranty,Hikvision
DS-2CFSP4/4G,"1/2.9"" Progressive Scan CMOS; H.265+/H.265/H.264+/H.264/MJPEG;  Color: 0.01 lux @(F1.6, AGC ON), 0 lux with LED on;  12.5fps/15fps(2560×1440, 1920×108",3423031,3423031,3423031,5433383,3857702,SMB Wireless Solution,Hikvision SMB Wireless Solution,2 Years Warranty,Hikvision
DS-2CD1021G0-I,"1/3"" Progressive CMOS, ICR,1920 × 1080: 25fps(P)/30fps(N), H.265+/H.265/H.264+&H.264, DWDR, 3D DNR, BLC, IR range: up to 30m, DC12V & PoE -IU :Built-i",689100,689100,689100,984429,777699,1 series IPC,Hikvision 1 series IPC,2 Years Warranty,Hikvision
DS-2CD1021G0,"1/3"" Progressive CMOS, ICR,1920 × 1080: 25fps(P)/30fps(N), H.265+/H.265/H.264+&H.264, DWDR, 3D DNR, BLC, IR range: up to 30m, DC12V & PoE -IU :Built-i",689100,689100,689100,984429,777699,1 series IPC,Hikvision 1 series IPC,2 Years Warranty,Hikvision
DS-2CD1021G0-IU,,866000,866000,866000,1237143,977343,1 series IPC,Hikvision 1 series IPC,2 Years Warranty,Hikvision
DS-2CD1121G0-I,"1/3"" Progressive CMOS, ICR,1920 × 1080: 25fps(P)/30fps(N), H.265+/H.265/H.264+&H.264, DWDR, 3D DNR, BLC, IR range: up to 30m, DC12V & PoE",729700,729700,729700,1042429,823519,1 series IPC,Hikvision 1 series IPC,2 Years Warranty,Hikvision
DS-2CD1121G0,"1/3"" Progressive CMOS, ICR,1920 × 1080: 25fps(P)/30fps(N), H.265+/H.265/H.264+&H.264, DWDR, 3D DNR, BLC, IR range: up to 30m, DC12V & PoE",729700,729700,729700,1042429,823519,1 series IPC,Hikvision 1 series IPC,2 Years Warranty,Hikvision
DS-2CD1321G0-I,"1/3"" Progressive CMOS, ICR,1920 × 1080: 25fps(P)/30fps(N), H.265+/H.265/H.264+&H.264, DWDR, 3D DNR, BLC, IR range: up to 30m, DC12V & PoE -IU :Built-i",689100,689100,689100,984429,777699,1 series IPC,Hikvision 1 series IPC,2 Years Warranty,Hikvision
DS-2CD1321G0,"1/3"" Progressive CMOS, ICR,1920 × 1080: 25fps(P)/30fps(N), H.265+/H.265/H.264+&H.264, DWDR, 3D DNR, BLC, IR range: up to 30m, DC12V & PoE -IU :Built-i",689100,689100,689100,984429,777699,1 series IPC,Hikvision 1 series IPC,2 Years Warranty,Hikvision
DS-2CD1321G0-IU,,866000,866000,866000,1237143,977343,1 series IPC,Hikvision 1 series IPC,2 Years Warranty,Hikvision
DS-2CD1021G2-LIU,"1/2.8"" Progressive CMOS, ICR, 1920ⅹ1080:25fps(P)/30fps(N), H.265+/H.265/H.264+&H.264, IP67, DWDR, 3D DNR, BLC, Built-in Microphone, Support Human body",943400,943400,943400,1347715,1064695,1 series IPC,Hikvision 1 series IPC,2 Years Warranty,Hikvision
DS-2CD1021G2,"1/2.8"" Progressive CMOS, ICR, 1920ⅹ1080:25fps(P)/30fps(N), H.265+/H.265/H.264+&H.264, IP67, DWDR, 3D DNR, BLC, Built-in microphone & speaker, audio & ",1098100,1098100,1098100,1568715,1239285,1 series IPC,Hikvision 1 series IPC,2 Years Warranty,Hikvision
DS-2CD1021G2-LIUF,,1053800,1053800,1053800,1505429,1189289,1 series IPC,Hikvision 1 series IPC,2 Years Warranty,Hikvision
DS-2CD1121G2-LIU,"1/2.8"" Progressive CMOS, ICR, 1920ⅹ1080:25fps(P)/30fps(N), H.265+/H.265/H.264+&H.264, IP67, DWDR, 3D DNR, BLC, Built-in Microphone, Support Human body",1039200,1039200,1039200,1484572,1172812,1 series IPC,Hikvision 1 series IPC,2 Years Warranty,Hikvision
DS-2CD1121G2,"1/2.8"" Progressive CMOS, ICR, 1920ⅹ1080:25fps(P)/30fps(N), H.265+/H.265/H.264+&H.264, IP67, DWDR, 3D DNR, BLC, Built-in Microphone, Support Human body",1039200,1039200,1039200,1484572,1172812,1 series IPC,Hikvision 1 series IPC,2 Years Warranty,Hikvision
DS-2CD1121G2-LIUF,,1127601,1127601,1127601,1610858,1272578,1 series IPC,Hikvision 1 series IPC,2 Years Warranty,Hikvision
DS-2CD1321G2-LIU,"1/2.8"" Progressive CMOS, ICR, 1920ⅹ1080:25fps(P)/30fps(N), H.265+/H.265/H.264+&H.264, IP67, DWDR, 3D DNR, BLC, Built-in Microphone, Support Human body",1039200,1039200,1039200,1484572,1172812,1 series IPC,Hikvision 1 series IPC,2 Years Warranty,Hikvision
DS-2CD1321G2,"1/2.8"" Progressive CMOS, ICR, 1920ⅹ1080:25fps(P)/30fps(N), H.265+/H.265/H.264+&H.264, IP67, DWDR, 3D DNR, BLC, Built-in microphone & speaker, audio & ",1171800,1171800,1171800,1674000,1322460,1 series IPC,Hikvision 1 series IPC,2 Years Warranty,Hikvision
DS-2CD1321G2-LIUF,,1127601,1127601,1127601,1610858,1272578,1 series IPC,Hikvision 1 series IPC,2 Years Warranty,Hikvision
DS-2CD1021G2-LIUF/SL,"1/2.8"" Progressive CMOS, ICR, 1920ⅹ1080:25fps(P)/30fps(N), H.265+/H.265/H.264+&H.264, IP67, DWDR, 3D DNR, BLC, Built-in microphone & speaker, audio & ",1098100,1098100,1098100,1568715,1239285,1 series IPC,Hikvision 1 series IPC,2 Years Warranty,Hikvision
DS-2CD1321G2-LIUF/SL,"1/2.8"" Progressive CMOS, ICR, 1920ⅹ1080:25fps(P)/30fps(N), H.265+/H.265/H.264+&H.264, IP67, DWDR, 3D DNR, BLC, Built-in microphone & speaker, audio & ",1171800,1171800,1171800,1674000,1322460,1 series IPC,Hikvision 1 series IPC,2 Years Warranty,Hikvision
DS-2CD1041G2-LIU,"1/2.8"" Progressive CMOS, ICR, 2560ⅹ1440:20fps(P)/(N), H.265+/H.265/H.264+&H.264, IP67, DWDR, 3D DNR, BLC, Built-in Microphone, Support Human body dete",1390300,1390300,1390300,1986143,1569053,1 series IPC,Hikvision 1 series IPC,2 Years Warranty,Hikvision
DS-2CD1041G2,"1/2.8"" Progressive CMOS, ICR, 2560ⅹ1440:20fps(P)/(N), H.265+/H.265/H.264+&H.264, IP67, DWDR, 3D DNR, BLC, Built-in microphone & speaker, audio & strob",1553901,1553901,1553901,2219858,1753688,1 series IPC,Hikvision 1 series IPC,2 Years Warranty,Hikvision
DS-2CD1041G2-LIUF,,1516801,1516801,1516801,2166858,1711818,1 series IPC,Hikvision 1 series IPC,2 Years Warranty,Hikvision
DS-2CD1141G2-LIU,"1/2.8"" Progressive CMOS, ICR, 2560ⅹ1440:20fps(P)/(N), H.265+/H.265/H.264+&H.264, IP67, DWDR, 3D DNR, BLC, Built-in Microphone, Support Human body dete",1446200,1446200,1446200,2066000,1632140,1 series IPC,Hikvision 1 series IPC,2 Years Warranty,Hikvision
DS-2CD1141G2,"1/2.8"" Progressive CMOS, ICR, 2560ⅹ1440:20fps(P)/(N), H.265+/H.265/H.264+&H.264, IP67, DWDR, 3D DNR, BLC, Built-in Microphone, Support Human body dete",1446200,1446200,1446200,2066000,1632140,1 series IPC,Hikvision 1 series IPC,2 Years Warranty,Hikvision
DS-2CD1141G2-LIUF,,1576301,1576301,1576301,2251858,1778968,1 series IPC,Hikvision 1 series IPC,2 Years Warranty,Hikvision
DS-2CD1341G2-LIU,"1/2.8"" Progressive CMOS, ICR, 2560ⅹ1440:20fps(P)/(N), H.265+/H.265/H.264+&H.264, IP67, DWDR, 3D DNR, BLC, Built-in Microphone, Support Human body dete",1446200,1446200,1446200,2066000,1632140,1 series IPC,Hikvision 1 series IPC,2 Years Warranty,Hikvision
DS-2CD1341G2,"1/2.8"" Progressive CMOS, ICR, 2560ⅹ1440:20fps(P)/(N), H.265+/H.265/H.264+&H.264, IP67, DWDR, 3D DNR, BLC, Built-in microphone & speaker, audio & strob",1617200,1617200,1617200,2310286,1825126,1 series IPC,Hikvision 1 series IPC,2 Years Warranty,Hikvision
DS-2CD1341G2-LIUF,,1576301,1576301,1576301,2251858,1778968,1 series IPC,Hikvision 1 series IPC,2 Years Warranty,Hikvision
DS-2CD1041G2-LIUF/SL,"1/2.8"" Progressive CMOS, ICR, 2560ⅹ1440:20fps(P)/(N), H.265+/H.265/H.264+&H.264, IP67, DWDR, 3D DNR, BLC, Built-in microphone & speaker, audio & strob",1553901,1553901,1553901,2219858,1753688,1 series IPC,Hikvision 1 series IPC,2 Years Warranty,Hikvision
DS-2CD1341G2-LIUF/SL,"1/2.8"" Progressive CMOS, ICR, 2560ⅹ1440:20fps(P)/(N), H.265+/H.265/H.264+&H.264, IP67, DWDR, 3D DNR, BLC, Built-in microphone & speaker, audio & strob",1617200,1617200,1617200,2310286,1825126,1 series IPC,Hikvision 1 series IPC,2 Years Warranty,Hikvision
DS-2CD1043G2-LIU,"1/3"" Progressive CMOS, ICR,2560x1440: 20fps(P)/(N), H.265+/H.265/H.264+&H.264, DWDR, 3D DNR, BLC, IR or white light range: up to 30m, Built-in microph",1498200,1498200,1498200,2140286,1690826,1 series IPC,Hikvision 1 series IPC,2 Years Warranty,Hikvision
DS-2CD1043G2,"1/3"" Progressive CMOS, ICR,2560x1440: 20fps(P)/(N), H.265+/H.265/H.264+&H.264, DWDR, 3D DNR, BLC, IR or white light range: up to 30m, Built-in microph",1498200,1498200,1498200,2140286,1690826,1 series IPC,Hikvision 1 series IPC,2 Years Warranty,Hikvision
DS-2CD1043G2-LIUF,,1624500,1624500,1624500,2320715,1833365,1 series IPC,Hikvision 1 series IPC,2 Years Warranty,Hikvision
DS-2CD1023G2-LIU,"1/3"" Progressive CMOS, ICR,1920x1080: 25fps(P)/30fps(N), H.265+/H.265/H.264+&H.264, DWDR, 3D DNR, BLC, IR or white light range: up to 30m, Built-in mi",1013400,1013400,1013400,1447715,1143695,1 series IPC,Hikvision 1 series IPC,2 Years Warranty,Hikvision
DS-2CD1023G2,"1/3"" Progressive CMOS, ICR,1920x1080: 25fps(P)/30fps(N), H.265+/H.265/H.264+&H.264, DWDR, 3D DNR, BLC, IR or white light range: up to 30m, Built-in mi",1013400,1013400,1013400,1447715,1143695,1 series IPC,Hikvision 1 series IPC,2 Years Warranty,Hikvision
DS-2CD1023G2-LIUF,,1131300,1131300,1131300,1616143,1276753,1 series IPC,Hikvision 1 series IPC,2 Years Warranty,Hikvision
DS-2CD1143G2-LIU,"1/3"" Progressive CMOS, ICR,2560x1440: 20fps(P)/(N), H.265+/H.265/H.264+&H.264, DWDR, 3D DNR, BLC, IR or white light range: up to 30m, Built-in microph",1550300,1550300,1550300,2214715,1749625,1 series IPC,Hikvision 1 series IPC,2 Years Warranty,Hikvision
DS-2CD1143G2,"1/3"" Progressive CMOS, ICR,2560x1440: 20fps(P)/(N), H.265+/H.265/H.264+&H.264, DWDR, 3D DNR, BLC, IR or white light range: up to 30m, Built-in microph",1550300,1550300,1550300,2214715,1749625,1 series IPC,Hikvision 1 series IPC,2 Years Warranty,Hikvision
DS-2CD1143G2-LIUF,,1687800,1687800,1687800,2411143,1904803,1 series IPC,Hikvision 1 series IPC,2 Years Warranty,Hikvision
DS-2CD1123G2-LIU,"1/3"" Progressive CMOS, ICR,1920x1080: 25fps(P)/30fps(N), H.265+/H.265/H.264+&H.264, DWDR, 3D DNR, BLC, IR or white light range: up to 30m, Built-in mi",1112800,1112800,1112800,1589715,1255875,1 series IPC,Hikvision 1 series IPC,2 Years Warranty,Hikvision
DS-2CD1123G2,"1/3"" Progressive CMOS, ICR,1920x1080: 25fps(P)/30fps(N), H.265+/H.265/H.264+&H.264, DWDR, 3D DNR, BLC, IR or white light range: up to 30m, Built-in mi",1112800,1112800,1112800,1589715,1255875,1 series IPC,Hikvision 1 series IPC,2 Years Warranty,Hikvision
DS-2CD1123G2-LIUF,,1208700,1208700,1208700,1726715,1364105,1 series IPC,Hikvision 1 series IPC,2 Years Warranty,Hikvision
DS-2CD1343G2-LIU,"1/3"" Progressive CMOS, ICR,2560 × 1440: 20fps(P)/(N), H.265+/H.265/H.264+&H.264, DWDR, 3D DNR, BLC, IR or white light range: up to 30m, Built-in micro",1550300,1550300,1550300,2214715,1749625,1 series IPC,Hikvision 1 series IPC,2 Years Warranty,Hikvision
DS-2CD1343G2,"1/3"" Progressive CMOS, ICR,2560 × 1440: 20fps(P)/(N), H.265+/H.265/H.264+&H.264, DWDR, 3D DNR, BLC, IR or white light range: up to 30m, Built-in micro",1550300,1550300,1550300,2214715,1749625,1 series IPC,Hikvision 1 series IPC,2 Years Warranty,Hikvision
DS-2CD1343G2-LIUF,,1687800,1687800,1687800,2411143,1904803,1 series IPC,Hikvision 1 series IPC,2 Years Warranty,Hikvision
DS-2CD1323G2-LIU,"1/3"" Progressive CMOS, ICR,1920x1080: 25fps(P)/30fps(N), H.265+/H.265/H.264+&H.264, DWDR, 3D DNR, BLC, IR or white light range: up to 30m, Built-in mi",1112800,1112800,1112800,1589715,1255875,1 series IPC,Hikvision 1 series IPC,2 Years Warranty,Hikvision
DS-2CD1323G2,"1/3"" Progressive CMOS, ICR,1920x1080: 25fps(P)/30fps(N), H.265+/H.265/H.264+&H.264, DWDR, 3D DNR, BLC, IR or white light range: up to 30m, Built-in mi",1112800,1112800,1112800,1589715,1255875,1 series IPC,Hikvision 1 series IPC,2 Years Warranty,Hikvision
DS-2CD1323G2-LIUF,,1208700,1208700,1208700,1726715,1364105,1 series IPC,Hikvision 1 series IPC,2 Years Warranty,Hikvision
DS-2CD1T23G2-LIUF,"1/3"" Progressive CMOS, ICR,1920 × 1080: 25fps(P)/30fps(N), H.265+/H.265/H.264+&H.264, DWDR, 3D DNR, BLC, IR or white light range: up to 50m, Built-in ",1455500,1455500,1455500,2079286,1642636,1 series IPC,Hikvision 1 series IPC,2 Years Warranty,Hikvision
DS-2CD1T23G2,"1/3"" Progressive CMOS, ICR,1920 × 1080: 25fps(P)/30fps(N), H.265+/H.265/H.264+&H.264, DWDR, 3D DNR, BLC, IR or white light range: up to 50m, Built-in ",1455500,1455500,1455500,2079286,1642636,1 series IPC,Hikvision 1 series IPC,2 Years Warranty,Hikvision
DS-2CD1T43G2-LIUF,"1/3"" Progressive CMOS, ICR,2560 × 1440: 20fps(P)/(N), H.265+/H.265/H.264+&H.264, DWDR, 3D DNR, BLC, IR or white light range: up to 50m, Built-in micro",2052100,2052100,2052100,2931572,2315942,1 series IPC,Hikvision 1 series IPC,2 Years Warranty,Hikvision
DS-2CD1T43G2,"1/3"" Progressive CMOS, ICR,2560 × 1440: 20fps(P)/(N), H.265+/H.265/H.264+&H.264, DWDR, 3D DNR, BLC, IR or white light range: up to 50m, Built-in micro",2052100,2052100,2052100,2931572,2315942,1 series IPC,Hikvision 1 series IPC,2 Years Warranty,Hikvision
DS-2CD1T63G2-LIUF,"1/3"" Progressive CMOS, ICR,3200 × 1800: 20fps(P/N), H.265+/H.265/H.264+&H.264, WDR, 3D DNR, BLC, IR or white light range: up to 50m, Built-in micropho",2062600,2062600,2062600,2946572,2327792,1 series IPC,Hikvision 1 series IPC,2 Years Warranty,Hikvision
DS-2CD1T63G2,"1/3"" Progressive CMOS, ICR,3200 × 1800: 20fps(P/N), H.265+/H.265/H.264+&H.264, WDR, 3D DNR, BLC, IR or white light range: up to 50m, Built-in micropho",2062600,2062600,2062600,2946572,2327792,1 series IPC,Hikvision 1 series IPC,2 Years Warranty,Hikvision
DS-2CD1T83G2-LIUF,"1/3"" Progressive CMOS, ICR, 3840 × 2160: 12.5fps(P)/15fps(N), H.265+/H.265/H.264+&H.264, WDR, 3D DNR, BLC, IR or white light range: up to 50m, Built-i",2373900,2373900,2373900,3391286,2679116,1 series IPC,Hikvision 1 series IPC,2 Years Warranty,Hikvision
DS-2CD1T83G2,"1/3"" Progressive CMOS, ICR, 3840 × 2160: 12.5fps(P)/15fps(N), H.265+/H.265/H.264+&H.264, WDR, 3D DNR, BLC, IR or white light range: up to 50m, Built-i",2373900,2373900,2373900,3391286,2679116,1 series IPC,Hikvision 1 series IPC,2 Years Warranty,Hikvision
DS-2CD1623G2-LIZSU,"1/3"" Progressive CMOS, ICR,1920 × 1080: 25fps(P)/30fps(N), H.265+/H.265/H.264+&H.264, DWDR, 3D DNR, BLC, IR or white light range: up to 50m, Built-in ",3404900,3404900,3404900,4864143,3842673,1 series IPC,Hikvision 1 series IPC,2 Years Warranty,Hikvision
DS-2CD1623G2,"1/3"" Progressive CMOS, ICR,1920 × 1080: 25fps(P)/30fps(N), H.265+/H.265/H.264+&H.264, DWDR, 3D DNR, BLC, IR or white light range: up to 50m, Built-in ",3404900,3404900,3404900,4864143,3842673,1 series IPC,Hikvision 1 series IPC,2 Years Warranty,Hikvision
DS-2CD1723G2-LIZSU,"1/3"" Progressive CMOS, ICR,1920 × 1080: 25fps(P)/30fps(N), H.265+/H.265/H.264+&H.264, DWDR, 3D DNR, BLC, IR or white light range: up to 30m, Built-in ",3533800,3533800,3533800,5048286,3988146,1 series IPC,Hikvision 1 series IPC,2 Years Warranty,Hikvision
DS-2CD1723G2,"1/3"" Progressive CMOS, ICR,1920 × 1080: 25fps(P)/30fps(N), H.265+/H.265/H.264+&H.264, DWDR, 3D DNR, BLC, IR or white light range: up to 30m, Built-in ",3533800,3533800,3533800,5048286,3988146,1 series IPC,Hikvision 1 series IPC,2 Years Warranty,Hikvision
DS-2CD1027G3-LIUF,"1/2.8"" Progressive CMOS, ICR, 1920 × 1080: 25fps(P)/30fps(N), H.265+/H.265/H.264+/H.264, WDR, 3D DNR, BLC，HLC, Smart hybrid light, IR or white light r",1455100,1455100,1455100,2238615,1634189,1 series Colorvu 3.0,Hikvision 1 series Colorvu 3.0,2 Years Warranty,Hikvision
DS-2CD1027G3,"1/2.8"" Progressive CMOS, ICR, 1920 × 1080: 25fps(P)/30fps(N), H.265+/H.265/H.264+/H.264, WDR, 3D DNR, BLC，HLC, Smart hybrid light, IR or white light r",1455100,1455100,1455100,2238615,1634189,1 series Colorvu 3.0,Hikvision 1 series Colorvu 3.0,2 Years Warranty,Hikvision
DS-2CD1027G3-LIU,,1305100,1305100,1305100,2007846,1465728,1 series Colorvu 3.0,Hikvision 1 series Colorvu 3.0,2 Years Warranty,Hikvision
DS-2CD1127G3-LIUF,"1/2.8"" Progressive CMOS, ICR, 1920 × 1080: 25fps(P)/30fps(N), H.265+/H.265/H.264+/H.264, WDR, 3D DNR, BLC，HLC, Smart hybrid light, IR or white light r",1601300,1601300,1601300,2463538,1798383,1 series Colorvu 3.0,Hikvision 1 series Colorvu 3.0,2 Years Warranty,Hikvision
DS-2CD1127G3,"1/2.8"" Progressive CMOS, ICR, 1920 × 1080: 25fps(P)/30fps(N), H.265+/H.265/H.264+/H.264, WDR, 3D DNR, BLC，HLC, Smart hybrid light, IR or white light r",1601300,1601300,1601300,2463538,1798383,1 series Colorvu 3.0,Hikvision 1 series Colorvu 3.0,2 Years Warranty,Hikvision
DS-2CD1127G3-LIU,,1455100,1455100,1455100,2238615,1634189,1 series Colorvu 3.0,Hikvision 1 series Colorvu 3.0,2 Years Warranty,Hikvision
DS-2CD1327G3-LIUF,"1/2.8"" Progressive CMOS, ICR, 1920 × 1080: 25fps(P)/30fps(N), H.265+/H.265/H.264+/H.264, WDR, 3D DNR, BLC，HLC, Smart hybrid light, IR or white light r",1455100,1455100,1455100,2238615,1634189,1 series Colorvu 3.0,Hikvision 1 series Colorvu 3.0,2 Years Warranty,Hikvision
DS-2CD1327G3,"1/2.8"" Progressive CMOS, ICR, 1920 × 1080: 25fps(P)/30fps(N), H.265+/H.265/H.264+/H.264, WDR, 3D DNR, BLC，HLC, Smart hybrid light, IR or white light r",1455100,1455100,1455100,2238615,1634189,1 series Colorvu 3.0,Hikvision 1 series Colorvu 3.0,2 Years Warranty,Hikvision
DS-2CD1327G3-LIU,,1305100,1305100,1305100,2007846,1465728,1 series Colorvu 3.0,Hikvision 1 series Colorvu 3.0,2 Years Warranty,Hikvision
DS-2CD1T27G3-LIUF,"1/2.8"" Progressive CMOS, ICR, 1920 × 1080: 25fps(P)/30fps(N), H.265+/H.265/H.264+/H.264, WDR, 3D DNR, BLC，HLC, Smart hybrid light, IR or white light r",1871400,1871400,1871400,2879077,2101726,1 series Colorvu 3.0,Hikvision 1 series Colorvu 3.0,2 Years Warranty,Hikvision
DS-2CD1T27G3,"1/2.8"" Progressive CMOS, ICR, 1920 × 1080: 25fps(P)/30fps(N), H.265+/H.265/H.264+/H.264, WDR, 3D DNR, BLC，HLC, Smart hybrid light, IR or white light r",1871400,1871400,1871400,2879077,2101726,1 series Colorvu 3.0,Hikvision 1 series Colorvu 3.0,2 Years Warranty,Hikvision
DS-2CD1T27G3-LIU,,1702600,1702600,1702600,2619385,1912151,1 series Colorvu 3.0,Hikvision 1 series Colorvu 3.0,2 Years Warranty,Hikvision
DS-2CD1047G3-LIUF,"1/3"" Progressive CMOS, ICR, 2560 × 1440: 25fps(P)/24fps(N), H.265+/H.265/H.264+/H.264, WDR, 3D DNR, BLC，HLC, Smart hybrid light, IR or white light ran",2334100,2334100,2334100,3590923,2621374,1 series Colorvu 3.0,Hikvision 1 series Colorvu 3.0,2 Years Warranty,Hikvision
DS-2CD1047G3,"1/3"" Progressive CMOS, ICR, 2560 × 1440: 25fps(P)/24fps(N), H.265+/H.265/H.264+/H.264, WDR, 3D DNR, BLC，HLC, Smart hybrid light, IR or white light ran",2334100,2334100,2334100,3590923,2621374,1 series Colorvu 3.0,Hikvision 1 series Colorvu 3.0,2 Years Warranty,Hikvision
DS-2CD1047G3-LIU,,2178900,2178900,2178900,3352154,2447072,1 series Colorvu 3.0,Hikvision 1 series Colorvu 3.0,2 Years Warranty,Hikvision
DS-2CD1147G3-LIUF,"1/3"" Progressive CMOS, ICR, 2560 × 1440: 25fps(P)/24fps(N), H.265+/H.265/H.264+/H.264, WDR, 3D DNR, BLC，HLC, Smart hybrid light, IR or white light ran",2496700,2496700,2496700,3841077,2803986,1 series Colorvu 3.0,Hikvision 1 series Colorvu 3.0,2 Years Warranty,Hikvision
DS-2CD1147G3,"1/3"" Progressive CMOS, ICR, 2560 × 1440: 25fps(P)/24fps(N), H.265+/H.265/H.264+/H.264, WDR, 3D DNR, BLC，HLC, Smart hybrid light, IR or white light ran",2496700,2496700,2496700,3841077,2803986,1 series Colorvu 3.0,Hikvision 1 series Colorvu 3.0,2 Years Warranty,Hikvision
DS-2CD1147G3-LIU,,2334100,2334100,2334100,3590923,2621374,1 series Colorvu 3.0,Hikvision 1 series Colorvu 3.0,2 Years Warranty,Hikvision
DS-2CD1347G3-LIUF,"1/3"" Progressive CMOS, ICR, 2560 × 1440: 25fps(P)/24fps(N), H.265+/H.265/H.264+/H.264, WDR, 3D DNR, BLC，HLC, Smart hybrid light, IR or white light ran",2334100,2334100,2334100,3590923,2621374,1 series Colorvu 3.0,Hikvision 1 series Colorvu 3.0,2 Years Warranty,Hikvision
DS-2CD1347G3,"1/3"" Progressive CMOS, ICR, 2560 × 1440: 25fps(P)/24fps(N), H.265+/H.265/H.264+/H.264, WDR, 3D DNR, BLC，HLC, Smart hybrid light, IR or white light ran",2334100,2334100,2334100,3590923,2621374,1 series Colorvu 3.0,Hikvision 1 series Colorvu 3.0,2 Years Warranty,Hikvision
DS-2CD1347G3-LIU,,2178900,2178900,2178900,3352154,2447072,1 series Colorvu 3.0,Hikvision 1 series Colorvu 3.0,2 Years Warranty,Hikvision
DS-2CD1T47G3-LIUF,"1/3"" Progressive CMOS, ICR, 2560 × 1440: 25fps(P)/24fps(N), H.265+/H.265/H.264+/H.264, WDR, 3D DNR, BLC，HLC, Smart hybrid light, IR or white light ran",2719900,2719900,2719900,4184462,3054657,1 series Colorvu 3.0,Hikvision 1 series Colorvu 3.0,2 Years Warranty,Hikvision
DS-2CD1T47G3,"1/3"" Progressive CMOS, ICR, 2560 × 1440: 25fps(P)/24fps(N), H.265+/H.265/H.264+/H.264, WDR, 3D DNR, BLC，HLC, Smart hybrid light, IR or white light ran",2719900,2719900,2719900,4184462,3054657,1 series Colorvu 3.0,Hikvision 1 series Colorvu 3.0,2 Years Warranty,Hikvision
DS-2CD1T47G3-LIU,,2538300,2538300,2538300,3905077,2850706,1 series Colorvu 3.0,Hikvision 1 series Colorvu 3.0,2 Years Warranty,Hikvision
DS-2CD1T47G3-LIUF/LSL,● SoundMax produces a louder alarm sound to deter trespassers ; ● HikAI-ISP for excellent noise reduction effect; ● Super clear 24/7 colorful imaging ,3037700,3037700,3037700,4673385,3411571,1 series Colorvu 3.0,Hikvision 1 series Colorvu 3.0,2 Years Warranty,Hikvision
DS-2CD1T47G3-LIU(F)/LS(L)(RB),● SoundMax produces a louder alarm sound to deter trespassers ; ● HikAI-ISP for excellent noise reduction effect; ● Super clear 24/7 colorful imaging ,3037700,3037700,3037700,4673385,3411571,1 series Colorvu 3.0,Hikvision 1 series Colorvu 3.0,2 Years Warranty,Hikvision
DS-2CD1T47G3-LIU/LSL,,2912900,2912900,2912900,4481385,3271411,1 series Colorvu 3.0,Hikvision 1 series Colorvu 3.0,2 Years Warranty,Hikvision
DS-2CD2955G0-ISU,"1/2.8"" Progressive Scan CMOS  H.265/H.264/MJPEG Powered by Darkfighter technology, Color: 0.009 lux @(F1.6, AGC ON), 0 lux with IR 50fps/60fps(1920×10",3938000,3938000,3938000,6058462,4422677,Fisheye&Guard,Hikvision Fisheye&Guard,2 Years Warranty,Hikvision
DS-2CD2126G2-IMS,"1/2.8"" Progressive Scan CMOS; H.265+/H.265/H.264+/H.264/MJPEG; Color: 0.005 Lux @ (F1.6, AGC ON), 0 lux with IR; 25fps/30fps(1920×1080); VCA functions",3435000,3435000,3435000,5284615,3857769,Fisheye&Guard,Hikvision Fisheye&Guard,2 Years Warranty,Hikvision
DS-2CD2387G2P-LSU/SL (C),"2*1/1.8"" Progressive Scan CMOS; H.265+/H.265/H.264+/H.264/MJPEG;  Color: 0.0005 lux @(F1.0, AGC ON), 0 lux with LED on;  20fps(5120×1440),VCA function",5187400,5187400,5187400,8366774,5856742,Fisheye&Guard,Hikvision Fisheye&Guard,2 Years Warranty,Hikvision
DS-2CD2387G2P,"2*1/1.8"" Progressive Scan CMOS; H.265+/H.265/H.264+/H.264/MJPEG;  Color: 0.0005 lux @(F1.0, AGC ON), 0 lux with LED on;  20fps(5120×1440),VCA function",5187400,5187400,5187400,8366774,5856742,Fisheye&Guard,Hikvision Fisheye&Guard,2 Years Warranty,Hikvision
DS-2CD2347G2P-LSU/SL (C),"2*1/2.5"" Progressive Scan CMOS; H.265+/H.265/H.264+/H.264/MJPEG;  Color: 0.0005 lux @(F1.0, AGC ON), 0 lux with LED on;  25/24fps(3040×1368),VCA funct",4344600,4344600,4344600,7007419,4905194,Fisheye&Guard,Hikvision Fisheye&Guard,2 Years Warranty,Hikvision
DS-2CD2347G2P,"2*1/2.5"" Progressive Scan CMOS; H.265+/H.265/H.264+/H.264/MJPEG;  Color: 0.0005 lux @(F1.0, AGC ON), 0 lux with LED on;  25/24fps(3040×1368),VCA funct",4344600,4344600,4344600,7007419,4905194,Fisheye&Guard,Hikvision Fisheye&Guard,2 Years Warranty,Hikvision
DS-2CD2T87G2P-LSU/SL (C),"2*1/1.8"" Progressive Scan CMOS; H.265+/H.265/H.264+/H.264/MJPEG;  Color: 0.0005 lux @(F1.0, AGC ON), 0 lux with LED on;  20fps(5120×1440),VCA function",5926300,5926300,5926300,9558548,6690984,Fisheye&Guard,Hikvision Fisheye&Guard,2 Years Warranty,Hikvision
DS-2CD2T87G2P,"2*1/1.8"" Progressive Scan CMOS; H.265+/H.265/H.264+/H.264/MJPEG;  Color: 0.0005 lux @(F1.0, AGC ON), 0 lux with LED on;  20fps(5120×1440),VCA function",5926300,5926300,5926300,9558548,6690984,Fisheye&Guard,Hikvision Fisheye&Guard,2 Years Warranty,Hikvision
DS-2CD2T47G2P-LSU/SL (C),"2*1/2.5"" Progressive Scan CMOS; H.265+/H.265/H.264+/H.264/MJPEG;  Color: 0.0005 lux @(F1.0, AGC ON), 0 lux with LED on;  25/24fps(3040×1368),VCA funct",4995000,4995000,4995000,8056452,5639516,Fisheye&Guard,Hikvision Fisheye&Guard,2 Years Warranty,Hikvision
DS-2CD2T47G2P,"2*1/2.5"" Progressive Scan CMOS; H.265+/H.265/H.264+/H.264/MJPEG;  Color: 0.0005 lux @(F1.0, AGC ON), 0 lux with LED on;  25/24fps(3040×1368),VCA funct",4995000,4995000,4995000,8056452,5639516,Fisheye&Guard,Hikvision Fisheye&Guard,2 Years Warranty,Hikvision
DS-2CD1363G2P-LIUF/SL,"2×1/2.5"" Progressive Scan CMOS stitched, up to 180° wide angle; 3632 × 1632: 20fps(P)/(N), 20:9; H.265+/H.265/H.264+/H.264, WDR, ICR, IR or white ligh",2994600,2994600,2994600,4607077,3224954,Fisheye&Guard,Hikvision Fisheye&Guard,2 Years Warranty,Hikvision
DS-2CD1T63G2P-LIUF/SL,"2×1/2.5"" Progressive Scan CMOS stitched, up to 180° wide angle; 3632 × 1632: 20fps(P)/(N), 20:9; H.265+/H.265/H.264+/H.264, WDR, ICR, IR or white ligh",3451700,3451700,3451700,5310308,3717215,Fisheye&Guard,Hikvision Fisheye&Guard,2 Years Warranty,Hikvision
DS-2CD23167G3P-LIS2UY/SL,,7715700,7715700,7715700,12444677,8711274,Fisheye&Guard,Hikvision Fisheye&Guard,2 Years Warranty,Hikvision
DS-2CD23167G3P,,7715700,7715700,7715700,12444677,8711274,Fisheye&Guard,Hikvision Fisheye&Guard,2 Years Warranty,Hikvision
DS-2CD23127G3P-LIS2UY/SL,,7011500,7011500,7011500,11308871,7916210,Fisheye&Guard,Hikvision Fisheye&Guard,2 Years Warranty,Hikvision
DS-2CD23127G3P,,7011500,7011500,7011500,11308871,7916210,Fisheye&Guard,Hikvision Fisheye&Guard,2 Years Warranty,Hikvision
DS-2CD2387G3P-LIS2UY/SL,,5841600,5841600,5841600,9421935,6595355,Fisheye&Guard,Hikvision Fisheye&Guard,2 Years Warranty,Hikvision
DS-2CD2387G3P,,5841600,5841600,5841600,9421935,6595355,Fisheye&Guard,Hikvision Fisheye&Guard,2 Years Warranty,Hikvision
DS-2CD2T167G3P-LIS2UY/SL,,8808600,8808600,8808600,14207419,9945194,Fisheye&Guard,Hikvision Fisheye&Guard,2 Years Warranty,Hikvision
DS-2CD2T167G3P,,8808600,8808600,8808600,14207419,9945194,Fisheye&Guard,Hikvision Fisheye&Guard,2 Years Warranty,Hikvision
DS-2CD2T127G3P-LIS2UY/SL,,8008100,8008100,8008100,12916290,9041403,Fisheye&Guard,Hikvision Fisheye&Guard,2 Years Warranty,Hikvision
DS-2CD2T127G3P,,8008100,8008100,8008100,12916290,9041403,Fisheye&Guard,Hikvision Fisheye&Guard,2 Years Warranty,Hikvision
DS-2CD2T87G3P-LIS2UY/SL,,6676700,6676700,6676700,10768871,7538210,Fisheye&Guard,Hikvision Fisheye&Guard,2 Years Warranty,Hikvision
DS-2CD2T87G3P,,6676700,6676700,6676700,10768871,7538210,Fisheye&Guard,Hikvision Fisheye&Guard,2 Years Warranty,Hikvision
DS-2CD2023G2-LI,"1/2.8"" Progressive Scan CMOS; H.265+/H.265/H.264+/H.264/MJPEG; Color: 0.005 Lux @ (F1.6, AGC ON), 0 lux with IR; 25fps/30fps(1920×1080); VCA functions",2530400,2530400,2530400,4081290,2856903,2xx3G2-LI,Hikvision 2xx3G2-LI,2 Years Warranty,Hikvision
DS-2CD2023G2-LI(2U),"1/2.8"" Progressive Scan CMOS; H.265+/H.265/H.264+/H.264/MJPEG; Color: 0.005 Lux @ (F1.6, AGC ON), 0 lux with IR; 25fps/30fps(1920×1080); VCA functions",2530400,2530400,2530400,4081290,2856903,2xx3G2-LI,Hikvision 2xx3G2-LI,2 Years Warranty,Hikvision
DS-2CD2023G2-LI2U,,2622800,2622800,2622800,4230323,2961226,2xx3G2-LI,Hikvision 2xx3G2-LI,2 Years Warranty,Hikvision
DS-2CD2043G2-LI,"1/3"" Progressive Scan CMOS; H.265+/H.265/H.264+/H.264/MJPEG; Color: 0.005 Lux @ (F1.6, AGC ON), 0 lux with IR; 25fps/30fps(2688×1520, 1920×1080); VCA ",2730700,2730700,2730700,4404355,3083048,2xx3G2-LI,Hikvision 2xx3G2-LI,2 Years Warranty,Hikvision
DS-2CD2043G2-LI(2U),"1/3"" Progressive Scan CMOS; H.265+/H.265/H.264+/H.264/MJPEG; Color: 0.005 Lux @ (F1.6, AGC ON), 0 lux with IR; 25fps/30fps(2688×1520, 1920×1080); VCA ",2730700,2730700,2730700,4404355,3083048,2xx3G2-LI,Hikvision 2xx3G2-LI,2 Years Warranty,Hikvision
DS-2CD2043G2-LI2U,,2819300,2819300,2819300,4547258,3183081,2xx3G2-LI,Hikvision 2xx3G2-LI,2 Years Warranty,Hikvision
DS-2CD2063G2-LI,"1/2.8"" Progressive Scan CMOS; H.265+/H.265/H.264+/H.264/MJPEG;   Color: 0.005 lux@(F1.6, AGC ON), 0 lux with IR;  20fps(3200x1800), 25fps/30fps (2688×",2861700,2861700,2861700,4615645,3230952,2xx3G2-LI,Hikvision 2xx3G2-LI,2 Years Warranty,Hikvision
DS-2CD2063G2-LI(2U),"1/2.8"" Progressive Scan CMOS; H.265+/H.265/H.264+/H.264/MJPEG;   Color: 0.005 lux@(F1.6, AGC ON), 0 lux with IR;  20fps(3200x1800), 25fps/30fps (2688×",2861700,2861700,2861700,4615645,3230952,2xx3G2-LI,Hikvision 2xx3G2-LI,2 Years Warranty,Hikvision
DS-2CD2063G2-LI2U,,2950300,2950300,2950300,4758548,3330984,2xx3G2-LI,Hikvision 2xx3G2-LI,2 Years Warranty,Hikvision
DS-2CD2123G2-LI,"1/2.8"" Progressive Scan CMOS; H.265+/H.265/H.264+/H.264/MJPEG; Color: 0.005 Lux @ (F1.6, AGC ON), 0 lux with IR; 25fps/30fps(1920×1080); VCA functions",2530400,2530400,2530400,4081290,2856903,2xx3G2-LI,Hikvision 2xx3G2-LI,2 Years Warranty,Hikvision
DS-2CD2123G2-LI(S)(2U),"1/2.8"" Progressive Scan CMOS; H.265+/H.265/H.264+/H.264/MJPEG; Color: 0.005 Lux @ (F1.6, AGC ON), 0 lux with IR; 25fps/30fps(1920×1080); VCA functions",2530400,2530400,2530400,4081290,2856903,2xx3G2-LI,Hikvision 2xx3G2-LI,2 Years Warranty,Hikvision
DS-2CD2123G2-LIS2U,,2769300,2769300,2769300,4466613,3126629,2xx3G2-LI,Hikvision 2xx3G2-LI,2 Years Warranty,Hikvision
DS-2CD2143G2-LI,"1/3"" Progressive Scan CMOS; H.265+/H.265/H.264+/H.264/MJPEG; Color: 0.005 Lux @ (F1.6, AGC ON), 0 lux with IR; 25fps/30fps(2688×1520, 1920×1080); VCA ",2730700,2730700,2730700,4404355,3083048,2xx3G2-LI,Hikvision 2xx3G2-LI,2 Years Warranty,Hikvision
DS-2CD2143G2-LI(S)(2U),"1/3"" Progressive Scan CMOS; H.265+/H.265/H.264+/H.264/MJPEG; Color: 0.005 Lux @ (F1.6, AGC ON), 0 lux with IR; 25fps/30fps(2688×1520, 1920×1080); VCA ",2730700,2730700,2730700,4404355,3083048,2xx3G2-LI,Hikvision 2xx3G2-LI,2 Years Warranty,Hikvision
DS-2CD2143G2-LIS2U,,2973300,2973300,2973300,4795645,3356952,2xx3G2-LI,Hikvision 2xx3G2-LI,2 Years Warranty,Hikvision
DS-2CD2163G2-LI,"1/2.8"" Progressive Scan CMOS; H.265+/H.265/H.264+/H.264/MJPEG;   Color: 0.005 lux@(F1.6, AGC ON), 0 lux with IR;  20fps(3200x1800), 25fps/30fps (2688×",2861700,2861700,2861700,4615645,3230952,2xx3G2-LI,Hikvision 2xx3G2-LI,2 Years Warranty,Hikvision
DS-2CD2163G2-LI(S)(2U),"1/2.8"" Progressive Scan CMOS; H.265+/H.265/H.264+/H.264/MJPEG;   Color: 0.005 lux@(F1.6, AGC ON), 0 lux with IR;  20fps(3200x1800), 25fps/30fps (2688×",2861700,2861700,2861700,4615645,3230952,2xx3G2-LI,Hikvision 2xx3G2-LI,2 Years Warranty,Hikvision
DS-2CD2163G2-LIS2U,,3115800,3115800,3115800,5025484,3517839,2xx3G2-LI,Hikvision 2xx3G2-LI,2 Years Warranty,Hikvision
DS-2CD2323G2-LI,"1/2.8"" Progressive Scan CMOS; H.265+/H.265/H.264+/H.264/MJPEG; Color: 0.005 Lux @ (F1.6, AGC ON), 0 lux with IR; 25fps/30fps(1920×1080); VCA functions",2480300,2480300,2480300,4000484,2800339,2xx3G2-LI,Hikvision 2xx3G2-LI,2 Years Warranty,Hikvision
DS-2CD2323G2-LI(2U),"1/2.8"" Progressive Scan CMOS; H.265+/H.265/H.264+/H.264/MJPEG; Color: 0.005 Lux @ (F1.6, AGC ON), 0 lux with IR; 25fps/30fps(1920×1080); VCA functions",2480300,2480300,2480300,4000484,2800339,2xx3G2-LI,Hikvision 2xx3G2-LI,2 Years Warranty,Hikvision
DS-2CD2323G2-LI2U,,2568900,2568900,2568900,4143387,2900371,2xx3G2-LI,Hikvision 2xx3G2-LI,2 Years Warranty,Hikvision
DS-2CD2343G2-LI,"1/3"" Progressive Scan CMOS; H.265+/H.265/H.264+/H.264/MJPEG; Color: 0.005 Lux @ (F1.6, AGC ON), 0 lux with IR; 25fps/30fps(2688×1520, 1920×1080); VCA ",2676700,2676700,2676700,4317258,3022081,2xx3G2-LI,Hikvision 2xx3G2-LI,2 Years Warranty,Hikvision
DS-2CD2343G2-LI(2U),"1/3"" Progressive Scan CMOS; H.265+/H.265/H.264+/H.264/MJPEG; Color: 0.005 Lux @ (F1.6, AGC ON), 0 lux with IR; 25fps/30fps(2688×1520, 1920×1080); VCA ",2676700,2676700,2676700,4317258,3022081,2xx3G2-LI,Hikvision 2xx3G2-LI,2 Years Warranty,Hikvision
DS-2CD2343G2-LI2U,,2765300,2765300,2765300,4460161,3122113,2xx3G2-LI,Hikvision 2xx3G2-LI,2 Years Warranty,Hikvision
DS-2CD2363G2-LI,"1/2.8"" Progressive Scan CMOS; H.265+/H.265/H.264+/H.264/MJPEG;   Color: 0.005 lux@(F1.6, AGC ON), 0 lux with IR;  20fps(3200x1800), 25fps/30fps (2688×",2811500,2811500,2811500,4534677,3174274,2xx3G2-LI,Hikvision 2xx3G2-LI,2 Years Warranty,Hikvision
DS-2CD2363G2-LI(2U),"1/2.8"" Progressive Scan CMOS; H.265+/H.265/H.264+/H.264/MJPEG;   Color: 0.005 lux@(F1.6, AGC ON), 0 lux with IR;  20fps(3200x1800), 25fps/30fps (2688×",2811500,2811500,2811500,4534677,3174274,2xx3G2-LI,Hikvision 2xx3G2-LI,2 Years Warranty,Hikvision
DS-2CD2363G2-LI2U,,2900100,2900100,2900100,4677581,3274306,2xx3G2-LI,Hikvision 2xx3G2-LI,2 Years Warranty,Hikvision
DS-2CD2T23G2-2LI2U,"1/2.8"" Progressive Scan CMOS; H.265+/H.265/H.264+/H.264/MJPEG; Color: 0.005 Lux @ (F1.6, AGC ON), 0 lux with IR; 25fps/30fps(1920×1080); VCA functions",2919400,2919400,2919400,4708710,3296097,2xx3G2-LI,Hikvision 2xx3G2-LI,2 Years Warranty,Hikvision
DS-2CD2T23G2-2LI(2U)/4LI(2U),"1/2.8"" Progressive Scan CMOS; H.265+/H.265/H.264+/H.264/MJPEG; Color: 0.005 Lux @ (F1.6, AGC ON), 0 lux with IR; 25fps/30fps(1920×1080); VCA functions",2919400,2919400,2919400,4708710,3296097,2xx3G2-LI,Hikvision 2xx3G2-LI,2 Years Warranty,Hikvision
DS-2CD2T23G2-4LI2U,,3065800,3065800,3065800,4944839,3461387,2xx3G2-LI,Hikvision 2xx3G2-LI,2 Years Warranty,Hikvision
DS-2CD2T43G2-2LI2U,"1/3"" Progressive Scan CMOS; H.265+/H.265/H.264+/H.264/MJPEG; Color: 0.005 Lux @ (F1.6, AGC ON), 0 lux with IR; 25fps/30fps(2688×1520, 1920×1080); VCA ",3115800,3115800,3115800,5025484,3517839,2xx3G2-LI,Hikvision 2xx3G2-LI,2 Years Warranty,Hikvision
DS-2CD2T43G2-2LI(2U)/4LI(2U),"1/3"" Progressive Scan CMOS; H.265+/H.265/H.264+/H.264/MJPEG; Color: 0.005 Lux @ (F1.6, AGC ON), 0 lux with IR; 25fps/30fps(2688×1520, 1920×1080); VCA ",3115800,3115800,3115800,5025484,3517839,2xx3G2-LI,Hikvision 2xx3G2-LI,2 Years Warranty,Hikvision
DS-2CD2T43G2-4LI2U,,3273800,3273800,3273800,5280323,3696226,2xx3G2-LI,Hikvision 2xx3G2-LI,2 Years Warranty,Hikvision
DS-2CD2T63G2-2LI2U,"1/2.8"" Progressive Scan CMOS; H.265+/H.265/H.264+/H.264/MJPEG;   Color: 0.005 lux@(F1.6, AGC ON), 0 lux with IR;  20fps(3200x1800), 25fps/30fps (2688×",3273800,3273800,3273800,5280323,3696226,2xx3G2-LI,Hikvision 2xx3G2-LI,2 Years Warranty,Hikvision
DS-2CD2T63G2-2LI(2U)/4LI(2U),"1/2.8"" Progressive Scan CMOS; H.265+/H.265/H.264+/H.264/MJPEG;   Color: 0.005 lux@(F1.6, AGC ON), 0 lux with IR;  20fps(3200x1800), 25fps/30fps (2688×",3273800,3273800,3273800,5280323,3696226,2xx3G2-LI,Hikvision 2xx3G2-LI,2 Years Warranty,Hikvision
DS-2CD2T63G2-4LI2U,,3435500,3435500,3435500,5541129,3878790,2xx3G2-LI,Hikvision 2xx3G2-LI,2 Years Warranty,Hikvision
DS-2CD2523G2-LIS2U,"1/2.8"" Progressive Scan CMOS; H.265+/H.265/H.264+/H.264/MJPEG; Color: 0.005 Lux @ (F1.6, AGC ON), 0 lux with IR; 25fps/30fps(1920×1080); VCA functions",3008000,3008000,3008000,4851613,3396129,2xx3G2-LI,Hikvision 2xx3G2-LI,2 Years Warranty,Hikvision
DS-2CD2523G2-LI(S)(2U),"1/2.8"" Progressive Scan CMOS; H.265+/H.265/H.264+/H.264/MJPEG; Color: 0.005 Lux @ (F1.6, AGC ON), 0 lux with IR; 25fps/30fps(1920×1080); VCA functions",3008000,3008000,3008000,4851613,3396129,2xx3G2-LI,Hikvision 2xx3G2-LI,2 Years Warranty,Hikvision
DS-2CD2543G2-LIS2U,"1/3"" Progressive Scan CMOS; H.265+/H.265/H.264+/H.264/MJPEG; Color: 0.005 Lux @ (F1.6, AGC ON), 0 lux with IR; 25fps/30fps(2688×1520, 1920×1080); VCA ",3235300,3235300,3235300,5218226,3652758,2xx3G2-LI,Hikvision 2xx3G2-LI,2 Years Warranty,Hikvision
DS-2CD2543G2-LI(S)(2U),"1/3"" Progressive Scan CMOS; H.265+/H.265/H.264+/H.264/MJPEG; Color: 0.005 Lux @ (F1.6, AGC ON), 0 lux with IR; 25fps/30fps(2688×1520, 1920×1080); VCA ",3235300,3235300,3235300,5218226,3652758,2xx3G2-LI,Hikvision 2xx3G2-LI,2 Years Warranty,Hikvision
DS-2CD2563G2-LIS2U,"1/3"" Progressive Scan CMOS; H.265+/H.265/H.264+/H.264/MJPEG; Color: 0.005 Lux @ (F1.6, AGC ON), 0 lux with IR; 20fps(3200x1800),25fps/30fps(2688×1520,",3481700,3481700,3481700,5615645,3930952,2xx3G2-LI,Hikvision 2xx3G2-LI,2 Years Warranty,Hikvision
DS-2CD2563G2-LI(S)(2U),"1/3"" Progressive Scan CMOS; H.265+/H.265/H.264+/H.264/MJPEG; Color: 0.005 Lux @ (F1.6, AGC ON), 0 lux with IR; 20fps(3200x1800),25fps/30fps(2688×1520,",3481700,3481700,3481700,5615645,3930952,2xx3G2-LI,Hikvision 2xx3G2-LI,2 Years Warranty,Hikvision
DS-2CD2086G2H-I,"1/1.8"" Progressive Scan CMOS; H.265+/H.265/H.264+/H.264/MJPEG;  Color: 0.0008 Lux @ (F1.0, AGC ON),0 Lux with light;  25fps/24fps(3840×2160);25fps/30 ",4190400,4190400,4190400,6758710,4731097,Darkfighter 2xx6G2H,Hikvision Darkfighter 2xx6G2H,2 Years Warranty,Hikvision
DS-2CD2086G2H,"1/1.8"" Progressive Scan CMOS; H.265+/H.265/H.264+/H.264/MJPEG;  Color: 0.0008 Lux @ (F1.0, AGC ON),0 Lux with light;  25fps/24fps(3840×2160);25fps/30 ",4444700,4444700,4444700,7168871,5018210,Live Guard 2xx6G2H SL,Hikvision Live Guard 2xx6G2H SL,2 Years Warranty,Hikvision
DS-2CD2086G2H-IU,,4290600,4290600,4290600,6920323,4844226,Darkfighter 2xx6G2H,Hikvision Darkfighter 2xx6G2H,2 Years Warranty,Hikvision
DS-2CD2046G2H-I,"1/3"" Progressive Scan CMOS; H.265+/H.265/H.264+/H.264/MJPEG;  Color: 0.001 Lux @ (F1.0, AGC ON),0 Lux with light;  25fps/30fps (2688 × 1520, 1920 × 10",3065800,3065800,3065800,4944839,3461387,Darkfighter 2xx6G2H,Hikvision Darkfighter 2xx6G2H,2 Years Warranty,Hikvision
DS-2CD2046G2H,"1/3"" Progressive Scan CMOS; H.265+/H.265/H.264+/H.264/MJPEG;  Color: 0.001 Lux @ (F1.0, AGC ON),0 Lux with light;  25fps/30fps (2688 × 1520, 1920 × 10",3296900,3296900,3296900,5317581,3722306,Live Guard 2xx6G2H SL,Hikvision Live Guard 2xx6G2H SL,2 Years Warranty,Hikvision
DS-2CD2046G2H-IU,,3169700,3169700,3169700,5112419,3578694,Darkfighter 2xx6G2H,Hikvision Darkfighter 2xx6G2H,2 Years Warranty,Hikvision
DS-2CD2186G2H-I,"1/1.8"" Progressive Scan CMOS; H.265+/H.265/H.264+/H.264/MJPEG;  Color: 0.0008 Lux @ (F1.0, AGC ON),0 Lux with light;  25fps/24fps(3840×2160);25fps/30 ",4236600,4236600,4236600,6833226,4783258,Darkfighter 2xx6G2H,Hikvision Darkfighter 2xx6G2H,2 Years Warranty,Hikvision
DS-2CD2186G2H,"1/1.8"" Progressive Scan CMOS; H.265+/H.265/H.264+/H.264/MJPEG;  Color: 0.0008 Lux @ (F1.0, AGC ON),0 Lux with light;  25fps/24fps(3840×2160);25fps/30 ",4236600,4236600,4236600,6833226,4783258,Darkfighter 2xx6G2H,Hikvision Darkfighter 2xx6G2H,2 Years Warranty,Hikvision
DS-2CD2186G2H-ISU,,4429200,4429200,4429200,7143871,5000710,Darkfighter 2xx6G2H,Hikvision Darkfighter 2xx6G2H,2 Years Warranty,Hikvision
DS-2CD2146G2H-I,"1/3"" Progressive Scan CMOS; H.265+/H.265/H.264+/H.264/MJPEG;  Color: 0.001 Lux @ (F1.0, AGC ON),0 Lux with light;  25fps/30fps (2688 × 1520, 1920 × 10",3112000,3112000,3112000,5019355,3513548,Darkfighter 2xx6G2H,Hikvision Darkfighter 2xx6G2H,2 Years Warranty,Hikvision
DS-2CD2146G2H,"1/3"" Progressive Scan CMOS; H.265+/H.265/H.264+/H.264/MJPEG;  Color: 0.001 Lux @ (F1.0, AGC ON),0 Lux with light;  25fps/30fps (2688 × 1520, 1920 × 10",3112000,3112000,3112000,5019355,3513548,Darkfighter 2xx6G2H,Hikvision Darkfighter 2xx6G2H,2 Years Warranty,Hikvision
DS-2CD2146G2H-ISU,,3316200,3316200,3316200,5348710,3744097,Darkfighter 2xx6G2H,Hikvision Darkfighter 2xx6G2H,2 Years Warranty,Hikvision
DS-2CD2386G2H-I,"1/1.8"" Progressive Scan CMOS; H.265+/H.265/H.264+/H.264/MJPEG;  Color: 0.0008 Lux @ (F1.0, AGC ON),0 Lux with light;  25fps/24fps(3840×2160);25fps/30 ",4190400,4190400,4190400,6758710,4731097,Darkfighter 2xx6G2H,Hikvision Darkfighter 2xx6G2H,2 Years Warranty,Hikvision
DS-2CD2386G2H,"1/1.8"" Progressive Scan CMOS; H.265+/H.265/H.264+/H.264/MJPEG;  Color: 0.0008 Lux @ (F1.0, AGC ON),0 Lux with light;  25fps/24fps(3840×2160);25fps/30 ",4444700,4444700,4444700,7168871,5018210,Live Guard 2xx6G2H SL,Hikvision Live Guard 2xx6G2H SL,2 Years Warranty,Hikvision
DS-2CD2386G2H-IU,,4290600,4290600,4290600,6920323,4844226,Darkfighter 2xx6G2H,Hikvision Darkfighter 2xx6G2H,2 Years Warranty,Hikvision
DS-2CD2346G2H-I,"1/3"" Progressive Scan CMOS; H.265+/H.265/H.264+/H.264/MJPEG;  Color: 0.001 Lux @ (F1.0, AGC ON),0 Lux with light;  25fps/30fps (2688 × 1520, 1920 × 10",3065800,3065800,3065800,4944839,3461387,Darkfighter 2xx6G2H,Hikvision Darkfighter 2xx6G2H,2 Years Warranty,Hikvision
DS-2CD2346G2H,"1/3"" Progressive Scan CMOS; H.265+/H.265/H.264+/H.264/MJPEG;  Color: 0.001 Lux @ (F1.0, AGC ON),0 Lux with light;  25fps/30fps (2688 × 1520, 1920 × 10",3296900,3296900,3296900,5317581,3722306,Live Guard 2xx6G2H SL,Hikvision Live Guard 2xx6G2H SL,2 Years Warranty,Hikvision
DS-2CD2346G2H-IU,,3169700,3169700,3169700,5112419,3578694,Darkfighter 2xx6G2H,Hikvision Darkfighter 2xx6G2H,2 Years Warranty,Hikvision
DS-2CD2T86G2H-2I,"1/1.8"" Progressive Scan CMOS; H.265+/H.265/H.264+/H.264/MJPEG;  Color: 0.0008 Lux @ (F1.0, AGC ON),0 Lux with light;  25fps/24fps(3840×2160);25fps/30 ",4872100,4872100,4872100,7858226,5500758,Darkfighter 2xx6G2H,Hikvision Darkfighter 2xx6G2H,2 Years Warranty,Hikvision
DS-2CD2T86G2H,"1/1.8"" Progressive Scan CMOS; H.265+/H.265/H.264+/H.264/MJPEG;  Color: 0.0008 Lux @ (F1.0, AGC ON),0 Lux with light;  25fps/24fps(3840×2160);25fps/30 ",5045500,5045500,5045500,8137903,5696532,Live Guard 2xx6G2H SL,Hikvision Live Guard 2xx6G2H SL,2 Years Warranty,Hikvision
DS-2CD2T86G2H-4I,,5014600,5014600,5014600,8088065,5661645,Darkfighter 2xx6G2H,Hikvision Darkfighter 2xx6G2H,2 Years Warranty,Hikvision
DS-2CD2T46G2H-2I,"1/3"" Progressive Scan CMOS; H.265+/H.265/H.264+/H.264/MJPEG;  Color: 0.001 Lux @ (F1.0, AGC ON),0 Lux with light;  25fps/30fps (2688 × 1520, 1920 × 10",3462500,3462500,3462500,5584677,3909274,Darkfighter 2xx6G2H,Hikvision Darkfighter 2xx6G2H,2 Years Warranty,Hikvision
DS-2CD2T46G2H,"1/3"" Progressive Scan CMOS; H.265+/H.265/H.264+/H.264/MJPEG;  Color: 0.001 Lux @ (F1.0, AGC ON),0 Lux with light;  25fps/30fps (2688 × 1520, 1920 × 10",3620400,3620400,3620400,5839355,4087548,Live Guard 2xx6G2H SL,Hikvision Live Guard 2xx6G2H SL,2 Years Warranty,Hikvision
DS-2CD2T46G2H-4I,,3608800,3608800,3608800,5820645,4074452,Darkfighter 2xx6G2H,Hikvision Darkfighter 2xx6G2H,2 Years Warranty,Hikvision
DS-2CD2686G2HT-IZS,"1/1.8"" Progressive Scan CMOS; H.265+/H.265/H.264+/H.264/MJPEG;  Color: 0.0008 Lux @ (F1.2, AGC ON),0 Lux with light 25fps/24fps(3840 × 2160, 3200 × 18",7818500,7818500,7818500,12610484,8827339,Darkfighter 2xx6G2H,Hikvision Darkfighter 2xx6G2H,2 Years Warranty,Hikvision
DS-2CD2686G2H,"1/1.8"" Progressive Scan CMOS; H.265+/H.265/H.264+/H.264/MJPEG;  Color: 0.0008 Lux @ (F1.2, AGC ON),0 Lux with light 25fps/24fps(3840 × 2160, 3200 × 18",8303800,8303800,8303800,13393226,9375258,Live Guard 2xx6G2H SL,Hikvision Live Guard 2xx6G2H SL,2 Years Warranty,Hikvision
DS-2CD2646G2HT-IZS,"1/3"" Progressive Scan CMOS; H.265+/H.265/H.264+/H.264/MJPEG;  Color: 0.001 Lux @ (F1.0, AGC ON),0 Lux with light;  25fps/30fps (2688 × 1520, 1920 × 10",6197000,6197000,6197000,9995161,6996613,Darkfighter 2xx6G2H,Hikvision Darkfighter 2xx6G2H,2 Years Warranty,Hikvision
DS-2CD2646G2H,"1/3"" Progressive Scan CMOS; H.265+/H.265/H.264+/H.264/MJPEG;  Color: 0.001 Lux @ (F1.0, AGC ON),0 Lux with light;  25fps/30fps (2688 × 1520, 1920 × 10",6547500,6547500,6547500,10560484,7392339,Live Guard 2xx6G2H SL,Hikvision Live Guard 2xx6G2H SL,2 Years Warranty,Hikvision
DS-2CD2686G2H-IZS,"1/1.8"" Progressive Scan CMOS; H.265+/H.265/H.264+/H.264/MJPEG;  Color: 0.0008 Lux @ (F1.2, AGC ON),0 Lux with light 25fps/24fps(3840 × 2160, 3200 × 18",8061100,8061100,8061100,13001774,9101242,Darkfighter 2xx6G2H,Hikvision Darkfighter 2xx6G2H,2 Years Warranty,Hikvision
DS-2CD2646G2H-IZS,"1/3"" Progressive Scan CMOS; H.265+/H.265/H.264+/H.264/MJPEG;  Color: 0.001 Lux @ (F1.0, AGC ON),0 Lux with light;  25fps/30fps (2688 × 1520, 1920 × 10",6378100,6378100,6378100,10287258,7201081,Darkfighter 2xx6G2H,Hikvision Darkfighter 2xx6G2H,2 Years Warranty,Hikvision
DS-2CD2786G2HT-IZS,"1/1.8"" Progressive Scan CMOS; H.265+/H.265/H.264+/H.264/MJPEG;  Color: 0.0008 Lux @ (F1.2, AGC ON),0 Lux with light 25fps/24fps(3840 × 2160, 3200 × 18",7818500,7818500,7818500,12610484,8827339,Darkfighter 2xx6G2H,Hikvision Darkfighter 2xx6G2H,2 Years Warranty,Hikvision
DS-2CD2786G2H,"1/1.8"" Progressive Scan CMOS; H.265+/H.265/H.264+/H.264/MJPEG;  Color: 0.0008 Lux @ (F1.2, AGC ON),0 Lux with light 25fps/24fps(3840 × 2160, 3200 × 18",7818500,7818500,7818500,12610484,8827339,Darkfighter 2xx6G2H,Hikvision Darkfighter 2xx6G2H,2 Years Warranty,Hikvision
DS-2CD2746G2HT-IZS,"1/3"" Progressive Scan CMOS; H.265+/H.265/H.264+/H.264/MJPEG;  Color: 0.001 Lux @ (F1.0, AGC ON),0 Lux with light;  25fps/30fps (2688 × 1520, 1920 × 10",6197000,6197000,6197000,9995161,6996613,Darkfighter 2xx6G2H,Hikvision Darkfighter 2xx6G2H,2 Years Warranty,Hikvision
DS-2CD2746G2H,"1/3"" Progressive Scan CMOS; H.265+/H.265/H.264+/H.264/MJPEG;  Color: 0.001 Lux @ (F1.0, AGC ON),0 Lux with light;  25fps/30fps (2688 × 1520, 1920 × 10",6197000,6197000,6197000,9995161,6996613,Darkfighter 2xx6G2H,Hikvision Darkfighter 2xx6G2H,2 Years Warranty,Hikvision
DS-2CD2786G2H-IPTRZS,"1/1.8"" Progressive Scan CMOS; H.265+/H.265/H.264+/H.264/MJPEG;  Color: 0.0008 Lux @ (F1.2, AGC ON),0 Lux with light 25fps/24fps(3840 × 2160, 3200 × 18",9193500,9193500,9193500,14828226,10379758,Darkfighter 2xx6G2H,Hikvision Darkfighter 2xx6G2H,2 Years Warranty,Hikvision
DS-2CD2786G2H-PTRZ,"1/1.8"" Progressive Scan CMOS; H.265+/H.265/H.264+/H.264/MJPEG;  Color: 0.0008 Lux @ (F1.2, AGC ON),0 Lux with light 25fps/24fps(3840 × 2160, 3200 × 18",9713400,9713400,9713400,15666774,10966742,Live Guard 2xx6G2H SL,Hikvision Live Guard 2xx6G2H SL,2 Years Warranty,Hikvision
DS-2CD2746G2H-IPTRZS,"1/3"" Progressive Scan CMOS; H.265+/H.265/H.264+/H.264/MJPEG;  Color: 0.001 Lux @ (F1.0, AGC ON),0 Lux with light;  25fps/30fps (2688 × 1520, 1920 × 10",7279300,7279300,7279300,11740806,8218565,Darkfighter 2xx6G2H,Hikvision Darkfighter 2xx6G2H,2 Years Warranty,Hikvision
DS-2CD2746G2H-PTRZ,"1/3"" Progressive Scan CMOS; H.265+/H.265/H.264+/H.264/MJPEG;  Color: 0.001 Lux @ (F1.0, AGC ON),0 Lux with light;  25fps/30fps (2688 × 1520, 1920 × 10",7660600,7660600,7660600,12355806,8649065,Live Guard 2xx6G2H SL,Hikvision Live Guard 2xx6G2H SL,2 Years Warranty,Hikvision
DS-2CD2086G2H-I2U/SL,"1/1.8"" Progressive Scan CMOS; H.265+/H.265/H.264+/H.264/MJPEG;  Color: 0.0008 Lux @ (F1.0, AGC ON),0 Lux with light;  25fps/24fps(3840×2160);25fps/30 ",4444700,4444700,4444700,7168871,5018210,Live Guard 2xx6G2H SL,Hikvision Live Guard 2xx6G2H SL,2 Years Warranty,Hikvision
DS-2CD2066G2H-I2U/SL,"1/2.4"" Progressive Scan CMOS; H.265+/H.265/H.264+/H.264/MJPEG;  Powered by Darkfighter technology, Color: 0.001lux@(F1.0, AGC ON), 0 lux with IR;   25",3470200,3470200,3470200,5597097,3917968,Live Guard 2xx6G2H SL,Hikvision Live Guard 2xx6G2H SL,2 Years Warranty,Hikvision
DS-2CD2066G2H,"1/2.4"" Progressive Scan CMOS; H.265+/H.265/H.264+/H.264/MJPEG;  Powered by Darkfighter technology, Color: 0.001lux@(F1.0, AGC ON), 0 lux with IR;   25",3470200,3470200,3470200,5597097,3917968,Live Guard 2xx6G2H SL,Hikvision Live Guard 2xx6G2H SL,2 Years Warranty,Hikvision
DS-2CD2046G2H-I2U/SL,"1/3"" Progressive Scan CMOS; H.265+/H.265/H.264+/H.264/MJPEG;  Color: 0.001 Lux @ (F1.0, AGC ON),0 Lux with light;  25fps/30fps (2688 × 1520, 1920 × 10",3296900,3296900,3296900,5317581,3722306,Live Guard 2xx6G2H SL,Hikvision Live Guard 2xx6G2H SL,2 Years Warranty,Hikvision
DS-2CD2386G2H-IS2U/SL,"1/1.8"" Progressive Scan CMOS; H.265+/H.265/H.264+/H.264/MJPEG;  Color: 0.0008 Lux @ (F1.0, AGC ON),0 Lux with light;  25fps/24fps(3840×2160);25fps/30 ",4444700,4444700,4444700,7168871,5018210,Live Guard 2xx6G2H SL,Hikvision Live Guard 2xx6G2H SL,2 Years Warranty,Hikvision
DS-2CD2366G2H-IS2U/SL,"1/2.4"" Progressive Scan CMOS; H.265+/H.265/H.264+/H.264/MJPEG;  Color: 0.001 Lux @ (F1.0, AGC ON),0 Lux with light;  25fps/30fps (3200x1800, 2688×1520",3470200,3470200,3470200,5597097,3917968,Live Guard 2xx6G2H SL,Hikvision Live Guard 2xx6G2H SL,2 Years Warranty,Hikvision
DS-2CD2366G2H,"1/2.4"" Progressive Scan CMOS; H.265+/H.265/H.264+/H.264/MJPEG;  Color: 0.001 Lux @ (F1.0, AGC ON),0 Lux with light;  25fps/30fps (3200x1800, 2688×1520",3470200,3470200,3470200,5597097,3917968,Live Guard 2xx6G2H SL,Hikvision Live Guard 2xx6G2H SL,2 Years Warranty,Hikvision
DS-2CD2346G2H-IS2U/SL,"1/3"" Progressive Scan CMOS; H.265+/H.265/H.264+/H.264/MJPEG;  Color: 0.001 Lux @ (F1.0, AGC ON),0 Lux with light;  25fps/30fps (2688 × 1520, 1920 × 10",3296900,3296900,3296900,5317581,3722306,Live Guard 2xx6G2H SL,Hikvision Live Guard 2xx6G2H SL,2 Years Warranty,Hikvision
DS-2CD2T86G2H-IS2U/SL,"1/1.8"" Progressive Scan CMOS; H.265+/H.265/H.264+/H.264/MJPEG;  Color: 0.0008 Lux @ (F1.0, AGC ON),0 Lux with light;  25fps/24fps(3840×2160);25fps/30 ",5045500,5045500,5045500,8137903,5696532,Live Guard 2xx6G2H SL,Hikvision Live Guard 2xx6G2H SL,2 Years Warranty,Hikvision
DS-2CD2T66G2H-IS2U/SL,"1/2.4"" Progressive Scan CMOS; H.265+/H.265/H.264+/H.264/MJPEG;  Color: 0.001 Lux @ (F1.0, AGC ON),0 Lux with light;  25fps/30fps (3200x1800, 2688×1520",3797500,3797500,3797500,6125000,4287500,Live Guard 2xx6G2H SL,Hikvision Live Guard 2xx6G2H SL,2 Years Warranty,Hikvision
DS-2CD2T66G2H,"1/2.4"" Progressive Scan CMOS; H.265+/H.265/H.264+/H.264/MJPEG;  Color: 0.001 Lux @ (F1.0, AGC ON),0 Lux with light;  25fps/30fps (3200x1800, 2688×1520",3797500,3797500,3797500,6125000,4287500,Live Guard 2xx6G2H SL,Hikvision Live Guard 2xx6G2H SL,2 Years Warranty,Hikvision
DS-2CD2T46G2H-IS2U/SL,"1/3"" Progressive Scan CMOS; H.265+/H.265/H.264+/H.264/MJPEG;  Color: 0.001 Lux @ (F1.0, AGC ON),0 Lux with light;  25fps/30fps (2688 × 1520, 1920 × 10",3620400,3620400,3620400,5839355,4087548,Live Guard 2xx6G2H SL,Hikvision Live Guard 2xx6G2H SL,2 Years Warranty,Hikvision
DS-2CD2686G2HT-IZS2U/SL,"1/1.8"" Progressive Scan CMOS; H.265+/H.265/H.264+/H.264/MJPEG;  Color: 0.0008 Lux @ (F1.2, AGC ON),0 Lux with light 25fps/24fps(3840 × 2160, 3200 × 18",8303800,8303800,8303800,13393226,9375258,Live Guard 2xx6G2H SL,Hikvision Live Guard 2xx6G2H SL,2 Years Warranty,Hikvision
DS-2CD2666G2HT-IZS2U/SL,"1/1.8"" Progressive Scan CMOS; H.265+/H.265/H.264+/H.264/MJPEG;  Color: 0.001 Lux @ (F1.2, AGC ON),0 Lux with light;  25fps/30fps (2688 × 1520, 1920 × ",6871100,6871100,6871100,11082419,7757694,Live Guard 2xx6G2H SL,Hikvision Live Guard 2xx6G2H SL,2 Years Warranty,Hikvision
DS-2CD2666G2H,"1/1.8"" Progressive Scan CMOS; H.265+/H.265/H.264+/H.264/MJPEG;  Color: 0.001 Lux @ (F1.2, AGC ON),0 Lux with light;  25fps/30fps (2688 × 1520, 1920 × ",6871100,6871100,6871100,11082419,7757694,Live Guard 2xx6G2H SL,Hikvision Live Guard 2xx6G2H SL,2 Years Warranty,Hikvision
DS-2CD2646G2HT-IZS2U/SL,"1/3"" Progressive Scan CMOS; H.265+/H.265/H.264+/H.264/MJPEG;  Color: 0.001 Lux @ (F1.0, AGC ON),0 Lux with light;  25fps/30fps (2688 × 1520, 1920 × 10",6547500,6547500,6547500,10560484,7392339,Live Guard 2xx6G2H SL,Hikvision Live Guard 2xx6G2H SL,2 Years Warranty,Hikvision
DS-2CD2786G2H-IPTRZS2U/SL,"1/1.8"" Progressive Scan CMOS; H.265+/H.265/H.264+/H.264/MJPEG;  Color: 0.0008 Lux @ (F1.2, AGC ON),0 Lux with light 25fps/24fps(3840 × 2160, 3200 × 18",9713400,9713400,9713400,15666774,10966742,Live Guard 2xx6G2H SL,Hikvision Live Guard 2xx6G2H SL,2 Years Warranty,Hikvision
DS-2CD2766G2H-IPTRZS2U/SL,"1/1.8"" Progressive Scan CMOS; H.265+/H.265/H.264+/H.264/MJPEG;  Color: 0.001 Lux @ (F1.2, AGC ON),0 Lux with light;  25fps/30fps (2688 × 1520, 1920 × ",8041900,8041900,8041900,12970806,9079565,Live Guard 2xx6G2H SL,Hikvision Live Guard 2xx6G2H SL,2 Years Warranty,Hikvision
DS-2CD2766G2H-PTRZ,"1/1.8"" Progressive Scan CMOS; H.265+/H.265/H.264+/H.264/MJPEG;  Color: 0.001 Lux @ (F1.2, AGC ON),0 Lux with light;  25fps/30fps (2688 × 1520, 1920 × ",8041900,8041900,8041900,12970806,9079565,Live Guard 2xx6G2H SL,Hikvision Live Guard 2xx6G2H SL,2 Years Warranty,Hikvision
DS-2CD2746G2H-IPTRZS2U/SL,"1/3"" Progressive Scan CMOS; H.265+/H.265/H.264+/H.264/MJPEG;  Color: 0.001 Lux @ (F1.0, AGC ON),0 Lux with light;  25fps/30fps (2688 × 1520, 1920 × 10",7660600,7660600,7660600,12355806,8649065,Live Guard 2xx6G2H SL,Hikvision Live Guard 2xx6G2H SL,2 Years Warranty,Hikvision
DS-2CD2087G2H-LI,"1/1.8"" Progressive Scan CMOS; H.265+/H.265/H.264+/H.264/MJPEG;  Color: 0.0005 Lux @ (F1.0, AGC ON),0 Lux with light 25fps/24fps(3840 × 2160, 3200 × 18",4448400,4448400,4448400,7174839,5022387,Colorvu+Hybrid 2xx7G2H,Hikvision Colorvu+Hybrid 2xx7G2H,2 Years Warranty,Hikvision
DS-2CD2087G2H,"1/1.8"" Progressive Scan CMOS; H.265+/H.265/H.264+/H.264/MJPEG;  Color: 0.0005 Lux @ (F1.0, AGC ON),0 Lux with light 25fps/24fps(3840 × 2160, 3200 × 18",4448400,4448400,4448400,7174839,5022387,Colorvu+Hybrid 2xx7G2H,Hikvision Colorvu+Hybrid 2xx7G2H,2 Years Warranty,Hikvision
DS-2CD2087G2H-LIU,,4533300,4533300,4533300,7311774,5118242,Colorvu+Hybrid 2xx7G2H,Hikvision Colorvu+Hybrid 2xx7G2H,2 Years Warranty,Hikvision
DS-2CD2047G2H-LI,"1/1.8"" Progressive Scan CMOS; H.265+/H.265/H.264+/H.264/MJPEG;  Color: 0.0005 Lux @ (F1.0, AGC ON),0 Lux with light 25fps/30fps(2688 × 1520, 1920 × 10",3277600,3277600,3277600,5286452,3700516,Colorvu+Hybrid 2xx7G2H,Hikvision Colorvu+Hybrid 2xx7G2H,2 Years Warranty,Hikvision
DS-2CD2047G2H,"1/1.8"" Progressive Scan CMOS; H.265+/H.265/H.264+/H.264/MJPEG;  Color: 0.0005 Lux @ (F1.0, AGC ON),0 Lux with light 25fps/30fps(2688 × 1520, 1920 × 10",3277600,3277600,3277600,5286452,3700516,Colorvu+Hybrid 2xx7G2H,Hikvision Colorvu+Hybrid 2xx7G2H,2 Years Warranty,Hikvision
DS-2CD2047G2H-LIU,,3377800,3377800,3377800,5448065,3813645,Colorvu+Hybrid 2xx7G2H,Hikvision Colorvu+Hybrid 2xx7G2H,2 Years Warranty,Hikvision
DS-2CD2187G2H-LI,"1/1.8"" Progressive Scan CMOS; H.265+/H.265/H.264+/H.264/MJPEG;  Color: 0.0008 Lux @ (F1.0, AGC ON),0 Lux with light 25fps/24fps(3840 × 2160, 3200 × 18",4448400,4448400,4448400,7174839,5022387,Colorvu+Hybrid 2xx7G2H,Hikvision Colorvu+Hybrid 2xx7G2H,2 Years Warranty,Hikvision
DS-2CD2187G2H,"1/1.8"" Progressive Scan CMOS; H.265+/H.265/H.264+/H.264/MJPEG;  Color: 0.0008 Lux @ (F1.0, AGC ON),0 Lux with light 25fps/24fps(3840 × 2160, 3200 × 18",4448400,4448400,4448400,7174839,5022387,Colorvu+Hybrid 2xx7G2H,Hikvision Colorvu+Hybrid 2xx7G2H,2 Years Warranty,Hikvision
DS-2CD2187G2H-LISU,,4625600,4625600,4625600,7460645,5222452,Colorvu+Hybrid 2xx7G2H,Hikvision Colorvu+Hybrid 2xx7G2H,2 Years Warranty,Hikvision
DS-2CD2147G2H-LI,"1/1.8"" Progressive Scan CMOS; H.265+/H.265/H.264+/H.264/MJPEG;  Color: 0.0005 Lux @ (F1.0, AGC ON),0 Lux with light 25fps/30fps(2688 × 1520, 1920 × 10",3666600,3666600,3666600,5913871,4139710,Colorvu+Hybrid 2xx7G2H,Hikvision Colorvu+Hybrid 2xx7G2H,2 Years Warranty,Hikvision
DS-2CD2147G2H,"1/1.8"" Progressive Scan CMOS; H.265+/H.265/H.264+/H.264/MJPEG;  Color: 0.0005 Lux @ (F1.0, AGC ON),0 Lux with light 25fps/30fps(2688 × 1520, 1920 × 10",3666600,3666600,3666600,5913871,4139710,Colorvu+Hybrid 2xx7G2H,Hikvision Colorvu+Hybrid 2xx7G2H,2 Years Warranty,Hikvision
DS-2CD2147G2H-LISU,,3851400,3851400,3851400,6211935,4348355,Colorvu+Hybrid 2xx7G2H,Hikvision Colorvu+Hybrid 2xx7G2H,2 Years Warranty,Hikvision
DS-2CD2387G2H-LI,"1/1.8"" Progressive Scan CMOS; H.265+/H.265/H.264+/H.264/MJPEG;  Color: 0.0008 Lux @ (F1.0, AGC ON),0 Lux with light 25fps/24fps(3840 × 2160, 3200 × 18",4448400,4448400,4448400,7174839,5022387,Colorvu+Hybrid 2xx7G2H,Hikvision Colorvu+Hybrid 2xx7G2H,2 Years Warranty,Hikvision
DS-2CD2387G2H,"1/1.8"" Progressive Scan CMOS; H.265+/H.265/H.264+/H.264/MJPEG;  Color: 0.0008 Lux @ (F1.0, AGC ON),0 Lux with light 25fps/24fps(3840 × 2160, 3200 × 18",4448400,4448400,4448400,7174839,5022387,Colorvu+Hybrid 2xx7G2H,Hikvision Colorvu+Hybrid 2xx7G2H,2 Years Warranty,Hikvision
DS-2CD2387G2H-LIU,,4625600,4625600,4625600,7460645,5222452,Colorvu+Hybrid 2xx7G2H,Hikvision Colorvu+Hybrid 2xx7G2H,2 Years Warranty,Hikvision
DS-2CD2347G2H-LI,"1/1.8"" Progressive Scan CMOS; H.265+/H.265/H.264+/H.264/MJPEG;  Color: 0.0005 Lux @ (F1.0, AGC ON),0 Lux with light 25fps/30fps(2688 × 1520, 1920 × 10",3689700,3689700,3689700,5951129,4165790,Colorvu+Hybrid 2xx7G2H,Hikvision Colorvu+Hybrid 2xx7G2H,2 Years Warranty,Hikvision
DS-2CD2347G2H,"1/1.8"" Progressive Scan CMOS; H.265+/H.265/H.264+/H.264/MJPEG;  Color: 0.0005 Lux @ (F1.0, AGC ON),0 Lux with light 25fps/30fps(2688 × 1520, 1920 × 10",3689700,3689700,3689700,5951129,4165790,Colorvu+Hybrid 2xx7G2H,Hikvision Colorvu+Hybrid 2xx7G2H,2 Years Warranty,Hikvision
DS-2CD2347G2H-LIU,,3789900,3789900,3789900,6112742,4278919,Colorvu+Hybrid 2xx7G2H,Hikvision Colorvu+Hybrid 2xx7G2H,2 Years Warranty,Hikvision
DS-2CD2T87G2H-LI,"1/1.8"" Progressive Scan CMOS; H.265+/H.265/H.264+/H.264/MJPEG;  Color: 0.0008 Lux @ (F1.0, AGC ON),0 Lux with light 25fps/24fps(3840 × 2160, 3200 × 18",5303500,5303500,5303500,8554032,5987823,Colorvu+Hybrid 2xx7G2H,Hikvision Colorvu+Hybrid 2xx7G2H,2 Years Warranty,Hikvision
DS-2CD2T87G2H,"1/1.8"" Progressive Scan CMOS; H.265+/H.265/H.264+/H.264/MJPEG;  Color: 0.0008 Lux @ (F1.0, AGC ON),0 Lux with light 25fps/24fps(3840 × 2160, 3200 × 18",5303500,5303500,5303500,8554032,5987823,Colorvu+Hybrid 2xx7G2H,Hikvision Colorvu+Hybrid 2xx7G2H,2 Years Warranty,Hikvision
DS-2CD2T47G2H-LI,"1/1.8"" Progressive Scan CMOS; H.265+/H.265/H.264+/H.264/MJPEG;  Color: 0.0005 Lux @ (F1.0, AGC ON),0 Lux with light 25fps/30fps(2688 × 1520, 1920 × 10",4363800,4363800,4363800,7038387,4926871,Colorvu+Hybrid 2xx7G2H,Hikvision Colorvu+Hybrid 2xx7G2H,2 Years Warranty,Hikvision
DS-2CD2T47G2H,"1/1.8"" Progressive Scan CMOS; H.265+/H.265/H.264+/H.264/MJPEG;  Color: 0.0005 Lux @ (F1.0, AGC ON),0 Lux with light 25fps/30fps(2688 × 1520, 1920 × 10",4363800,4363800,4363800,7038387,4926871,Colorvu+Hybrid 2xx7G2H,Hikvision Colorvu+Hybrid 2xx7G2H,2 Years Warranty,Hikvision
DS-2CD2687G2HT-LIZS,"1/1.8"" Progressive Scan CMOS; H.265+/H.265/H.264+/H.264/MJPEG;  Color: 0.0008 Lux @ (F1.2, AGC ON),0 Lux with light 25fps/24fps(3840 × 2160, 3200 × 18",8103500,8103500,8103500,13070161,9149113,Colorvu+Hybrid 2xx7G2H,Hikvision Colorvu+Hybrid 2xx7G2H,2 Years Warranty,Hikvision
DS-2CD2687G2H,"1/1.8"" Progressive Scan CMOS; H.265+/H.265/H.264+/H.264/MJPEG;  Color: 0.0008 Lux @ (F1.2, AGC ON),0 Lux with light 25fps/24fps(3840 × 2160, 3200 × 18",8103500,8103500,8103500,13070161,9149113,Colorvu+Hybrid 2xx7G2H,Hikvision Colorvu+Hybrid 2xx7G2H,2 Years Warranty,Hikvision
DS-2CD2667G2HT-LIZS,"1/1.8"" Progressive Scan CMOS; H.265+/H.265/H.264+/H.264/MJPEG;  Color: 0.0008 Lux @ (F1.2, AGC ON),0 Lux with light 25fps/30fps (3200 × 1800, 2688 × 1",7398800,7398800,7398800,11933548,8353484,Colorvu+Hybrid 2xx7G2H,Hikvision Colorvu+Hybrid 2xx7G2H,2 Years Warranty,Hikvision
DS-2CD2667G2H,"1/1.8"" Progressive Scan CMOS; H.265+/H.265/H.264+/H.264/MJPEG;  Color: 0.0008 Lux @ (F1.2, AGC ON),0 Lux with light 25fps/30fps (3200 × 1800, 2688 × 1",7398800,7398800,7398800,11933548,8353484,Colorvu+Hybrid 2xx7G2H,Hikvision Colorvu+Hybrid 2xx7G2H,2 Years Warranty,Hikvision
DS-2CD2647G2HT-LIZS,"1/1.8"" Progressive Scan CMOS; H.265+/H.265/H.264+/H.264/MJPEG;  Color: 0.0008Lux @ (F1.2, AGC ON),0 Lux with light 25fps/30fps(2688 × 1520, 1920 × 108",6963500,6963500,6963500,11231452,7862016,Colorvu+Hybrid 2xx7G2H,Hikvision Colorvu+Hybrid 2xx7G2H,2 Years Warranty,Hikvision
DS-2CD2647G2H,"1/1.8"" Progressive Scan CMOS; H.265+/H.265/H.264+/H.264/MJPEG;  Color: 0.0008Lux @ (F1.2, AGC ON),0 Lux with light 25fps/30fps(2688 × 1520, 1920 × 108",6963500,6963500,6963500,11231452,7862016,Colorvu+Hybrid 2xx7G2H,Hikvision Colorvu+Hybrid 2xx7G2H,2 Years Warranty,Hikvision
DS-2CD2787G2HT-LIZS,"1/1.8"" Progressive Scan CMOS; H.265+/H.265/H.264+/H.264/MJPEG;  Color: 0.0008 Lux @ (F1.2, AGC ON),0 Lux with light 25fps/24fps(3840 × 2160, 3200 × 18",8103500,8103500,8103500,13070161,9149113,Colorvu+Hybrid 2xx7G2H,Hikvision Colorvu+Hybrid 2xx7G2H,2 Years Warranty,Hikvision
DS-2CD2787G2H,"1/1.8"" Progressive Scan CMOS; H.265+/H.265/H.264+/H.264/MJPEG;  Color: 0.0008 Lux @ (F1.2, AGC ON),0 Lux with light 25fps/24fps(3840 × 2160, 3200 × 18",8103500,8103500,8103500,13070161,9149113,Colorvu+Hybrid 2xx7G2H,Hikvision Colorvu+Hybrid 2xx7G2H,2 Years Warranty,Hikvision
DS-2CD2767G2HT-LIZS,"1/1.8"" Progressive Scan CMOS; H.265+/H.265/H.264+/H.264/MJPEG;  Color: 0.0008 Lux @ (F1.2, AGC ON),0 Lux with light 25fps/30fps (3200 × 1800, 2688 × 1",7398800,7398800,7398800,11933548,8353484,Colorvu+Hybrid 2xx7G2H,Hikvision Colorvu+Hybrid 2xx7G2H,2 Years Warranty,Hikvision
DS-2CD2767G2H,"1/1.8"" Progressive Scan CMOS; H.265+/H.265/H.264+/H.264/MJPEG;  Color: 0.0008 Lux @ (F1.2, AGC ON),0 Lux with light 25fps/30fps (3200 × 1800, 2688 × 1",7398800,7398800,7398800,11933548,8353484,Colorvu+Hybrid 2xx7G2H,Hikvision Colorvu+Hybrid 2xx7G2H,2 Years Warranty,Hikvision
DS-2CD2747G2HT-LIZS,"1/1.8"" Progressive Scan CMOS; H.265+/H.265/H.264+/H.264/MJPEG;  Color: 0.0008 Lux @ (F1.2, AGC ON),0 Lux with light 25fps/30fps(2688 × 1520, 1920 × 10",6963500,6963500,6963500,11231452,7862016,Colorvu+Hybrid 2xx7G2H,Hikvision Colorvu+Hybrid 2xx7G2H,2 Years Warranty,Hikvision
DS-2CD2747G2H,"1/1.8"" Progressive Scan CMOS; H.265+/H.265/H.264+/H.264/MJPEG;  Color: 0.0008 Lux @ (F1.2, AGC ON),0 Lux with light 25fps/30fps(2688 × 1520, 1920 × 10",6963500,6963500,6963500,11231452,7862016,Colorvu+Hybrid 2xx7G2H,Hikvision Colorvu+Hybrid 2xx7G2H,2 Years Warranty,Hikvision
DS-2CD2787G2H-LIPTRZS,"1/1.8"" Progressive Scan CMOS; H.265+/H.265/H.264+/H.264/MJPEG;  Color: 0.0008 Lux @ (F1.2, AGC ON),0 Lux with light 25fps/24fps(3840 × 2160, 3200 × 18",9956100,9956100,9956100,16058226,11240758,Colorvu+Hybrid 2xx7G2H,Hikvision Colorvu+Hybrid 2xx7G2H,2 Years Warranty,Hikvision
DS-2CD2787G2H-PTRZ,"1/1.8"" Progressive Scan CMOS; H.265+/H.265/H.264+/H.264/MJPEG;  Color: 0.0008 Lux @ (F1.2, AGC ON),0 Lux with light 25fps/24fps(3840 × 2160, 3200 × 18",9956100,9956100,9956100,16058226,11240758,Colorvu+Hybrid 2xx7G2H,Hikvision Colorvu+Hybrid 2xx7G2H,2 Years Warranty,Hikvision
DS-2CD2767G2H-LIPTRZS,"1/1.8"" Progressive Scan CMOS; H.265+/H.265/H.264+/H.264/MJPEG;  Color: 0.0008 Lux @ (F1.2, AGC ON),0 Lux with light 25fps/30fps (3200 × 1800, 2688 × 1",9089500,9089500,9089500,14660484,10262339,Colorvu+Hybrid 2xx7G2H,Hikvision Colorvu+Hybrid 2xx7G2H,2 Years Warranty,Hikvision
DS-2CD2767G2H-PTRZ,"1/1.8"" Progressive Scan CMOS; H.265+/H.265/H.264+/H.264/MJPEG;  Color: 0.0008 Lux @ (F1.2, AGC ON),0 Lux with light 25fps/30fps (3200 × 1800, 2688 × 1",9089500,9089500,9089500,14660484,10262339,Colorvu+Hybrid 2xx7G2H,Hikvision Colorvu+Hybrid 2xx7G2H,2 Years Warranty,Hikvision
DS-2CD2747G2H-LIPTRZS,"1/1.8"" Progressive Scan CMOS; H.265+/H.265/H.264+/H.264/MJPEG;  Color: 0.0008 Lux @ (F1.2, AGC ON),0 Lux with light 25fps/30fps(2688 × 1520, 1920 × 10",8554200,8554200,8554200,13797097,9657968,Colorvu+Hybrid 2xx7G2H,Hikvision Colorvu+Hybrid 2xx7G2H,2 Years Warranty,Hikvision
DS-2CD2747G2H-PTRZ,"1/1.8"" Progressive Scan CMOS; H.265+/H.265/H.264+/H.264/MJPEG;  Color: 0.0008 Lux @ (F1.2, AGC ON),0 Lux with light 25fps/30fps(2688 × 1520, 1920 × 10",8554200,8554200,8554200,13797097,9657968,Colorvu+Hybrid 2xx7G2H,Hikvision Colorvu+Hybrid 2xx7G2H,2 Years Warranty,Hikvision
DS-2CD2087G3-LIY,● HikAI-ISP for excellent noise reduction effect; ● 24/7 colorful imaging via ColorVu technology; ● Scene-adaptive WDR; ● Focus on Person and Vehicle ,4614100,4614100,4614100,7442097,5209468,Colorvu 3.0 2xx7G3,Hikvision Colorvu 3.0 2xx7G3,2 Years Warranty,Hikvision
DS-2CD2087G3,● HikAI-ISP for excellent noise reduction effect; ● 24/7 colorful imaging via ColorVu technology; ● Scene-adaptive WDR; ● Focus on Person and Vehicle ,4614100,4614100,4614100,7442097,5209468,Colorvu 3.0 2xx7G3,Hikvision Colorvu 3.0 2xx7G3,2 Years Warranty,Hikvision
DS-2CD2087G3-LI2UY,,4706500,4706500,4706500,7591129,5313790,Colorvu 3.0 2xx7G3,Hikvision Colorvu 3.0 2xx7G3,2 Years Warranty,Hikvision
DS-2CD2047G3-LIY,● HikAI-ISP for excellent noise reduction effect; ● 24/7 colorful imaging via ColorVu technology; ● Scene-adaptive WDR; ● Focus on Person and Vehicle ,3508700,3508700,3508700,5659194,3961435,Colorvu 3.0 2xx7G3,Hikvision Colorvu 3.0 2xx7G3,2 Years Warranty,Hikvision
DS-2CD2047G3,● HikAI-ISP for excellent noise reduction effect; ● 24/7 colorful imaging via ColorVu technology; ● Scene-adaptive WDR; ● Focus on Person and Vehicle ,3508700,3508700,3508700,5659194,3961435,Colorvu 3.0 2xx7G3,Hikvision Colorvu 3.0 2xx7G3,2 Years Warranty,Hikvision
DS-2CD2047G3-LI2UY,,3624200,3624200,3624200,5845484,4091839,Colorvu 3.0 2xx7G3,Hikvision Colorvu 3.0 2xx7G3,2 Years Warranty,Hikvision
DS-2CD2187G3-LIY,● HikAI-ISP for excellent noise reduction effect; ● 24/7 colorful imaging via ColorVu technology; ● Focus on Person and Vehicle classification based o,4614100,4614100,4614100,7442097,5209468,Colorvu 3.0 2xx7G3,Hikvision Colorvu 3.0 2xx7G3,2 Years Warranty,Hikvision
DS-2CD2187G3,● HikAI-ISP for excellent noise reduction effect; ● 24/7 colorful imaging via ColorVu technology; ● Focus on Person and Vehicle classification based o,4614100,4614100,4614100,7442097,5209468,Colorvu 3.0 2xx7G3,Hikvision Colorvu 3.0 2xx7G3,2 Years Warranty,Hikvision
DS-2CD2187G3-LIS2UY,,4798900,4798900,4798900,7740161,5418113,Colorvu 3.0 2xx7G3,Hikvision Colorvu 3.0 2xx7G3,2 Years Warranty,Hikvision
DS-2CD2147G3-LIY,● HikAI-ISP for excellent noise reduction effect; ● 24/7 colorful imaging via ColorVu technology; ● Scene-adaptive WDR; ● Focus on Person and Vehicle ,3920800,3920800,3920800,6323871,4426710,Colorvu 3.0 2xx7G3,Hikvision Colorvu 3.0 2xx7G3,2 Years Warranty,Hikvision
DS-2CD2147G3,● HikAI-ISP for excellent noise reduction effect; ● 24/7 colorful imaging via ColorVu technology; ● Scene-adaptive WDR; ● Focus on Person and Vehicle ,3920800,3920800,3920800,6323871,4426710,Colorvu 3.0 2xx7G3,Hikvision Colorvu 3.0 2xx7G3,2 Years Warranty,Hikvision
DS-2CD2147G3-LIS2UY,,4124900,4124900,4124900,6653065,4657145,Colorvu 3.0 2xx7G3,Hikvision Colorvu 3.0 2xx7G3,2 Years Warranty,Hikvision
DS-2CD2387G3-LIY,● HikAI-ISP for excellent noise reduction effect; ● 24/7 colorful imaging via ColorVu technology; ● Scene-adaptive WDR; ● Focus on Person and Vehicle ,4614100,4614100,4614100,7442097,5209468,Colorvu 3.0 2xx7G3,Hikvision Colorvu 3.0 2xx7G3,2 Years Warranty,Hikvision
DS-2CD2387G3,● HikAI-ISP for excellent noise reduction effect; ● 24/7 colorful imaging via ColorVu technology; ● Scene-adaptive WDR; ● Focus on Person and Vehicle ,4614100,4614100,4614100,7442097,5209468,Colorvu 3.0 2xx7G3,Hikvision Colorvu 3.0 2xx7G3,2 Years Warranty,Hikvision
DS-2CD2387G3-LI2UY,,4798900,4798900,4798900,7740161,5418113,Colorvu 3.0 2xx7G3,Hikvision Colorvu 3.0 2xx7G3,2 Years Warranty,Hikvision
DS-2CD2347G3-LIY,● HikAI-ISP for excellent noise reduction effect; ● 24/7 colorful imaging via ColorVu technology; ● Scene-adaptive WDR; ● Focus on Person and Vehicle ,3920800,3920800,3920800,6323871,4426710,Colorvu 3.0 2xx7G3,Hikvision Colorvu 3.0 2xx7G3,2 Years Warranty,Hikvision
DS-2CD2347G3,● HikAI-ISP for excellent noise reduction effect; ● 24/7 colorful imaging via ColorVu technology; ● Scene-adaptive WDR; ● Focus on Person and Vehicle ,3920800,3920800,3920800,6323871,4426710,Colorvu 3.0 2xx7G3,Hikvision Colorvu 3.0 2xx7G3,2 Years Warranty,Hikvision
DS-2CD2347G3-LI2UY,,4028600,4028600,4028600,6497742,4548419,Colorvu 3.0 2xx7G3,Hikvision Colorvu 3.0 2xx7G3,2 Years Warranty,Hikvision
DS-2CD2T87G3-LIY,● HikAI-ISP for excellent noise reduction effect; ● 24/7 colorful imaging via ColorVu technology; ● Scene-adaptive WDR; ● Focus on Person and Vehicle ,5492300,5492300,5492300,8858548,6200984,Colorvu 3.0 2xx7G3,Hikvision Colorvu 3.0 2xx7G3,2 Years Warranty,Hikvision
DS-2CD2T87G3,● HikAI-ISP for excellent noise reduction effect; ● 24/7 colorful imaging via ColorVu technology; ● Scene-adaptive WDR; ● Focus on Person and Vehicle ,5492300,5492300,5492300,8858548,6200984,Colorvu 3.0 2xx7G3,Hikvision Colorvu 3.0 2xx7G3,2 Years Warranty,Hikvision
DS-2CD2T47G3-LIY,● HikAI-ISP for excellent noise reduction effect; ● 24/7 colorful imaging via ColorVu technology; ● Scene-adaptive WDR; ● Focus on Person and Vehicle ,4629400,4629400,4629400,7466774,5226742,Colorvu 3.0 2xx7G3,Hikvision Colorvu 3.0 2xx7G3,2 Years Warranty,Hikvision
DS-2CD2T47G3,● HikAI-ISP for excellent noise reduction effect; ● 24/7 colorful imaging via ColorVu technology; ● Scene-adaptive WDR; ● Focus on Person and Vehicle ,4629400,4629400,4629400,7466774,5226742,Colorvu 3.0 2xx7G3,Hikvision Colorvu 3.0 2xx7G3,2 Years Warranty,Hikvision
DS-2CD2087G3-LI2UY/SL,"1/1.8"" Progressive Scan CMOS; H.265+/H.265/H.264+/H.264/MJPEG;  Color: 0.0005 Lux @ (F1.0, AGC ON),0 Lux with light 25fps/24fps(3840 × 2160, 3200 × 18",4825900,4825900,4825900,7783710,5448597,Colorvu 3.0 2xx7G3 SL,Hikvision Colorvu 3.0 2xx7G3 SL,2 Years Warranty,Hikvision
DS-2CD2087G3(Two-Way Audio),"1/1.8"" Progressive Scan CMOS; H.265+/H.265/H.264+/H.264/MJPEG;  Color: 0.0005 Lux @ (F1.0, AGC ON),0 Lux with light 25fps/24fps(3840 × 2160, 3200 × 18",4825900,4825900,4825900,7783710,5448597,Colorvu 3.0 2xx7G3 SL,Hikvision Colorvu 3.0 2xx7G3 SL,2 Years Warranty,Hikvision
DS-2CD2047G3-LI2UY/SL,"1/1.8"" Progressive Scan CMOS; H.265+/H.265/H.264+/H.264/MJPEG;  Color: 0.0001 Lux @ (F1.0, AGC ON),0 Lux with light 25fps/30fps(2688 × 1520, 1920 × 10",3716600,3716600,3716600,5994516,4196161,Colorvu 3.0 2xx7G3 SL,Hikvision Colorvu 3.0 2xx7G3 SL,2 Years Warranty,Hikvision
DS-2CD2047G3(Two-Way Audio),"1/1.8"" Progressive Scan CMOS; H.265+/H.265/H.264+/H.264/MJPEG;  Color: 0.0001 Lux @ (F1.0, AGC ON),0 Lux with light 25fps/30fps(2688 × 1520, 1920 × 10",3716600,3716600,3716600,5994516,4196161,Colorvu 3.0 2xx7G3 SL,Hikvision Colorvu 3.0 2xx7G3 SL,2 Years Warranty,Hikvision
DS-2CD2387G3-LIS2UY/SL,"1/1.8"" Progressive Scan CMOS; H.265+/H.265/H.264+/H.264/MJPEG;  Color: 0.0005 Lux @ (F1.0, AGC ON),0 Lux with light 25fps/24fps(3840 × 2160, 3200 × 18",4922200,4922200,4922200,7939032,5557323,Colorvu 3.0 2xx7G3 SL,Hikvision Colorvu 3.0 2xx7G3 SL,2 Years Warranty,Hikvision
DS-2CD2387G3(Two-Way Audio),"1/1.8"" Progressive Scan CMOS; H.265+/H.265/H.264+/H.264/MJPEG;  Color: 0.0005 Lux @ (F1.0, AGC ON),0 Lux with light 25fps/24fps(3840 × 2160, 3200 × 18",4922200,4922200,4922200,7939032,5557323,Colorvu 3.0 2xx7G3 SL,Hikvision Colorvu 3.0 2xx7G3 SL,2 Years Warranty,Hikvision
DS-2CD2347G3-LIS2UY/SL,"1/1.8"" Progressive Scan CMOS; H.265+/H.265/H.264+/H.264/MJPEG;  Color: 0.0001 Lux @ (F1.0, AGC ON),0 Lux with light 25fps/30fps(2688 × 1520, 1920 × 10",4121100,4121100,4121100,6646935,4652855,Colorvu 3.0 2xx7G3 SL,Hikvision Colorvu 3.0 2xx7G3 SL,2 Years Warranty,Hikvision
DS-2CD2347G3(Two-Way Audio),"1/1.8"" Progressive Scan CMOS; H.265+/H.265/H.264+/H.264/MJPEG;  Color: 0.0001 Lux @ (F1.0, AGC ON),0 Lux with light 25fps/30fps(2688 × 1520, 1920 × 10",4121100,4121100,4121100,6646935,4652855,Colorvu 3.0 2xx7G3 SL,Hikvision Colorvu 3.0 2xx7G3 SL,2 Years Warranty,Hikvision
DS-2CD2T87G3-LIS2UY/SL,"1/1.8"" Progressive Scan CMOS; H.265+/H.265/H.264+/H.264/MJPEG;  Color: 0.0005 Lux @ (F1.0, AGC ON),0 Lux with light 25fps/24fps(3840 × 2160, 3200 × 18",5734900,5734900,5734900,9249839,6474887,Colorvu 3.0 2xx7G3 SL,Hikvision Colorvu 3.0 2xx7G3 SL,2 Years Warranty,Hikvision
DS-2CD2T87G3(Two-Way Audio),"1/1.8"" Progressive Scan CMOS; H.265+/H.265/H.264+/H.264/MJPEG;  Color: 0.0005 Lux @ (F1.0, AGC ON),0 Lux with light 25fps/24fps(3840 × 2160, 3200 × 18",5734900,5734900,5734900,9249839,6474887,Colorvu 3.0 2xx7G3 SL,Hikvision Colorvu 3.0 2xx7G3 SL,2 Years Warranty,Hikvision
DS-2CD2T47G3-LIS2UY/SL,"1/1.8"" Progressive Scan CMOS; H.265+/H.265/H.264+/H.264/MJPEG;  Color: 0.0001 Lux @ (F1.0, AGC ON),0 Lux with light 25fps/30fps(2688 × 1520, 1920 × 10",4822100,4822100,4822100,7777581,5444306,Colorvu 3.0 2xx7G3 SL,Hikvision Colorvu 3.0 2xx7G3 SL,2 Years Warranty,Hikvision
DS-2CD2T47G3(Two-Way Audio),"1/1.8"" Progressive Scan CMOS; H.265+/H.265/H.264+/H.264/MJPEG;  Color: 0.0001 Lux @ (F1.0, AGC ON),0 Lux with light 25fps/30fps(2688 × 1520, 1920 × 10",4822100,4822100,4822100,7777581,5444306,Colorvu 3.0 2xx7G3 SL,Hikvision Colorvu 3.0 2xx7G3 SL,2 Years Warranty,Hikvision
DS-2CD2687G3-LIZS2UY/SL,"1/1.8"" Progressive Scan CMOS; H.265+/H.265/H.264+/H.264/MJPEG;  Color: 0.001 Lux @ (F1.2, AGC ON),0 Lux with light 25fps/24fps(3840 × 2160, 3200 × 180",8827600,8827600,8827600,14238065,9966645,Colorvu 3.0 2xx7G3 SL,Hikvision Colorvu 3.0 2xx7G3 SL,2 Years Warranty,Hikvision
DS-2CD2687G3(Two-Way Audio),"1/1.8"" Progressive Scan CMOS; H.265+/H.265/H.264+/H.264/MJPEG;  Color: 0.001 Lux @ (F1.2, AGC ON),0 Lux with light 25fps/24fps(3840 × 2160, 3200 × 180",8827600,8827600,8827600,14238065,9966645,Colorvu 3.0 2xx7G3 SL,Hikvision Colorvu 3.0 2xx7G3 SL,2 Years Warranty,Hikvision
DS-2CD2647G3-LIZS2UY/SL,"1/1.8"" Progressive Scan CMOS; H.265+/H.265/H.264+/H.264/MJPEG;  Color: 0.0005 Lux @ (F1.2, AGC ON),0 Lux with light 25fps/30fps(2688 × 1520, 1920 × 10",7795400,7795400,7795400,12573226,8801258,Colorvu 3.0 2xx7G3 SL,Hikvision Colorvu 3.0 2xx7G3 SL,2 Years Warranty,Hikvision
DS-2CD2647G3(Two-Way Audio),"1/1.8"" Progressive Scan CMOS; H.265+/H.265/H.264+/H.264/MJPEG;  Color: 0.0005 Lux @ (F1.2, AGC ON),0 Lux with light 25fps/30fps(2688 × 1520, 1920 × 10",7795400,7795400,7795400,12573226,8801258,Colorvu 3.0 2xx7G3 SL,Hikvision Colorvu 3.0 2xx7G3 SL,2 Years Warranty,Hikvision
DS-2CD2H87G3-LIZS2UY/SL,"1/1.8"" Progressive Scan CMOS; H.265+/H.265/H.264+/H.264/MJPEG;  Color: 0.001 Lux @ (F1.2, AGC ON),0 Lux with light 25fps/24fps(3840 × 2160, 3200 × 180",8827600,8827600,8827600,14238065,9966645,Colorvu 3.0 2xx7G3 SL,Hikvision Colorvu 3.0 2xx7G3 SL,2 Years Warranty,Hikvision
DS-2CD2H87G3(Two-Way Audio),"1/1.8"" Progressive Scan CMOS; H.265+/H.265/H.264+/H.264/MJPEG;  Color: 0.001 Lux @ (F1.2, AGC ON),0 Lux with light 25fps/24fps(3840 × 2160, 3200 × 180",8827600,8827600,8827600,14238065,9966645,Colorvu 3.0 2xx7G3 SL,Hikvision Colorvu 3.0 2xx7G3 SL,2 Years Warranty,Hikvision
DS-2CD2H47G3-LIZS2UY/SL,"1/1.8"" Progressive Scan CMOS; H.265+/H.265/H.264+/H.264/MJPEG;  Color: 0.0005 Lux @ (F1.2, AGC ON),0 Lux with light 25fps/30fps(2688 × 1520, 1920 × 10",7795400,7795400,7795400,12573226,8801258,Colorvu 3.0 2xx7G3 SL,Hikvision Colorvu 3.0 2xx7G3 SL,2 Years Warranty,Hikvision
DS-2CD2H47G3(Two-Way Audio),"1/1.8"" Progressive Scan CMOS; H.265+/H.265/H.264+/H.264/MJPEG;  Color: 0.0005 Lux @ (F1.2, AGC ON),0 Lux with light 25fps/30fps(2688 × 1520, 1920 × 10",7795400,7795400,7795400,12573226,8801258,Colorvu 3.0 2xx7G3 SL,Hikvision Colorvu 3.0 2xx7G3 SL,2 Years Warranty,Hikvision
DS-2CD2787G3-LIPTRZS2UY/SL,"· Motorized Pan, Tilt, Rotate, Zoom for easy installation and monitoring · 24/7 colorful imaging via ColorVu technology · HikAI-ISP for excellent nois",10395100,10395100,10395100,16766290,11736403,Colorvu 3.0 2xx7G3 SL,Hikvision Colorvu 3.0 2xx7G3 SL,2 Years Warranty,Hikvision
DS-2CD2787G3-PTRZ,"· Motorized Pan, Tilt, Rotate, Zoom for easy installation and monitoring · 24/7 colorful imaging via ColorVu technology · HikAI-ISP for excellent nois",10395100,10395100,10395100,16766290,11736403,Colorvu 3.0 2xx7G3 SL,Hikvision Colorvu 3.0 2xx7G3 SL,2 Years Warranty,Hikvision
DS-2CD2747G3-LIPTRZS2UY/SL,"· Motorized Pan, Tilt, Rotate, Zoom for easy installation and monitoring · 24/7 colorful imaging via ColorVu technology · HikAI-ISP for excellent nois",9239700,9239700,9239700,14902742,10431919,Colorvu 3.0 2xx7G3 SL,Hikvision Colorvu 3.0 2xx7G3 SL,2 Years Warranty,Hikvision
DS-2CD2747G3-PTRZ,"· Motorized Pan, Tilt, Rotate, Zoom for easy installation and monitoring · 24/7 colorful imaging via ColorVu technology · HikAI-ISP for excellent nois",9239700,9239700,9239700,14902742,10431919,Colorvu 3.0 2xx7G3 SL,Hikvision Colorvu 3.0 2xx7G3 SL,2 Years Warranty,Hikvision
DS-2DE3404W-DE,· High quality imaging with 4 MP resolution · Clear imaging against strong back lighting due to 120 dB WDR technology · Pan and tilt ability enables c,5377500,5377500,5377500,8273077,6039346,IP PTZ,Hikvision IP PTZ,2 Years Warranty,Hikvision
DS-2DE3404,· High quality imaging with 4 MP resolution · Clear imaging against strong back lighting due to 120 dB WDR technology · Pan and tilt ability enables c,5377500,5377500,5377500,8273077,6039346,IP PTZ,Hikvision IP PTZ,2 Years Warranty,Hikvision
DS-2DE3204W-DE,"2MP, 1/2.8"" CMOS sensor, 3-inch bubble, 4X optial zoom, outdoor&indoor use, H.264 codec,  Color: 0.1lux/F2.0, B/W:0.01lux/F2.0, Angle of View: 80-33.5",4901700,4901700,4901700,7541077,5504986,IP PTZ,Hikvision IP PTZ,2 Years Warranty,Hikvision
DS-2DE3204,"2MP, 1/2.8"" CMOS sensor, 3-inch bubble, 4X optial zoom, outdoor&indoor use, H.264 codec,  Color: 0.1lux/F2.0, B/W:0.01lux/F2.0, Angle of View: 80-33.5",4901700,4901700,4901700,7541077,5504986,IP PTZ,Hikvision IP PTZ,2 Years Warranty,Hikvision
DS-2DE2C200MWG-E,"1/2.7″ Progressive Scan CMOS Color: 0.01 Lux @(F1.2，AGC ON), B/W: 0 Lux with IR 2.8 mm, horizontal FOV 105°, vertical FOV 58°, diagonal FOV 123° 4 mm,",1412300,1412300,1412300,2172769,1586122,IP PTZ,Hikvision IP PTZ,2 Years Warranty,Hikvision
DS-2DE2C200MWG dual-light,"1/2.7″ Progressive Scan CMOS Color: 0.01 Lux @(F1.2，AGC ON), B/W: 0 Lux with IR 2.8 mm, horizontal FOV 105°, vertical FOV 58°, diagonal FOV 123° 4 mm,",1412300,1412300,1412300,2172769,1586122,IP PTZ,Hikvision IP PTZ,2 Years Warranty,Hikvision
DS-2DE2C400MWG-E,"1/2.7″ Progressive Scan CMOS Color: 0.01 Lux @(F1.2，AGC ON), B/W: 0 Lux with IR 2.8 mm, horizontal FOV 94°, vertical FOV 49°, diagonal FOV 114° 4 mm, ",1525600,1525600,1525600,2347077,1713366,IP PTZ,Hikvision IP PTZ,2 Years Warranty,Hikvision
DS-2DE2C400MWG dual-light,"1/2.7″ Progressive Scan CMOS Color: 0.01 Lux @(F1.2，AGC ON), B/W: 0 Lux with IR 2.8 mm, horizontal FOV 94°, vertical FOV 49°, diagonal FOV 114° 4 mm, ",1525600,1525600,1525600,2347077,1713366,IP PTZ,Hikvision IP PTZ,2 Years Warranty,Hikvision
DS-2DE3A404IWG-E,· High quality imaging with 4 MP resolution ·  Focuses on human and vehicle targets classification based on deep learning · Excellent low-light perfor,4686400,4686400,4686400,7209846,5263188,IP PTZ,Hikvision IP PTZ,2 Years Warranty,Hikvision
DS-2DE3A404IWG,· High quality imaging with 4 MP resolution ·  Focuses on human and vehicle targets classification based on deep learning · Excellent low-light perfor,4686400,4686400,4686400,7209846,5263188,IP PTZ,Hikvision IP PTZ,2 Years Warranty,Hikvision
DS-2DE3A400BW-DE,"Accurate human and vehicle target classification and alarm, based on deep learning algorithm Support face capture. Up to 5 faces captured at the same ",4425800,4425800,4425800,6808923,4970514,IP PTZ,Hikvision IP PTZ,2 Years Warranty,Hikvision
DS-2DE3A400BW,"Accurate human and vehicle target classification and alarm, based on deep learning algorithm Support face capture. Up to 5 faces captured at the same ",4425800,4425800,4425800,6808923,4970514,IP PTZ,Hikvision IP PTZ,2 Years Warranty,Hikvision
DS-2DE2A404IW-DE3,"4MP, 1/3"" CMOS,H.265+/H.265/H.264+/H.264 codec，3D DNR, ICR,Color: 0.005lux/F1.6, B/W:0.001lux/F1.6, 4x optical zoom, Angle of View: 100° to 33° (Wide-",3666800,3666800,3666800,5641231,4118098,IP PTZ,Hikvision IP PTZ,2 Years Warranty,Hikvision
DS-2DE2A404IW,"4MP, 1/3"" CMOS,H.265+/H.265/H.264+/H.264 codec，3D DNR, ICR,Color: 0.005lux/F1.6, B/W:0.001lux/F1.6, 4x optical zoom, Angle of View: 100° to 33° (Wide-",3666800,3666800,3666800,5641231,4118098,IP PTZ,Hikvision IP PTZ,2 Years Warranty,Hikvision
DS-2DE2A404IWG1-E,"Accurate human and vehicle target classification and alarm based on deep learning algorithm 4MP, 1/2.8"" CMOS,Color: 0.005lux/F1.6, B/W:0.001lux/F1.6, ",3817900,3817900,3817900,5873692,4287795,IP PTZ,Hikvision IP PTZ,2 Years Warranty,Hikvision
DS-2DE4425IW-DE,"4MP, 1/2.5"" CMOS,H.265+/H.265/H.264+/H.264 codec, 3D DNR, True WDR,  Ultra-low light  Powerde By DarkFighter Color: 0.005lux/F1.6, B/W:0.001lux/F1.6, ",9455900,9455900,9455900,14547538,10619703,IP PTZ,Hikvision IP PTZ,2 Years Warranty,Hikvision
DS-2DE4425IW,"4MP, 1/2.5"" CMOS,H.265+/H.265/H.264+/H.264 codec, 3D DNR, True WDR,  Ultra-low light  Powerde By DarkFighter Color: 0.005lux/F1.6, B/W:0.001lux/F1.6, ",9455900,9455900,9455900,14547538,10619703,IP PTZ,Hikvision IP PTZ,2 Years Warranty,Hikvision
DS-2DE4225IW-DE,"2MP, 1/2.8"" CMOS,H.265+/H.265/H.264+/H.264 codec, 3D DNR, True WDR,  Ultra-low light  Powerde By DarkFighter Color: 0.005lux/F1.6, B/W:0.001lux/F1.6, ",8549600,8549600,8549600,13153231,9601858,IP PTZ,Hikvision IP PTZ,2 Years Warranty,Hikvision
DS-2DE4225IW,"2MP, 1/2.8"" CMOS,H.265+/H.265/H.264+/H.264 codec, 3D DNR, True WDR,  Ultra-low light  Powerde By DarkFighter Color: 0.005lux/F1.6, B/W:0.001lux/F1.6, ",8549600,8549600,8549600,13153231,9601858,IP PTZ,Hikvision IP PTZ,2 Years Warranty,Hikvision
DS-2DE4215IW-DE,"2MP, 1/3"" CMOS sensor, H.265+/H.265/H.264+/H.264 codec, Color: 0.02lux/F1.5, B/W:0.02lux/F1.5, Optical Zoom:15x, Focus:5-75.0mm, Digital Zoom:16X, Pan",6827600,6827600,6827600,10504000,7667920,IP PTZ,Hikvision IP PTZ,2 Years Warranty,Hikvision
DS-2DE4215IW,"2MP, 1/3"" CMOS sensor, H.265+/H.265/H.264+/H.264 codec, Color: 0.02lux/F1.5, B/W:0.02lux/F1.5, Optical Zoom:15x, Focus:5-75.0mm, Digital Zoom:16X, Pan",6827600,6827600,6827600,10504000,7667920,IP PTZ,Hikvision IP PTZ,2 Years Warranty,Hikvision
DS-2DE4430IW-DE,"4MP, 1/2.5"" CMOS,H.265+/H.265/H.264+/H.264 codec, 3D DNR, True WDR,  Ultra-low light  Powerde By DarkFighter Color: 0.005lux/F1.6, B/W:0.001lux/F1.6, ",7477200,7477200,7477200,11503385,8397471,IP PTZ,Hikvision IP PTZ,2 Years Warranty,Hikvision
DS-2DE4430IW,"4MP, 1/2.5"" CMOS,H.265+/H.265/H.264+/H.264 codec, 3D DNR, True WDR,  Ultra-low light  Powerde By DarkFighter Color: 0.005lux/F1.6, B/W:0.001lux/F1.6, ",7477200,7477200,7477200,11503385,8397471,IP PTZ,Hikvision IP PTZ,2 Years Warranty,Hikvision
DS-2DE4230IW-DE,"2MP, 1/2.8"" CMOS,H.265+/H.265/H.264+/H.264 codec, 3D DNR, True WDR,  Ultra-low light  Powerde By DarkFighter Color: 0.005lux/F1.6, B/W:0.001lux/F1.6, ",6759600,6759600,6759600,10399385,7591551,IP PTZ,Hikvision IP PTZ,2 Years Warranty,Hikvision
DS-2DE4230IW,"2MP, 1/2.8"" CMOS,H.265+/H.265/H.264+/H.264 codec, 3D DNR, True WDR,  Ultra-low light  Powerde By DarkFighter Color: 0.005lux/F1.6, B/W:0.001lux/F1.6, ",6759600,6759600,6759600,10399385,7591551,IP PTZ,Hikvision IP PTZ,2 Years Warranty,Hikvision
DS-2DE4A225IWG-E,· High quality imaging with 2 MP resolution · Excellent low-light performance via powered-by-DarkFighter technology · Clear imaging against strong bac,9863900,9863900,9863900,15175231,11077918,IP PTZ,Hikvision IP PTZ,2 Years Warranty,Hikvision
DS-2DE4A225IWG,· High quality imaging with 2 MP resolution · Excellent low-light performance via powered-by-DarkFighter technology · Clear imaging against strong bac,9863900,9863900,9863900,15175231,11077918,IP PTZ,Hikvision IP PTZ,2 Years Warranty,Hikvision
DS-2DE4A425IWG-E,· High quality imaging with 4 MP resolution · Excellent low-light performance via powered-by-DarkFighter technology · Clear imaging against strong bac,11219500,11219500,11219500,17260769,12600362,IP PTZ,Hikvision IP PTZ,2 Years Warranty,Hikvision
DS-2DE4A425IWG,· High quality imaging with 4 MP resolution · Excellent low-light performance via powered-by-DarkFighter technology · Clear imaging against strong bac,11219500,11219500,11219500,17260769,12600362,IP PTZ,Hikvision IP PTZ,2 Years Warranty,Hikvision
DS-2DE5225W-AE,"● 1/2.8"" Progressive Scan CMOS ● High quality imaging with 2 MP resolution ● Excellent low-light performance with powered-by-DarkFighter technology ● ",10199900,10199900,10199900,15692154,11455272,IP PTZ,Hikvision IP PTZ,2 Years Warranty,Hikvision
DS-2DE5225W,"● 1/2.8"" Progressive Scan CMOS ● High quality imaging with 2 MP resolution ● Excellent low-light performance with powered-by-DarkFighter technology ● ",10199900,10199900,10199900,15692154,11455272,IP PTZ,Hikvision IP PTZ,2 Years Warranty,Hikvision
DS-2SE4C215MWG-E(12F0),Captures a large area and great details at the same time High quality imaging with 2 MP resolution Excellent low-light performance with powered-by-Dar,8538400,8538400,8538400,13136000,9589280,IP PTZ,Hikvision IP PTZ,2 Years Warranty,Hikvision
DS-2SE4C215MWG,Captures a large area and great details at the same time High quality imaging with 2 MP resolution Excellent low-light performance with powered-by-Dar,8538400,8538400,8538400,13136000,9589280,IP PTZ,Hikvision IP PTZ,2 Years Warranty,Hikvision
DS-2SE4C225MWG-E/12(F0),"Bullet lens: Accurate human and vehicle target classification, alarm,based on deep learning algorithm 1/3"" Progressive Scan CMOS Up to 1920 × 1080@30f",10513400,10513400,10513400,16174462,11807357,IP PTZ,Hikvision IP PTZ,2 Years Warranty,Hikvision
DS-2SE4C225MWG,Captures a large area and great details at the same time High quality imaging with 2 MP resolution Excellent low-light performance with powered-by-Dar,10513400,10513400,10513400,16174462,11807357,IP PTZ,Hikvision IP PTZ,2 Years Warranty,Hikvision
DS-2SE4C415MWG-E(14F0),Captures a large area and great details at the same time High quality imaging with 4 MP resolution Excellent low-light performance with powered-by-Dar,10056500,10056500,10056500,15471538,11294223,IP PTZ,Hikvision IP PTZ,2 Years Warranty,Hikvision
DS-2SE4C415MWG,Captures a large area and great details at the same time High quality imaging with 4 MP resolution Excellent low-light performance with powered-by-Dar,10056500,10056500,10056500,15471538,11294223,IP PTZ,Hikvision IP PTZ,2 Years Warranty,Hikvision
DS-2SE4C425MWG-E(14F0),Captures a large area and great details at the same time High quality imaging with 4 MP resolution Excellent low-light performance with powered-by-Dar,10966500,10966500,10966500,16871538,12316223,IP PTZ,Hikvision IP PTZ,2 Years Warranty,Hikvision
DS-2SE4C425MWG,Captures a large area and great details at the same time High quality imaging with 4 MP resolution Excellent low-light performance with powered-by-Dar,10966500,10966500,10966500,16871538,12316223,IP PTZ,Hikvision IP PTZ,2 Years Warranty,Hikvision
DS-2SE3C204MWG-E/12,"Captures a large area and great details at the same time 2MP 1/2.8"" progressive scan CMOS,H.265+/H.265; [PTZ channel]: IR Distance: up to 40 m;4x opti",4743200,4743200,4743200,7297231,5326978,IP PTZ,Hikvision IP PTZ,2 Years Warranty,Hikvision
DS-2SE3C404MWG-E/14,"Captures a large area and great details at the same time 4MP 1/2.8"" progressive scan CMOS,H.265+/H.265; [PTZ channel]: IR Distance: up to 40 m;4x opti",5222700,5222700,5222700,8034923,5865494,IP PTZ,Hikvision IP PTZ,2 Years Warranty,Hikvision
DS-2SE4C225MWG-E/12 with bracket,"Bullet lens: Accurate human and vehicle target classification, alarm,based on deep learning algorithm 1/3"" Progressive Scan CMOS Up to 1920 × 1080@30f",10513400,10513400,10513400,16174462,11807357,IP PTZ,Hikvision IP PTZ,2 Years Warranty,Hikvision
DS-2SE4C425MWG-E/14(F0),"Bullet lens: Accurate human and vehicle target classification, alarm,based on deep learning algorithm 1/3"" Progressive Scan CMOS Up to 2560 × 1440@30f",11476300,11476300,11476300,17655846,12888768,IP PTZ,Hikvision IP PTZ,2 Years Warranty,Hikvision
DS-2SE4C425MWG-E/14 with bracket,"Bullet lens: Accurate human and vehicle target classification, alarm,based on deep learning algorithm 1/3"" Progressive Scan CMOS Up to 2560 × 1440@30f",11476300,11476300,11476300,17655846,12888768,IP PTZ,Hikvision IP PTZ,2 Years Warranty,Hikvision
DS-2DE5425WG1-E,"AI-ISP/AI -FOCUS/VR image Accurate human and vehicle target classification, alarm, and  tracking based on deep learning algorithm Support face capture",9539100,9539100,9539100,14675538,10713143,IP PTZ,Hikvision IP PTZ,2 Years Warranty,Hikvision
DS-2DE5425WG1 with bracket,"AI-ISP/AI -FOCUS/VR image Accurate human and vehicle target classification, alarm, and  tracking based on deep learning algorithm Support face capture",9539100,9539100,9539100,14675538,10713143,IP PTZ,Hikvision IP PTZ,2 Years Warranty,Hikvision
DS-2DE5432WG1-E,"AI-ISP/AI -FOCUS/VR image Accurate human and vehicle target classification, alarm, and  tracking based on deep learning algorithm Support face capture",12813100,12813100,12813100,19712462,14390097,IP PTZ,Hikvision IP PTZ,2 Years Warranty,Hikvision
DS-2DE5432WG1 with bracket,"AI-ISP/AI -FOCUS/VR image Accurate human and vehicle target classification, alarm, and  tracking based on deep learning algorithm Support face capture",12813100,12813100,12813100,19712462,14390097,IP PTZ,Hikvision IP PTZ,2 Years Warranty,Hikvision
DS-2DE4225IWG1-E,"AI-ISP/AI -FOCUS/VR image Accurate human and vehicle target classification, alarm, and  tracking based on deep learning algorithm Support face capture",8919700,8919700,8919700,13722615,10017509,IP PTZ,Hikvision IP PTZ,2 Years Warranty,Hikvision
DS-2DE4225IWG1-E with bracket,"AI-ISP/AI -FOCUS/VR image Accurate human and vehicle target classification, alarm, and  tracking based on deep learning algorithm Support face capture",8919700,8919700,8919700,13722615,10017509,IP PTZ,Hikvision IP PTZ,2 Years Warranty,Hikvision
DS-2DE4425IWG1-E,"AI-ISP/AI -FOCUS/VR image Accurate human and vehicle target classification, alarm, and  tracking based on deep learning algorithm Support face capture",9829900,9829900,9829900,15122923,11039734,IP PTZ,Hikvision IP PTZ,2 Years Warranty,Hikvision
DS-2DE4425IWG1-E with bracket,"AI-ISP/AI -FOCUS/VR image Accurate human and vehicle target classification, alarm, and  tracking based on deep learning algorithm Support face capture",9829900,9829900,9829900,15122923,11039734,IP PTZ,Hikvision IP PTZ,2 Years Warranty,Hikvision
DS-2DE4A225IWG1-E,"AI-ISP/AI -FOCUS/VR image Accurate human and vehicle target classification, alarm, and  tracking based on deep learning algorithm Support face capture",10203600,10203600,10203600,15697846,11459428,IP PTZ,Hikvision IP PTZ,2 Years Warranty,Hikvision
DS-2DE4A425IWG1-E,"AI-ISP/AI -FOCUS/VR image Accurate human and vehicle target classification, alarm, and  tracking based on deep learning algorithm Support face capture",11616000,11616000,11616000,17870769,13045662,IP PTZ,Hikvision IP PTZ,2 Years Warranty,Hikvision
DS-7604NXI-K1/Vpro,Up to 4-ch AcuSeek and AcuSearch function Adopt Hikvision AcuSense technology to minimize manual effort and security costs Accurate perimeter protecti,3785400,3785400,3785400,6105484,4273839, AcuSeek NVR,Hikvision  AcuSeek NVR,2 Years Warranty,Hikvision
DS-7604NXI-K1/4P/Vpro,Up to 4-ch AcuSeek and AcuSearch function  Adopt Hikvision AcuSense technology to minimize manual effort and security costs  Accurate perimeter protec,5236500,5236500,5236500,8445968,5912177, AcuSeek NVR,Hikvision  AcuSeek NVR,2 Years Warranty,Hikvision
DS-7608NXI-K1/Vpro,Up to 8-ch AcuSeek and AcuSearch function  Adopt Hikvision AcuSense technology to minimize manual effort and security costs  Accurate perimeter protec,4286300,4286300,4286300,6913387,4839371, AcuSeek NVR,Hikvision  AcuSeek NVR,2 Years Warranty,Hikvision
DS-7608NXI-K1/8P/Vpro,Up to 8-ch AcuSeek and AcuSearch function  Adopt Hikvision AcuSense technology to minimize manual effort and security costs  Accurate perimeter protec,7054300,7054300,7054300,11377903,7964532, AcuSeek NVR,Hikvision  AcuSeek NVR,2 Years Warranty,Hikvision
DS-7616NXI-K1/Vpro,Up to 16-ch AcuSeek and AcuSearch function  Adopt Hikvision AcuSense technology to minimize manual effort and security costs  Accurate perimeter prote,5039400,5039400,5039400,8128065,5689645, AcuSeek NVR,Hikvision  AcuSeek NVR,2 Years Warranty,Hikvision
DS-7608NXI-K2/Vpro,Up to 8-ch AcuSeek and AcuSearch function  Adopt Hikvision AcuSense technology to minimize manual effort and security costs  Accurate perimeter protec,5417900,5417900,5417900,8738548,6116984, AcuSeek NVR,Hikvision  AcuSeek NVR,2 Years Warranty,Hikvision
DS-7608NXI-K2/8P/Vpro,Up to 8-ch AcuSeek and AcuSearch function  Adopt Hikvision AcuSense technology to minimize manual effort and security costs  Accurate perimeter protec,9136300,9136300,9136300,14735968,10315177, AcuSeek NVR,Hikvision  AcuSeek NVR,2 Years Warranty,Hikvision
DS-7616NXI-K2/Vpro,Up to 16-ch AcuSeek and AcuSearch function  Adopt Hikvision AcuSense technology to minimize manual effort and security costs  Accurate perimeter prote,6616700,6616700,6616700,10672097,7470468, AcuSeek NVR,Hikvision  AcuSeek NVR,2 Years Warranty,Hikvision
DS-7616NXI-K2/16P/Vpro,Up to 16-ch AcuSeek and AcuSearch function  Adopt Hikvision Acusense technology to minimize manual effort and security costs  Accurate perimeter prote,12286900,12286900,12286900,19817581,13872306, AcuSeek NVR,Hikvision  AcuSeek NVR,2 Years Warranty,Hikvision
DS-7632NXI-K2/VPro,Up to 32-ch AcuSeek and AcuSearch function  Adopt Hikvision AcuSense technology to minimize manual effort and security costs  Accurate perimeter prote,9014100,9014100,9014100,14538871,10177210, AcuSeek NVR,Hikvision  AcuSeek NVR,2 Years Warranty,Hikvision
DS-7632NXI-K2/16P/Vpro,Up to 32-ch AcuSeek and AcuSearch function  Accurate perimeter protection effectively reduces false alarms  Adopt Hikvision Acusense technology to min,14487100,14487100,14487100,23366290,16356403, AcuSeek NVR,Hikvision  AcuSeek NVR,2 Years Warranty,Hikvision
DS-7716NXI-K4/Vpro,Up to 16-ch AcuSeek and AcuSearch function  Adopt Hikvision AcuSense technology to minimize manual effort and security costs  Accurate perimeter prote,11344500,11344500,11344500,18297581,12808306, AcuSeek NVR,Hikvision  AcuSeek NVR,2 Years Warranty,Hikvision
DS-7716NXI-K4/16P/Vpro,Up to 16-ch AcuSeek and AcuSearch function  Adopt Hikvision AcuSense technology to minimize manual effort and security costs  Accurate perimeter prote,17002900,17002900,17002900,27424032,19196823, AcuSeek NVR,Hikvision  AcuSeek NVR,2 Years Warranty,Hikvision
DS-7732NXI-K4/VPro,Up to 32-ch AcuSeek and AcuSearch function  Adopt Hikvision AcuSense technology to minimize manual effort and security costs  Accurate perimeter prote,13229300,13229300,13229300,21337581,14936306, AcuSeek NVR,Hikvision  AcuSeek NVR,2 Years Warranty,Hikvision
DS-7732NXI-K4/16P/VPro,Up to 32-ch AcuSeek and AcuSearch function  Adopt Hikvision AcuSense technology to minimize manual effort and security costs  Accurate perimeter prote,19522500,19522500,19522500,31487903,22041532, AcuSeek NVR,Hikvision  AcuSeek NVR,2 Years Warranty,Hikvision
DS-7104NI-Q1/M,"40Mbps Bit Rate Input Max (up to 4-ch IP video), 1 SATA interface, mini 1U case(Metal)",1187100,1187100,1187100,1695857,1339727,NVR,Hikvision NVR,2 Years Warranty,Hikvision
DS-7104NI-Q1/4P/M,"40Mbps Bit Rate Input Max (up to 4-ch IP video) 1 SATA interface, 4 independent PoE network interfaces, mini 1U case(Metal)",1968500,1968500,1968500,2812143,2221593,NVR,Hikvision NVR,2 Years Warranty,Hikvision
DS-7108NI-Q1/M,"60Mbps Bit Rate Input Max (up to 8-ch IP video), 1 SATA interface, mini 1U case(Metal)",1448900,1448900,1448900,2069857,1635187,NVR,Hikvision NVR,2 Years Warranty,Hikvision
DS-7108NI-Q1/8P/M,"60Mbps Bit Rate Input Max (up to 8-ch IP video) 1 SATA interface, 8 independent PoE network interfaces, mini 1U case(Metal)",2764900,2764900,2764900,3949857,3120387,NVR,Hikvision NVR,2 Years Warranty,Hikvision
DS-7604NI-Q1(E),"HDD direct insertion design for easy installation 4-channels Motion Detection 2.0 40Mbps Bit Rate Input Max (up to 4-ch IP video), 1 SATA interfaces, ",1912300,1912300,1912300,2731857,2158167,NVR,Hikvision NVR,2 Years Warranty,Hikvision
DS-7604NI-Q1/4P(E),"HDD direct insertion design for easy installation 4-channels Motion Detection 2.0 40Mbps Bit Rate Input Max (up to 4-ch IP video), 1 SATA interfaces, ",2906700,2906700,2906700,4152429,3280419,NVR,Hikvision NVR,2 Years Warranty,Hikvision
DS-7608NI-Q1(E),"HDD direct insertion design for easy installation 4-channels Motion Detection 2.0 80Mbps Bit Rate Input Max (up to 8-ch IP video), 1 SATA interfaces, ",2175200,2175200,2175200,3346462,2342523,NVR,Hikvision NVR,2 Years Warranty,Hikvision
DS-7608NI-Q1/8P(E),"HDD direct insertion design for easy installation 4-channels Motion Detection 2.0 80Mbps Bit Rate Input Max (up to 8-ch IP video), 1 SATA interfaces, ",4045700,4045700,4045700,6224154,4356908,NVR,Hikvision NVR,2 Years Warranty,Hikvision
DS-7616NI-Q1(E),"HDD direct insertion design for easy installation 4-channels Motion Detection 2.0 160Mbps Bit Rate Input Max (up to 16-ch IP video), 1 SATA interfaces",2480000,2480000,2480000,3815385,2670769,NVR,Hikvision NVR,2 Years Warranty,Hikvision
DS-7608NI-Q2(E),"HDD direct insertion design for easy installation 4-channels Motion Detection 2.0 80Mbps Input, Max (up to 8-ch IP video) 2 SATA interfaces 380 1U min",2628600,2628600,2628600,4044000,2830800,NVR,Hikvision NVR,2 Years Warranty,Hikvision
DS-7608NI-Q2/8P(E),"HDD direct insertion design for easy installation 4-channels Motion Detection 2.0 80Mbps Input, Max (up to 8-ch IP video) 2 SATA interfaces 380 1U min",4335200,4335200,4335200,6669538,4668677,NVR,Hikvision NVR,2 Years Warranty,Hikvision
DS-7616NI-Q2(E),"HDD direct insertion design for easy installation 4-channels Motion Detection 2.0 160Mbps Input, Max (up to 16-ch IP video) 2 SATA interfaces 380 1U m",2956200,2956200,2956200,4548000,3183600,NVR,Hikvision NVR,2 Years Warranty,Hikvision
DS-7616NI-Q2/16P(E),"HDD direct insertion design for easy installation 4-channels Motion Detection 2.0 160Mbps Input, Max (up to 16-ch IP video) 2 SATA interfaces 380 1U m",5897100,5897100,5897100,9072462,6350723,NVR,Hikvision NVR,2 Years Warranty,Hikvision
DS-7604NXI-K1(E),All-channels AcuSearch&Smart Search**. All-channels Motion Detection 2.0. Up to 2 channels video stream (4MP) Perimeter Protection. Facial Recognition,2601700,2601700,2601700,4196290,2937403,NVR,Hikvision NVR,2 Years Warranty,Hikvision
DS-7604NXI-K1/4P(E),All-channels AcuSearch&Smart Search**. All-channels Motion Detection 2.0. Up to 2 channels video stream (4MP) Perimeter Protection. Facial Recognition,3816000,3816000,3816000,6154839,4308387,NVR,Hikvision NVR,2 Years Warranty,Hikvision
DS-7608NXI-K1(E),All-channels AcuSearch&Smart Search**. All-channels Motion Detection 2.0. Up to 2 channels video stream (4MP) Perimeter Protection. Facial Recognition,2901400,2901400,2901400,4679677,3275774,NVR,Hikvision NVR,2 Years Warranty,Hikvision
DS-7608NXI-K1/8P(E),All-channels AcuSearch&Smart Search**. All-channels Motion Detection 2.0. Up to 2 channels video stream (4MP) Perimeter Protection. Facial Recognition,5107200,5107200,5107200,8237419,5766194,NVR,Hikvision NVR,2 Years Warranty,Hikvision
DS-7616NXI-K1(E),All-channels AcuSearch&Smart Search**. All-channels Motion Detection 2.0. Up to 2 channels video stream (4MP) Perimeter Protection. Facial Recognition,3397100,3397100,3397100,5479194,3835435,NVR,Hikvision NVR,2 Years Warranty,Hikvision
DS-7608NXI-K2(E),All-channels AcuSearch&Smart Search**. All-channels Motion Detection 2.0. Up to 2 channels video stream (4MP) Perimeter Protection. Facial Recognition,3708400,3708400,3708400,5981290,4186903,NVR,Hikvision NVR,2 Years Warranty,Hikvision
DS-7608NXI-K2/8P(E),All-channels AcuSearch&Smart Search**. All-channels Motion Detection 2.0. Up to 2 channels video stream (4MP) Perimeter Protection. Facial Recognition,6294600,6294600,6294600,10152581,7106806,NVR,Hikvision NVR,2 Years Warranty,Hikvision
DS-7616NXI-K2(E),All-channels AcuSearch&Smart Search**. All-channels Motion Detection 2.0. Up to 2 channels video stream (4MP) Perimeter Protection. Facial Recognition,4523100,4523100,4523100,7295323,5106726,NVR,Hikvision NVR,2 Years Warranty,Hikvision
DS-7616NXI-K2/16P(E),All-channels AcuSearch&Smart Search**. All-channels Motion Detection 2.0. Up to 2 channels video stream (4MP) Perimeter Protection. Facial Recognition,8527400,8527400,8527400,13753871,9627710,NVR,Hikvision NVR,2 Years Warranty,Hikvision
DS-7632NXI-K2(E),All-channels AcuSearch&Smart Search**. All-channels Motion Detection 2.0. Up to 2 channels video stream (4MP) Perimeter Protection. Facial Recognition,7071000,7071000,7071000,11404839,7983387,NVR,Hikvision NVR,2 Years Warranty,Hikvision
DS-7632NXI-K2/16P(E),All-channels AcuSearch&Smart Search**. All-channels Motion Detection 2.0. Up to 2 channels video stream (4MP) Perimeter Protection. Facial Recognition,11006100,11006100,11006100,17751774,12426242,NVR,Hikvision NVR,2 Years Warranty,Hikvision
DS-7716NXI-K4(E),All-channels AcuSearch&Smart Search**. All-channels Motion Detection 2.0. Up to 2 channels video stream (4MP) Perimeter Protection. Facial Recognition,8093200,8093200,8093200,13053548,9137484,NVR,Hikvision NVR,2 Years Warranty,Hikvision
DS-7716NXI-K4/16P(E),All-channels AcuSearch&Smart Search**. All-channels Motion Detection 2.0. Up to 2 channels video stream (4MP) Perimeter Protection. Facial Recognition,11838600,11838600,11838600,19094516,13366161,NVR,Hikvision NVR,2 Years Warranty,Hikvision
DS-7732NXI-K4(E),All-channels AcuSearch&Smart Search**. All-channels Motion Detection 2.0. Up to 2 channels video stream (4MP) Perimeter Protection. Facial Recognition,10532800,10532800,10532800,16988387,11891871,NVR,Hikvision NVR,2 Years Warranty,Hikvision
DS-7732NXI-K4/16P(E),All-channels AcuSearch&Smart Search**. All-channels Motion Detection 2.0. Up to 2 channels video stream (4MP) Perimeter Protection. Facial Recognition,14106300,14106300,14106300,22752097,15926468,NVR,Hikvision NVR,2 Years Warranty,Hikvision
DS-7608NI-M2,"128Mbps Bit Rate Input Max(up to 8-ch IP video),8x8MP decoding capability,HDMI up to 8K, 2 SATA Interfaces, alarm I/O: 4/1, 380 1U case",5849000,5849000,5849000,9433871,6603710,NVR,Hikvision NVR,2 Years Warranty,Hikvision
DS-7608NI-M2/8P,"128Mbps Bit Rate Input Max(up to 8-ch IP video),8x8MP decoding capability,HDMI up to 8K, 2 SATA Interfaces, 8 independent PoE network interfaces, alar",8022800,8022800,8022800,12940000,9058000,NVR,Hikvision NVR,2 Years Warranty,Hikvision
DS-7616NI-M2,"256Mbps Bit Rate Input Max(up to 16-ch IP video),16x4MP decoding capability,HDMI up to 8K, 2 SATA Interfaces, alarm I/O: 4/1, 380 1U case",6873300,6873300,6873300,11085968,7760177,NVR,Hikvision NVR,2 Years Warranty,Hikvision
DS-7616NI-M2/16P,"256Mbps Bit Rate Input Max(up to 16-ch IP video),16x4MP decoding capability,HDMI up to 8K, 2 SATA Interfaces, 16 independent PoE network interfaces, a",10888600,10888600,10888600,17562258,12293581,NVR,Hikvision NVR,2 Years Warranty,Hikvision
DS-7716NI-M4,"256Mbps Bit Rate Input Max(up to 16-ch IP video),16x4MP decoding capability, 4 SATA Interfaces,2 HDMI ouputs(up to 8K),1 eSATA, alarm I/O: 16/9, 1.5U ",11494600,11494600,11494600,18539677,12977774,NVR,Hikvision NVR,2 Years Warranty,Hikvision
DS-7716NI-M4/16P,"256Mbps Bit Rate Input Max(up to 16-ch IP video),16x4MP decoding capability, 4 SATA Interfaces,2 HDMI ouputs(up to 8K),1 eSATA,16 independent PoE netw",14974400,14974400,14974400,24152258,16906581,NVR,Hikvision NVR,2 Years Warranty,Hikvision
DS-7732NI-M4,"320Mbps Bit Rate Input Max(up to 32-ch IP video), 32x2MP decoding capability, 4 SATA Interfaces, 2 HDMI ouputs(up to 8K),1 eSATA,alarm I/O: 16/9, 1.5U",13152400,13152400,13152400,21213548,14849484,NVR,Hikvision NVR,2 Years Warranty,Hikvision
DS-7732NI-M4/16P,"320Mbps Bit Rate Input Max(up to 32-ch IP video), 32x2MP decoding capability, 4 SATA Interfaces, 2 HDMI ouputs(up to 8K),1 eSATA,16 independent PoE ne",18074700,18074700,18074700,29152742,20406919,NVR,Hikvision NVR,2 Years Warranty,Hikvision
DS-7716NXI-I4/S,False alarm reduction for up to 4-ch 1080P; Facial Recognition for up to 4 channels picture stream or 1 channels video stream; * Facial recognition an,11971600,11971600,11971600,19309032,13516323,NVR,Hikvision NVR,2 Years Warranty,Hikvision
DS-7716NXI-I4/16P/S,False alarm reduction for up to 4-ch 1080P; Facial Recognition for up to 4 channels picture stream or 1 channels video stream; * Facial recognition an,15029000,15029000,15029000,24240323,16968226,NVR,Hikvision NVR,2 Years Warranty,Hikvision
DS-7732NXI-I4/S,False alarm reduction for up to 4-ch 1080P; Facial Recognition for up to 4 channels picture stream or 1 channels video stream; * Facial recognition an,13539400,13539400,13539400,21837742,15286419,NVR,Hikvision NVR,2 Years Warranty,Hikvision
DS-7732NXI-I4/16P/S,False alarm reduction for up to 4-ch 1080P; Facial Recognition for up to 4 channels picture stream or 1 channels video stream; * Facial recognition an,17644600,17644600,17644600,28459032,19921323,NVR,Hikvision NVR,2 Years Warranty,Hikvision
DS-2CE16D0T-LPTS,"2MP CMOS Sensor, 1080P@25fps(P)(Default)/30fps(N),EXIR, 30m IR+20m White Light, Outdoor Smart-hybrid-light Bullet, ICR, 0.01 Lux/F1.2, 12 VDC, Smart I",501700,501700,501700,771846,563448,Two-way Audio Turbo HD 8,Hikvision Two-way Audio Turbo HD 8,2 Years Warranty,Hikvision
DS-2CE78D0T-LPTS,"2MP CMOS Sensor, 1080P@25fps(P)(Default)/30fps(N),EXIR, 30m IR+20m White Light, Outdoor Smart-hybrid-light Turret, ICR, 0.01 Lux/F1.2, 12 VDC, Smart I",516200,516200,516200,794154,579732,Two-way Audio Turbo HD 8,Hikvision Two-way Audio Turbo HD 8,2 Years Warranty,Hikvision
DS-2CE78D0T-LTS,"2MP CMOS Sensor, 1080P@25fps(P)(Default)/30fps(N),EXIR, 30m IR+20m White Light, Outdoor Smart-hybrid-light Turret, ICR, 0.01 Lux/F1.2, 12 VDC, Smart I",675000,675000,675000,1038462,758077,Two-way Audio Turbo HD 8,Hikvision Two-way Audio Turbo HD 8,2 Years Warranty,Hikvision
DS-2CE70D0T-PTLTS,"2MP CMOS Sensor, 1080P@25fps(P)(Default)/30fps(N),EXIR, 30m IR+20m White Light, Outdoor Smart-hybrid-light PT Turret, ICR, 0.01 Lux/F1.2, 12 VDC, Smar",721900,721900,721900,1110615,810749,Two-way Audio Turbo HD 8,Hikvision Two-way Audio Turbo HD 8,2 Years Warranty,Hikvision
DS-2CE16G0T-LPTS,"● High quality imaging with 2K, 2304 × 1296 resolution ● Smart-Hybrid Light, optimize your security with flexible lighting options ● 3D DNR technology",559800,559800,559800,861231,628698,Two-way Audio Turbo HD 8,Hikvision Two-way Audio Turbo HD 8,2 Years Warranty,Hikvision
DS-2CE78G0T-LPTS,"● High quality imaging with 2K, 2304 × 1296 resolution ● Smart-Hybrid Light, optimize your security with flexible lighting options ● 3D DNR technology",559800,559800,559800,861231,628698,Two-way Audio Turbo HD 8,Hikvision Two-way Audio Turbo HD 8,2 Years Warranty,Hikvision
DS-2CE16K0T-LPTS,"3K （5MP 16:9）CMOS Sensor,3K @ 20 fps(Default),EXIR, 25m IR+20m White Light, Outdoor Smart-hybrid-light Bullet, ICR, 0.01 Lux/F2.0, 12 VDC, Smart IR, D",641100,641100,641100,986308,720005,Two-way Audio Turbo HD 8,Hikvision Two-way Audio Turbo HD 8,2 Years Warranty,Hikvision
DS-2CE78K0T-LPTS,"3K （5MP 16:9）CMOS Sensor,3K @ 20 fps(Default),EXIR, 40m IR+40m White Light, Outdoor Smart-hybrid-light Turret, ICR, 0.01 Lux/F2.0, 12 VDC, Smart IR, D",641100,641100,641100,986308,720005,Two-way Audio Turbo HD 8,Hikvision Two-way Audio Turbo HD 8,2 Years Warranty,Hikvision
DS-2CE78K0T-LTS,"3K （5MP 16:9）CMOS Sensor,3K @ 20 fps(Default),EXIR, 40m IR+40m White Light, Outdoor Smart-hybrid-light Turret, ICR, 0.01 Lux/F2.0, 12 VDC, Smart IR, D",757600,757600,757600,1165538,850843,Two-way Audio Turbo HD 8,Hikvision Two-way Audio Turbo HD 8,2 Years Warranty,Hikvision
DS-2CE70K0T-PTLTS,"3K （5MP 16:9）CMOS Sensor,3K @ 20 fps(Default),EXIR, 25m IR+20m White Light,Indoor Smart-hybrid-light PT Turret, ICR, 0.01 Lux/F2.0, 12 VDC, Smart IR, ",808600,808600,808600,1244000,908120,Two-way Audio Turbo HD 8,Hikvision Two-way Audio Turbo HD 8,2 Years Warranty,Hikvision
DS-2CE16U0T-LPTS,"4K BSI CMOS Sensor,EXIR, 25m IR+20m White Light, Outdoor Smart-hybrid-light Bullet, ICR, 0.01 Lux/F2.0, 12 VDC, Smart IR, DNR,Smart Lighting（With Acus",1038300,1038300,1038300,1597385,1166091,Two-way Audio Turbo HD 8,Hikvision Two-way Audio Turbo HD 8,2 Years Warranty,Hikvision
DS-2CE78U0T-LPTS,"4K BSI CMOS Sensor,EXIR, 40m IR+40m White Light, Outdoor Smart-hybrid-light Turret, ICR, 0.01 Lux/F2.0, 12 VDC, Smart IR, DNR,Smart Lighting（With Acus",1038300,1038300,1038300,1597385,1166091,Two-way Audio Turbo HD 8,Hikvision Two-way Audio Turbo HD 8,2 Years Warranty,Hikvision
DS-2CE10DF0T-LPTS,"2M BSI CMOS Sensor,Outdoor smart hybird light with ColorVu mini Bullet,0.001 Lux Lux/F1.0, 25m IR+20m White Light,3D DNR,DC 12V,OSD Menu(Up the Coax),",634300,634300,634300,975846,712368,Two-way Audio Turbo HD 8,Hikvision Two-way Audio Turbo HD 8,2 Years Warranty,Hikvision
DS-2CE72DF0T-LPTS,"2M BSI CMOS Sensor,Outdoor smart hybird light with ColorVu Turret,0.001 Lux Lux/F1.0, 40m IR+40m White Light,3D DNR,DC 12V,OSD Menu(Up the Coax), DWDR",634300,634300,634300,975846,712368,Two-way Audio Turbo HD 8,Hikvision Two-way Audio Turbo HD 8,2 Years Warranty,Hikvision
DS-2CE10GF0T-LPTS,"● High quality imaging with 2K, 2304 × 1296 resolution ● 24/7 color imaging with F1.0 aperture ● Smart-Hybrid Light, optimize your security with flexi",682300,682300,682300,1049692,766275,Two-way Audio Turbo HD 8,Hikvision Two-way Audio Turbo HD 8,2 Years Warranty,Hikvision
DS-2CE72GF0T-LPTS,"● High quality imaging with 2K, 2304 × 1296 resolution ● 24/7 color imaging with F1.0 aperture ● Smart-Hybrid Light, optimize your security with flexi",682300,682300,682300,1049692,766275,Two-way Audio Turbo HD 8,Hikvision Two-way Audio Turbo HD 8,2 Years Warranty,Hikvision
DS-2CE10KF0T-LPTS,"3K BSI CMOS Sensor,Outdoor smart hybird light with ColorVu mini Bullet,0.001 Lux Lux/F1.0, 25m IR+20m White Light,3D DNR,DC 12V,OSD Menu(Up the Coax),",1124900,1124900,1124900,1730615,1263349,Two-way Audio Turbo HD 8,Hikvision Two-way Audio Turbo HD 8,2 Years Warranty,Hikvision
DS-2CE72KF0T-LPTS,"3K BSI CMOS Sensor,Outdoor smart hybird light with ColorVu Turret,0.001 Lux Lux/F1.0, 40m IR+40m White Light,3D DNR,DC 12V,OSD Menu(Up the Coax), DWDR",1124900,1124900,1124900,1730615,1263349,Two-way Audio Turbo HD 8,Hikvision Two-way Audio Turbo HD 8,2 Years Warranty,Hikvision
iDS-7204HQHI-M1/XT,"Support TVI Two-way Audio, 1-ch facial recognition or 2-ch advanced model perimeter protection , 4 Turbo HD/CVI / AHD / CVBS self-adaptive interfaces ",1482100,1482100,1482100,2280154,1664512,Turbo HD 8 DVR,Hikvision Turbo HD 8 DVR,2 Years Warranty,Hikvision
iDS-7208HQHI-M1/XT,"Support TVI Two-way Audio, 2-ch facial recognition or 4-ch advanced model perimeter protection ,  8 Turbo HD/CVI / AHD / CVBS self-adaptive interfaces",2406500,2406500,2406500,3702308,2702685,Turbo HD 8 DVR,Hikvision Turbo HD 8 DVR,2 Years Warranty,Hikvision
iDS-7216HQHI-M1/XT,"Support TVI Two-way Audio,4-ch facial recognition or 8-ch advanced model perimeter protection , 16 Turbo HD/CVI / AHD / CVBS self-adaptive interfaces ",4528700,4528700,4528700,6967231,5086078,Turbo HD 8 DVR,Hikvision Turbo HD 8 DVR,2 Years Warranty,Hikvision
iDS-7208HQHI-M2/XT,"Support TVI Two-way Audio,4-ch facial recognition or 8-ch advanced model perimeter protection , 16 Turbo HD/CVI / AHD / CVBS self-adaptive interfaces ",2938000,2938000,2938000,4520000,3299600,Turbo HD 8 DVR,Hikvision Turbo HD 8 DVR,2 Years Warranty,Hikvision
iDS-7216HQHI-M2/XT,"Support TVI Two-way Audio,4-ch facial recognition or 8-ch advanced model perimeter protection , 1-ch face recognition or 4-ch perimeter protection , 1",4992800,4992800,4992800,7681231,5607298,Turbo HD 8 DVR,Hikvision Turbo HD 8 DVR,2 Years Warranty,Hikvision
iDS-7232HQHI-M2/XT,"Support TVI Two-way Audio,4-ch facial recognition or 8-ch advanced model perimeter protection , 32 Turbo HD/CVI / AHD / CVBS self-adaptive interfaces ",8604400,8604400,8604400,13237538,9663403,Turbo HD 8 DVR,Hikvision Turbo HD 8 DVR,2 Years Warranty,Hikvision
iDS-7204HTHI-M1/XT,"Support TVI Two-way Audio,2-ch facial recognition or 4-ch advanced model false alarm filter,  4-ch HDTVI  coaxial video&audio input, 4-ch IP video inp",4191700,4191700,4191700,6448769,4707602,Turbo HD 8 DVR,Hikvision Turbo HD 8 DVR,2 Years Warranty,Hikvision
iDS-7204HTHI-M2/XT,"Support TVI Two-way Audio,2-ch facial recognition or 4-ch advanced model false alarm filter,  4-ch HDTVI  coaxial video&audio input, 4-ch IP video inp",4701600,4701600,4701600,7233231,5280258,Turbo HD 8 DVR,Hikvision Turbo HD 8 DVR,2 Years Warranty,Hikvision
iDS-7208HTHI-M2/XT,"Support TVI Two-way Audio,4-ch facial recognition or 8-ch advanced model false alarm filter,8-ch HDTVI  coaxial video&audio input, 8-ch IP video input",8063200,8063200,8063200,12404923,9055594,Turbo HD 8 DVR,Hikvision Turbo HD 8 DVR,2 Years Warranty,Hikvision
DS-7216HGHI-M1/T,"Support HDTVI Two-way Audio technology,full-channel motion detection 2.0 ,16 Turbo HD/AHD/Analog interface input,16-ch HDTVI  coaxial video&audio inpu",2402800,2402800,2402800,3291507,2699036,Turbo HD 8 DVR,Hikvision Turbo HD 8 DVR,2 Years Warranty,Hikvision
iDS-7204HUHI-M1/T,"Support TVI Two-way Audio,4-ch false alarm filter,4 Turbo HD/CVI / AHD / CVBS self-adaptive interfaces input, 4-ch HDTVI  coaxial video&audio input, 1",2462700,2462700,2462700,3788769,2765802,Turbo HD 8 DVR,Hikvision Turbo HD 8 DVR,2 Years Warranty,Hikvision
iDS-7208HUHI-M1/T,"Support TVI Two-way Audio,4-ch false alarm filter, 8 Turbo HD/CVI / AHD / CVBS self-adaptive interfaces input,8-ch HDTVI  coaxial video&audio input, 1",4259200,4259200,4259200,6552615,4783409,Turbo HD 8 DVR,Hikvision Turbo HD 8 DVR,2 Years Warranty,Hikvision
iDS-7216HUHI-M1/T,"Support TVI Two-way Audio,4-ch false alarm filter, 8 Turbo HD/CVI / AHD / CVBS self-adaptive interfaces input,8-ch HDTVI  coaxial video&audio input, 1",8192600,8192600,8192600,12604000,9200920,Turbo HD 8 DVR,Hikvision Turbo HD 8 DVR,2 Years Warranty,Hikvision
iDS-7204HUHI-M1/XT,"Support TVI Two-way Audio,2-ch facial recognition or 4-ch advanced model false alarm filter,  4 Turbo HD/CVI / AHD / CVBS self-adaptive interfaces inp",2919200,2919200,2919200,4491077,3278486,Turbo HD 8 DVR,Hikvision Turbo HD 8 DVR,2 Years Warranty,Hikvision
iDS-7208HUHI-M1/XT,"Support TVI Two-way Audio,4-ch facial recognition or 8-ch advanced model false alarm filter,   8 Turbo HD/CVI / AHD / CVBS self-adaptive interfaces in",5149900,5149900,5149900,7922923,5783734,Turbo HD 8 DVR,Hikvision Turbo HD 8 DVR,2 Years Warranty,Hikvision
iDS-7216HUHI-M2/XT,"Support TVI Two-way Audio,4-ch facial recognition or 8-ch advanced model false alarm filter, 16 Turbo HD/CVI / AHD / CVBS self-adaptive interfaces inp",10292300,10292300,10292300,15834308,11559045,Turbo HD 8 DVR,Hikvision Turbo HD 8 DVR,2 Years Warranty,Hikvision
DS-2CE16D0T-LPFS,"2MP CMOS Sensor, 1080P@25fps(P)(Default)/30fps(N),EXIR, 25m IR+20m White Light, Outdoor Dual-light Bullet, ICR, 0.01 Lux/F1.2, 12 VDC, Smart IR, DNR, ",441600,441600,441600,604932,496044,Turbo HD 2MP,Hikvision Turbo HD 2MP,2 Years Warranty,Hikvision
DS-2CE76D0T-LPFS,"2MP CMOS Sensor, 1080P@25fps(P)(Default)/30fps(N),EXIR, 20m IR+20m White Light, indoor Dual-light Turret, ICR, 0.01 Lux/F1.2, 12 VDC, Smart IR, DNR, B",412900,412900,412900,565616,463805,Turbo HD 2MP,Hikvision Turbo HD 2MP,2 Years Warranty,Hikvision
DS-2CE16D0T-LFS,"2MP CMOS Sensor, 1080P@25fps(P)(Default)/30fps(N), EXIR, 30m IR+20m White Light, Outdoor Dual-light Bullet, ICR, 0.01 Lux/F1.2, 12 VDC, Smart IR, DNR,",473900,473900,473900,649178,532326,Turbo HD 2MP,Hikvision Turbo HD 2MP,2 Years Warranty,Hikvision
DS-2CE76D0T-LMFS,"2MP CMOS Sensor, 1080P@25fps(P)(Default)/30fps(N),EXIR, 30m IR+20m White Light, Outdoor Dual-light Turret, ICR, 0.01 Lux/F1.2, 12 VDC, Smart IR, DNR, ",473900,473900,473900,649178,532326,Turbo HD 2MP,Hikvision Turbo HD 2MP,2 Years Warranty,Hikvision
DS-2CE16D0T-EXLPF,"2MP CMOS Sensor, 1080P@25fps(P)(Default)/30fps(N),EXIR, 20m IR+20m White Light, Outdoor Dual-light Bullet, ICR, 0.02 Lux/F1.2, 12 VDC, Smart IR, DNR, ",366200,366200,366200,501644,411348,Turbo HD 2MP,Hikvision Turbo HD 2MP,2 Years Warranty,Hikvision
DS-2CE76D0T-EXLPF,"● High quality imaging with 2 MP, 1920 × 1080 resolution ● Fixed focal lens, 2.8 and 3.6 mm optional ● Up to 20 m IR distance for bright night imaging",333800,333800,333800,457260,374953,Turbo HD 2MP,Hikvision Turbo HD 2MP,2 Years Warranty,Hikvision
DS-2CE16D0T-EXLF,"2MP CMOS Sensor, 1080P@25fps(P)(Default)/30fps(N), EXIR, 20m IR+20m White Light, Outdoor Dual-light Bullet, ICR, 0.02 Lux/F1.2, 12 VDC, Smart IR, DNR,",387800,387800,387800,531233,435611,Turbo HD 2MP,Hikvision Turbo HD 2MP,2 Years Warranty,Hikvision
DS-2CE76D0T-EXLMF,"● High quality imaging with 2 MP, 1920 × 1080 resolution ● Fixed focal lens, 2.8 and 3.6 mm optional ● Up to 20 m IR distance for bright night imaging",369800,369800,369800,506575,415392,Turbo HD 2MP,Hikvision Turbo HD 2MP,2 Years Warranty,Hikvision
DS-2CE16D0T-LPF,"2MP CMOS Sensor, 1080P@25fps(P)(Default)/30fps(N),EXIR, 25m IR+20m White Light, Outdoor Dual-light Bullet, ICR, 0.01 Lux/F1.2, 12 VDC, Smart IR, DNR,S",387800,387800,387800,531233,435611,Turbo HD 2MP,Hikvision Turbo HD 2MP,2 Years Warranty,Hikvision
DS-2CE76D0T-LPF,"2MP CMOS Sensor, 1080P@25fps(P)(Default)/30fps(N),EXIR, 20m IR+20m White Light, indoor Dual-light Turret, ICR, 0.01 Lux/F1.2, 12 VDC, Smart IR, DNR,Sm",351900,351900,351900,482055,395285,Turbo HD 2MP,Hikvision Turbo HD 2MP,2 Years Warranty,Hikvision
DS-2CE10DF0T-LPFS,"2M CMOS Sensor, Outdoor smart hybird light Bullet,0.001Lux/F1.0,20m IR+20m White Light,3D DNR,12 VDC,Built-in Mic,Audio up Coaxial(Only TVI),OSD Menu(",494200,494200,494200,760308,555025,Turbo HD 2MP,Hikvision Turbo HD 2MP,2 Years Warranty,Hikvision
DS-2CE10DF0T-LFS,"2M CMOS Sensor, Outdoor smart hybird light Bullet,0.001Lux/F1.0,20m IR+20m White Light,3D DNR,12 VDC,Built-in Mic,Audio up Coaxial(Only TVI),OSD Menu(",520000,520000,520000,800000,584000,Turbo HD 2MP,Hikvision Turbo HD 2MP,2 Years Warranty,Hikvision
DS-2CE12DF0T-LFS,"2M CMOS Sensor, Outdoor smart hybird light Bullet,0.001Lux/F1.0,40m IR+40m White Light,3D DNR,12 VDC,Built-in Mic,Audio up Coaxial(Only TVI),OSD Menu(",645500,645500,645500,993077,724946,Turbo HD 2MP,Hikvision Turbo HD 2MP,2 Years Warranty,Hikvision
DS-2CE70DF0T-LPFS,"2M CMOS Sensor, Indoor smart hybird light Turret,0.001Lux/F1.0,20m IR+20m White Light,3D DNR,12 VDC,Built-in Mic,Audio up Coaxial(Only TVI),OSD Menu(U",468400,468400,468400,720615,526049,Turbo HD 2MP,Hikvision Turbo HD 2MP,2 Years Warranty,Hikvision
DS-2CE70DF0T-LMFS,"2M CMOS Sensor, Outdoor smart hybird light Turret,0.001Lux/F1.0,20m IR+20m White Light,3D DNR,12 VDC,Built-in Mic,Audio up Coaxial(Only TVI),OSD Menu(",520000,520000,520000,800000,584000,Turbo HD 2MP,Hikvision Turbo HD 2MP,2 Years Warranty,Hikvision
DS-2CE72DF0T-LFS,"2M CMOS Sensor, Outdoor smart hybird light Turret,0.001Lux/F1.0,40m IR+40m White Light,3D DNR,12 VDC,Built-in Mic,Audio up Coaxial(Only TVI),OSD Menu(",582700,582700,582700,896462,654417,Turbo HD 2MP,Hikvision Turbo HD 2MP,2 Years Warranty,Hikvision
DS-2CE10DF3T-LPFS,"2M BSI CMOS Sensor,Outdoor smart hybird light mini Bullet,0.0005Lux/F1.0, 20m IR+20m White Light,3D DNR,DC 12V,Built-in Mic,Audio up Coaxial(Only TVI)",711800,711800,711800,1095077,799406,Turbo HD 2MP,Hikvision Turbo HD 2MP,2 Years Warranty,Hikvision
DS-2CE10DF3T-LFS,"2M BSI CMOS Sensor,Outdoor smart hybird light mini Bullet,0.0005Lux/F1.0, 20m IR+20m White Light,3D DNR,DC 12V,Built-in Mic,Audio up Coaxial(Only TVI)",741300,741300,741300,1140462,832537,Turbo HD 2MP,Hikvision Turbo HD 2MP,2 Years Warranty,Hikvision
DS-2CE12DF3T-LFS,"2M BSI CMOS Sensor,Outdoor smart hybird light  Bullet,0.0005Lux/F1.0, 40m IR+40m White Light,3D DNR,DC 12V,Built-in Mic,Audio up Coaxial(Only TVI),OSD",859400,859400,859400,1322154,965172,Turbo HD 2MP,Hikvision Turbo HD 2MP,2 Years Warranty,Hikvision
DS-2CE70DF3T-LPFS,"2M BSI CMOS Sensor,Indoor smart hybird light  Turret,0.0005Lux/F1.0, 20m IR+20m White Light,3D DNR,DC 12V,Built-in Mic,Audio up Coaxial(Only TVI),OSD ",678700,678700,678700,1044154,762232,Turbo HD 2MP,Hikvision Turbo HD 2MP,2 Years Warranty,Hikvision
DS-2CE70DF3T-LMFS,"2M BSI CMOS Sensor,Outdoor smart hybird light Turret,0.0005Lux/F1.0, 20m IR+20m White Light,3D DNR,DC 12V,Built-in Mic,Audio up Coaxial(Only TVI),OSD ",741300,741300,741300,1140462,832537,Turbo HD 2MP,Hikvision Turbo HD 2MP,2 Years Warranty,Hikvision
DS-2CE72DF3T-LFS,"2M BSI CMOS Sensor,Outdoor smart hybird light Turret,0.0005Lux/F1.0, 40m IR+40m White Light,3D DNR,DC 12V,Built-in Mic,Audio up Coaxial(Only TVI),OSD ",770800,770800,770800,1185846,865668,Turbo HD 2MP,Hikvision Turbo HD 2MP,2 Years Warranty,Hikvision
DS-2CE18D0T-LFS,"2MP CMOS Sensor, 1080P@25fps(P)(Default)/30fps(N), EXIR, Lamp looking,40m IR+60m White Light, Outdoor Lamp Cam, ICR, 0.01 Lux/F1.2, 12 VDC, Smart IR, ",623300,623300,623300,958923,700014,Turbo HD 2MP,Hikvision Turbo HD 2MP,2 Years Warranty,Hikvision
DS-2CE70DF3T-PTS,"2M BSI CMOS Sensor,Indoor PT Turret,0.0005Lux/F1.0, 0 Lux with Friendly Lighting,20M,3D DNR,DC 12V,Built-in Mic,Audio Over Coaxial(Only TVI)OSD Menu(U",874100,874100,874100,1344769,981682,Turbo HD 2MP,Hikvision Turbo HD 2MP,2 Years Warranty,Hikvision
DS-2CE16K0T-LPFS,"3K （5MP 16:9）CMOS Sensor,3K @ 20 fps(Default),EXIR, 25m IR+20m White Light, Outdoor Dual-light Bullet, ICR, 0.01 Lux/F1.2, 12 VDC, Smart IR, DNR, Buil",590000,590000,590000,907692,662615,Turbo 5MP，8MP,Hikvision Turbo 5MP，8MP,2 Years Warranty,Hikvision
DS-2CE76K0T-LPFS,"3K （5MP 16:9）CMOS Sensor,3K @ 20 fps(Default),EXIR, 20m IR+20m White Light, indoor Dual-light Turret, ICR, 0.01 Lux/F1.2, 12 VDC, Smart IR, DNR, Built",561000,561000,561000,863077,630046,Turbo 5MP，8MP,Hikvision Turbo 5MP，8MP,2 Years Warranty,Hikvision
DS-2CE16K0T-LFS,"3K （5MP 16:9）CMOS Sensor,3K @ 20 fps(Default), EXIR, 30m IR+20m White Light, Outdoor Dual-light Bullet, ICR, 0.01 Lux/F1.2, 12 VDC, Smart IR, DNR, Bui",618900,618900,618900,952154,695072,Turbo 5MP，8MP,Hikvision Turbo 5MP，8MP,2 Years Warranty,Hikvision
DS-2CE76K0T-LMFS,"3K （5MP 16:9）CMOS Sensor,3K @ 20 fps(Default),EXIR, 30m IR+20m White Light, Outdoor Dual-light Turret, ICR, 0.01 Lux/F1.2, 12 VDC, Smart IR, DNR, Buil",590000,590000,590000,907692,662615,Turbo 5MP，8MP,Hikvision Turbo 5MP，8MP,2 Years Warranty,Hikvision
DS-2CE16K0T-EXLPF,"3K （5MP 16:9）CMOS Sensor,3K @ 20 fps(Default),EXIR, 20m IR+20m White Light, Outdoor Dual-light Bullet, ICR, 0.02 Lux/F1.2, 12 VDC, Smart IR, DNR, Smar",564700,564700,564700,868769,634202,Turbo 5MP，8MP,Hikvision Turbo 5MP，8MP,2 Years Warranty,Hikvision
DS-2CE16K0T-EXLF,"3K （5MP 16:9）CMOS Sensor,3K @ 20 fps(Default), EXIR, 20m IR+20m White Light, Outdoor Dual-light Bullet, ICR, 0.02 Lux/F1.2, 12 VDC, Smart IR, DNR, Sma",571800,571800,571800,879692,642175,Turbo 5MP，8MP,Hikvision Turbo 5MP，8MP,2 Years Warranty,Hikvision
DS-2CE76K0T-EXLPF,"3K （5MP 16:9）CMOS Sensor,3K @ 20 fps(Default),EXIR, 20m IR+20m White Light, indoor Dual-light Turret, ICR, 0.02 Lux/F1.2, 12 VDC, Smart IR, DNR, Smart",524900,524900,524900,807538,589503,Turbo 5MP，8MP,Hikvision Turbo 5MP，8MP,2 Years Warranty,Hikvision
DS-2CE76K0T-EXLMF,"3K （5MP 16:9）CMOS Sensor,3K @ 20 fps(Default),EXIR, 20m IR+20m White Light, Outdoor Dual-light Turret, ICR, 0.02 Lux/F1.2, 12 VDC, Smart IR, DNR, Smar",586400,586400,586400,902154,658572,Turbo 5MP，8MP,Hikvision Turbo 5MP，8MP,2 Years Warranty,Hikvision
DS-2CE10KF0T-LPFS,"3K （5MP 16:9）CMOS Sensor,3K @ 20 fps(Default),Outdoor smart hybird light mini Bullet,0.001Lux/F1.0,20m IR+20m White Light,2D DNR,Built-in Mic,Audio up",1110200,1110200,1110200,1708000,1246840,Turbo 5MP，8MP,Hikvision Turbo 5MP，8MP,2 Years Warranty,Hikvision
DS-2CE10KF0T-LFS,"3K （5MP 16:9）CMOS Sensor,3K @ 20 fps(Default),Outdoor smart hybird light mini Bullet,0.001Lux/F1.0,20m IR+20m White Light,2D DNR,Built-in Mic,Audio up",1136000,1136000,1136000,1747692,1275815,Turbo 5MP，8MP,Hikvision Turbo 5MP，8MP,2 Years Warranty,Hikvision
DS-2CE12KF0T-LFS,"3K （5MP 16:9）CMOS Sensor,3K @ 20 fps(Default),Outdoor smart hybird light  Bullet,0.001Lux/F1.0,40m IR+40m White Light,2D DNR,Built-in Mic,Audio up Coa",1301900,1301900,1301900,2002923,1462134,Turbo 5MP，8MP,Hikvision Turbo 5MP，8MP,2 Years Warranty,Hikvision
DS-2CE70KF0T-LPFS,"3K （5MP 16:9）CMOS Sensor,3K @ 20 fps(Default),Indoor smart hybird light Turret,0.001Lux/F1.0,20m IR+20m White Light,2D DNR,Built-in Mic,Audio up Coaxi",1076900,1076900,1076900,1656769,1209442,Turbo 5MP，8MP,Hikvision Turbo 5MP，8MP,2 Years Warranty,Hikvision
DS-2CE70KF0T-LMFS,"3K （5MP 16:9）CMOS Sensor,3K @ 20 fps(Default),Outdoor smart hybird light  Turret,0.001Lux/F1.0,40m IR+40m White Light,2D DNR,Built-in Mic,Audio up Coa",1136000,1136000,1136000,1747692,1275815,Turbo 5MP，8MP,Hikvision Turbo 5MP，8MP,2 Years Warranty,Hikvision
DS-2CE72KF0T-LFS,"3K （5MP 16:9）CMOS Sensor,3K @ 20 fps(Default),Outdoor smart hybird light  Turret,0.001Lux/F1.0,40m IR+40m White Light,2D DNR,Built-in Mic,Audio up Coa",1198600,1198600,1198600,1844000,1346120,Turbo 5MP，8MP,Hikvision Turbo 5MP，8MP,2 Years Warranty,Hikvision
DS-2CE16U1T-ITPF,"8.3MP @12.5fps(Default),5MP@20fps,4MP@25fps(P)/30fps(N),2MP@25fps(P)/30fps(N), EXIR,30m IR, Outdoor EXIR Bullet , ICR, 0.01 Lux/F1.2, 12VDC, Smart IR,",977500,977500,977500,1503846,1097808,Turbo 5MP，8MP,Hikvision Turbo 5MP，8MP,2 Years Warranty,Hikvision
DS-2CE76U1T-ITPF,"8.3MP @12.5fps(Default),5MP@20fps,4MP@25fps(P)/30fps(N),2MP@25fps(P)/30fps(N), EXIR, 30m IR, Indoor EXIR Turret,ICR, 0.01 Lux/F1.2, 12VDC, Smart IR,DN",943300,943300,943300,1451231,1059398,Turbo 5MP，8MP,Hikvision Turbo 5MP，8MP,2 Years Warranty,Hikvision
iDS-7204HUHI-M1/E,"full-channel motion detection 2.0 or 4-ch false alarm filter,4 Turbo HD/CVI / AHD / CVBS self-adaptive interfaces input, 4-ch HDTVI  coaxial video&aud",1759100,1759100,1759100,2706308,1975605,Turbo HD 3.0 &  4.0 DVR,Hikvision Turbo HD 3.0 &  4.0 DVR,2 Years Warranty,Hikvision
iDS-7208HUHI-M1/E,"full-channel motion detection 2.0 or 4-ch false alarm filter, 8 Turbo HD/CVI / AHD / CVBS self-adaptive interfaces input,8-ch HDTVI  coaxial video&aud",2982900,2982900,2982900,4589077,3350026,Turbo HD 3.0 &  4.0 DVR,Hikvision Turbo HD 3.0 &  4.0 DVR,2 Years Warranty,Hikvision
iDS-7204HUHI-M1/S,"4-ch false alarm filter,  4 Turbo HD/CVI / AHD / CVBS self-adaptive interfaces input, 4-ch video&1-ch audio input, 1 SATA interface,  H.265/H.265+ com",1994800,1994800,1994800,3068923,2240314,Turbo HD 3.0 &  4.0 DVR,Hikvision Turbo HD 3.0 &  4.0 DVR,2 Years Warranty,Hikvision
iDS-7208HUHI-M1/S,"4-ch false alarm filter,  8 Turbo HD/CVI / AHD / CVBS self-adaptive interfaces input, 8-ch video&1-ch audio input, 1 SATA interface, H.265/H.265+ comp",3387200,3387200,3387200,5211077,3804086,Turbo HD 3.0 &  4.0 DVR,Hikvision Turbo HD 3.0 &  4.0 DVR,2 Years Warranty,Hikvision
iDS-7204HUHI-M2/S,"4-ch false alarm filter,  4 Turbo HD/CVI / AHD / CVBS self-adaptive interfaces input, 4-ch video&1-ch audio input, 2 SATA interfaces, H.265/H.265+ com",2328000,2328000,2328000,3581538,2614523,Turbo HD 3.0 &  4.0 DVR,Hikvision Turbo HD 3.0 &  4.0 DVR,2 Years Warranty,Hikvision
iDS-7208HUHI-M2/S,"4-ch false alarm filter,  8 Turbo HD/CVI / AHD / CVBS self-adaptive interfaces input, 8-ch video&1-ch audio input, 2 SATA interfaces, H.265/H.265+ com",3746500,3746500,3746500,5763846,4207608,Turbo HD 3.0 &  4.0 DVR,Hikvision Turbo HD 3.0 &  4.0 DVR,2 Years Warranty,Hikvision
iDS-7216HUHI-M2/S,"16-ch Motion Detection 2.0 or 4-ch false alarm filter, 16 Turbo HD/CVI / AHD / CVBS self-adaptive interfaces input, 2 SATA interfaces, H.265/H.265+ co",6800400,6800400,6800400,10462154,7637372,Turbo HD 3.0 &  4.0 DVR,Hikvision Turbo HD 3.0 &  4.0 DVR,2 Years Warranty,Hikvision
iDS-7316HQHI-M4/S,"16 Turbo HD/CVI / AHD / CVBS interface input, 16-ch video&4-ch audio input, 4-ch IP video input(up to 20-ch IP), 2 RJ45 10M/100M/1000M self-adaptive E",11366000,11366000,11366000,17486154,12764892,Turbo HD 3.0 &  4.0 DVR,Hikvision Turbo HD 3.0 &  4.0 DVR,2 Years Warranty,Hikvision
iDS-7316HUHI-M4/S,"16 Turbo HD/CVI / AHD / CVBS self-adaptive interfaces input, 16-ch video&4-ch audio input,18-ch IP video input(up to 34-ch IP),H.264/H.264+/H.265+/H.2",15821700,15821700,15821700,24341077,17768986,Turbo HD 3.0 &  4.0 DVR,Hikvision Turbo HD 3.0 &  4.0 DVR,2 Years Warranty,Hikvision
iDS-7332HQHI-M4/S,"32 Turbo HD/CVI / AHD / CVBS interface input, 32-ch video&4-ch audio input, 16-ch IP video input(up to 48-ch IP), H.264/H.264+/H.265+/H.265 video comp",18102500,18102500,18102500,27850000,20330500,Turbo HD 3.0 &  4.0 DVR,Hikvision Turbo HD 3.0 &  4.0 DVR,2 Years Warranty,Hikvision
iDS-7332HUHI-M4/S,"32Turbo HD/CVI / AHD / CVBS self-adaptive interfaces input, 32-ch video&4-ch audio input,32-ch IP video input(up to 64-ch IP),H.264/H.264+/H.265+/H.26",23105800,23105800,23105800,35547385,25949591,Turbo HD 3.0 &  4.0 DVR,Hikvision Turbo HD 3.0 &  4.0 DVR,2 Years Warranty,Hikvision
iDS-9032HQHI-M8/S,"32 Turbo HD/CVI / AHD / CVBS interface input, 32-ch video&16-ch audio input, 16-ch IP video input(up to 48-ch IP), H.264/H.264+/H.265+/H.265 video com",32021100,32021100,32021100,49263231,35962158,Turbo HD 3.0 &  4.0 DVR,Hikvision Turbo HD 3.0 &  4.0 DVR,2 Years Warranty,Hikvision
iDS-9032HUHI-M8/S,"32 Turbo HD/CVI / AHD / CVBS interfaces input, 32-ch video&16-ch audio input, 32-ch IP video input(up to 64-ch IP), H.264/H.264+/H.265+/H.265 video co",35404400,35404400,35404400,54468308,39761865,Turbo HD 3.0 &  4.0 DVR,Hikvision Turbo HD 3.0 &  4.0 DVR,2 Years Warranty,Hikvision
DS-3E0505D-O,"L2, Unmanaged, 5 Gigabit RJ45 ports, desktop plastic switch",173100,173100,173100,278200,213400,Switch,Hikvision Switch,2 Years Warranty,Hikvision
DS-3E0508D-O,"L2, Unmanaged, 8 Gigabit RJ45 ports, desktop plastic switch",277100,277100,277100,445300,341600,Switch,Hikvision Switch,2 Years Warranty,Hikvision
DS-3E0105D-O,"L2, Unmanaged, 5 10/100M RJ45 ports, desktop plastic switch",90100,90100,90100,144800,111100,Switch,Hikvision Switch,2 Years Warranty,Hikvision
DS-3E0108D-O,"L2, Unmanaged, 8 10/100M RJ45 ports, desktop plastic switch",117700,117700,117700,189200,145200,Switch,Hikvision Switch,2 Years Warranty,Hikvision
DS-3E0105-O,"5 10/100M RJ45 ports, Desktop Steel Case Unmanaged Switch",187000,187000,187000,300600,230600,Switch,Hikvision Switch,2 Years Warranty,Hikvision
DS-3E0108-O,"8 10/100M RJ45 ports, Desktop Steel Case Unmanaged Switch",270200,270200,270200,434200,333100,Switch,Hikvision Switch,2 Years Warranty,Hikvision
DS-3E0116R-O,"16 10/100M RJ45 ports, 19-inch Rack-mountable Steel Case Unmanaged Switch",588700,588700,588700,946200,725900,Switch,Hikvision Switch,2 Years Warranty,Hikvision
DS-3E0516-E,"16  Gigabit RJ45 ports, 19-inch Rack-mountable Steel Case Unmanaged Switch",820700,820700,820700,1319100,1011900,Switch,Hikvision Switch,2 Years Warranty,Hikvision
DS-3E0524-E,"24  Gigabit RJ45 ports, 19-inch Rack-mountable Steel Case Unmanaged Switch",1108200,1108200,1108200,1781100,1366300,Switch,Hikvision Switch,2 Years Warranty,Hikvision
DS-3E0505-O,"5  Gigabit RJ45 ports, Desktop Steel Case Unmanaged Switch",225200,225200,225200,361900,277600,Switch,Hikvision Switch,2 Years Warranty,Hikvision
DS-3E0508-O,"8  Gigabit RJ45 ports, Desktop Steel Case Unmanaged Switch",346300,346300,346300,556500,426900,Switch,Hikvision Switch,2 Years Warranty,Hikvision
DS-3E0508P-O,"4 Gigabit POE ports, 4 Gigabit RJ45, 802.3af/at, PoE power budget 60w",744600,744600,744600,1196800,918100,Switch,Hikvision Switch,2 Years Warranty,Hikvision
DS-3E0516P-O,"8 Gigabit POE ports, 8 Gigabit RJ45, 802.3af/at, PoE power budget 110w",1419900,1419900,1419900,2282000,1750600,Switch,Hikvision Switch,2 Years Warranty,Hikvision
DS-3E0105P-E/M,"L2, Unmanaged, 4 10/100M RJ45 PoE ports, 1 10/100M RJ45 uplink port, 802.3af/at, PoE power budget 35W, max. 250m long distance transmission, 6KV surgy",471000,471000,471000,756900,580600,Switch,Hikvision Switch,2 Years Warranty,Hikvision
DS-3E0106P-E/M,"L2, Unmanaged, 4 10/100M RJ45 PoE ports, 2 10/100M RJ45 uplink port, 802.3af/at, PoE power budget 35W, max. 300m long distance transmission, 6KV surge",523000,523000,523000,840600,644800,Switch,Hikvision Switch,2 Years Warranty,Hikvision
DS-3E0109P-E/M,"L2, Unmanaged, 8 10/100M RJ45 PoE ports, 1 10/100M RJ45 uplink port, 802.3af/at, PoE power budget 60W, max. 250m long distance transmission, 6KV surgy",831200,831200,831200,1335900,1024800,Switch,Hikvision Switch,2 Years Warranty,Hikvision
DS-3E0310P-E/M,"L2, Unmanaged, 8 10/100M RJ45 PoE ports, 2 Gigabit RJ45 uplink ports, 802.3af/at, PoE power budget 60W, max. 300m long distance transmission, 6KV surg",921300,921300,921300,1480600,1135800,Switch,Hikvision Switch,2 Years Warranty,Hikvision
DS-3E0318P-E/M,"L2, Unmanaged, 16 10/100M RJ45 PoE ports, 1 Gigabit RJ45 uplink port, 1 Gigabit SFP uplink port, 802.3af/at, PoE power budget 130W, ""Extend"" Mode: por",2400000,2400000,2400000,3857200,2958900,Switch,Hikvision Switch,2 Years Warranty,Hikvision
DS-3E0326P-E/M,"L2, Unmanaged, 24 10/100M RJ45 PoE ports, 1 Gigabit RJ45 uplink port, 1 Gigabit SFP uplink port, 802.3af/at, PoE power budget 230W, ""Extend"" Mode: por",3186100,3186100,3186100,5120600,3928100,Switch,Hikvision Switch,2 Years Warranty,Hikvision
DS-3E1105P-EI/M,"L2, Smart Managed, 4 10/100M RJ45 PoE ports, 1 10/100M RJ45 port, 802.3af/at, PoE budget  45W, Max. 300 meter PoE transmission, Supports Hik-Central/i",516300,516300,516300,829900,636600,Switch,Hikvision Switch,2 Years Warranty,Hikvision
DS-3E1106P-EI/M,"L2, Smart Managed, 4 10/100M RJ45 PoE ports, 2 10/100M RJ45 port, 802.3af/at, PoE power budget  45W, HPP Cloud managed, VLAN, STP/RSTP loop prefention",568000,568000,568000,912900,700300,Switch,Hikvision Switch,2 Years Warranty,Hikvision
DS-3E1309P-EI/M,"L2, Smart Managed, 8 10/100M RJ45 PoE ports, 1 Gigabit RJ45 port, 802.3af/at, PoE power budget  60W, Max. 300 meter PoE transmission, Supports Hik-Cen",914300,914300,914300,1469500,1127300,Switch,Hikvision Switch,2 Years Warranty,Hikvision
DS-3E1310P-EI/M,"L2, Smart Managed, 8 10/100M RJ45 PoE ports, 2 Gigabit RJ45 port, 802.3af/at, PoE power budget  60W, HPP Cloud managed, VLAN, STP/RSTP loop prefention",955900,955900,955900,1536300,1178500,Switch,Hikvision Switch,2 Years Warranty,Hikvision
DS-3E1318P-EI/M,"L2, Smart Managed, 16 10/100M RJ45 PoE ports, 1 Gigabit RJ45 port, 1 Gigabit combo port, 802.3af/at, PoE power budget  130W, Max. 300 meter PoE transm",2494600,2494600,2494600,4009200,3075600,Switch,Hikvision Switch,2 Years Warranty,Hikvision
DS-3E1326P-EI/M,"L2, Smart Managed, 24 10/100M RJ45 PoE ports, 1 Gigabit RJ45 port, 1 Gigabit combo port, 802.3af/at, PoE power budget  230W, Max. 300 meter PoE transm",3370900,3370900,3370900,5417500,4155900,Switch,Hikvision Switch,2 Years Warranty,Hikvision
DS-3E0105P-E,"L2, Unmanaged, 4 10/100M RJ45 PoE ports, 1 10/100M RJ45 uplink port, 802.3af/at, PoE power budget 60W, max. 250m long distance transmission, 6KV surgy",588700,588700,588700,946200,725900,Switch,Hikvision Switch,2 Years Warranty,Hikvision
DS-3E0109P-E,"L2, Unmanaged, 8 10/100M RJ45 PoE ports, 1 10/100M RJ45 uplink port, 802.3af/at, PoE power budget 115W, max. 250m long distance transmission, 6KV surg",1038900,1038900,1038900,1669700,1280900,Switch,Hikvision Switch,2 Years Warranty,Hikvision
DS-3E0318P-E,"L2, Unmanaged, 16 10/100M RJ45 PoE ports, 2 Gigabit combo ports, 802.3af/at, PoE power budget 230W, ""Extend"" Mode: ports 9-16 support up to 250meter, ",2796400,2796400,2796400,4494300,3447600,Switch,Hikvision Switch,2 Years Warranty,Hikvision
DS-3E0326P-E,"L2, Unmanaged, 24 10/100M RJ45 PoE ports, 2 Gigabit combo ports, 802.3af/at, PoE power budget 370W, ""Extend"" Mode: ports 17-24 support up to 250meter,",3592800,3592800,3592800,5774100,4429500,Switch,Hikvision Switch,2 Years Warranty,Hikvision
DS-3E0505HP-E,"L2, Unmanaged, 4 Gigabit RJ45 PoE ports, 1 Gigabit RJ45 uplink port, 802.3af/at/bt, port 1 support Hi-PoE 60w, PoE power budget 60W, ports 3-4 support",1000100,1000100,1000100,1607300,1233000,Switch,Hikvision Switch,2 Years Warranty,Hikvision
DS-3E0510HP-E,"L2, Unmanaged, 8 Gigabit RJ45 PoE ports, 1 Gigabit RJ45, 1 Gigabit SFP uplink port, 802.3af/at/bt, port 1-2 support Hi-PoE 90w, PoE power budget 110W,",2018200,2018200,2018200,3243500,2488200,Switch,Hikvision Switch,2 Years Warranty,Hikvision
DS-3E0520HP-E,"L2, Unmanaged, 16 Gigabit RJ45 PoE ports, 2 Gigabit RJ45, 2 Gigabit SFP uplink ports, 802.3af/at/bt, port 1-4 support Hi-PoE 90w, PoE power budget 225",4654600,4654600,4654600,7480600,5738500,Switch,Hikvision Switch,2 Years Warranty,Hikvision
DS-3E0528HP-E,"L2, Unmanaged, 24 Gigabit RJ45 PoE ports, 2 Gigabit RJ45, 2 Gigabit SFP uplink ports, 802.3af/at/bt, port 1-4 support Hi-PoE 90w, PoE power budget 370",6181800,6181800,6181800,9935000,7621400,Switch,Hikvision Switch,2 Years Warranty,Hikvision
DS-3E1105P-EI,"L2, Smart Managed, 4 10/100M RJ45 PoE ports, 1 10/100M RJ45 port, 802.3af/at, PoE budget  60W, Max. 300 meter PoE transmission, Supports Hik-Central/i",616500,616500,616500,990800,760100,Switch,Hikvision Switch,2 Years Warranty,Hikvision
DS-3E1106P-EI,"L2, Smart Managed, 4 10/100M RJ45 PoE ports, 2 10/100M RJ45 port, 802.3af/at, PoE power budget 60W, HPP Cloud managed, VLAN, STP/RSTP loop prefention,",651200,651200,651200,1046500,802800,Switch,Hikvision Switch,2 Years Warranty,Hikvision
DS-3E1106HP-EI,"L2, Smart Managed, 4 10/100M RJ45 PoE ports, 2 10/100M RJ45 port, 802.3af/at/bt, PoE power budget 60W, Max. 300 meter long distance PoE transmission, ",780200,780200,780200,1253900,961800,Switch,Hikvision Switch,2 Years Warranty,Hikvision
DS-3E1309P-EI,"L2, Smart Managed, 8 10/100M RJ45 PoE ports, 1 Gigabit RJ45 port, 802.3af/at, PoE power budget  110W, Max. 300 meter PoE transmission, Supports Hik-Ce",1091000,1091000,1091000,1753400,1345000,Switch,Hikvision Switch,2 Years Warranty,Hikvision
DS-3E1310HP-EI,"L2, Smart Managed, 8 10/100M RJ45 PoE ports, 2 Gigabit RJ45 port, 802.3af/at/bt, PoE power budget 60W, Max. 300 meter long distance PoE transmission, ",1636300,1636300,1636300,2629900,2017400,Switch,Hikvision Switch,2 Years Warranty,Hikvision
DS-3E1318P-EI,"L2, Smart Managed, 16 10/100M RJ45 PoE ports, 2 Gigabit combo ports, 802.3af/at, PoE power budget  230W, Max. 300 meter long distance PoE transmission",2927300,2927300,2927300,4704600,3609000,Switch,Hikvision Switch,2 Years Warranty,Hikvision
DS-3E1326P-EI,"L2, Smart Managed, 24 10/100M RJ45 PoE ports,  2 Gigabit combo ports, 802.3af/at, PoE power budget  370W, Max. 300 meter long distance PoE transmissio",3781800,3781800,3781800,6078000,4662600,Switch,Hikvision Switch,2 Years Warranty,Hikvision
DS-3E1508-EI,"L2, Smart Managed, 8 Gigabit RJ45 ports, Supports Hik-Central/iVMS 4200/Hik-Partner Pro Unified Topology Management, cloud management, health monitor",621800,621800,621800,999300,766600,Switch,Hikvision Switch,2 Years Warranty,Hikvision
DS-3E1516-EI,"L2, Smart Managed, 16 Gigabit RJ45 ports, Supports Hik-Central/iVMS 4200/Hik-Partner Pro Unified Topology Management, cloud management, health monitor",1178200,1178200,1178200,1893500,1452500,Switch,Hikvision Switch,2 Years Warranty,Hikvision
DS-3E1524-EI,"L2, Smart Managed, 24 Gigabit RJ45 ports, Supports Hik-Central/iVMS 4200/Hik-Partner Pro Unified Topology Management, cloud management, health monitor",1680000,1680000,1680000,2700000,2071200,Switch,Hikvision Switch,2 Years Warranty,Hikvision
DS-3E1510P-SI,"L2, Smart Managed, 8 Gigabit PoE ports, 2 Gigabit SFP ports,  802.3af/at, PoE power budget 110W, max. 300 meter long distance PoE transmission, PoE wa",2568700,2568700,2568700,4128400,3166900,Switch,Hikvision Switch,2 Years Warranty,Hikvision
DS-3E1518P-SI,"L2, Smart Managed, 16 Gigabit PoE ports, 2 Gigabit SFP ports,  802.3af/at, PoE power budget 225W, max. 300 meter long distance PoE transmission, PoE w",4804500,4804500,4804500,7721600,5923400,Switch,Hikvision Switch,2 Years Warranty,Hikvision
DS-3E1526P-SI,"L2, Smart Managed, 24 Gigabit PoE ports, 2 Gigabit SFP ports,  802.3af/at, PoE power budget 370W, max. 300 meter long distance PoE transmission, PoE w",6345700,6345700,6345700,10198500,7823500,Switch,Hikvision Switch,2 Years Warranty,Hikvision
DS-3E1510P-SI-8P2F,"L2, Smart Managed, 8 Gigabit PoE ports, 2 Gigabit SFP ports,  802.3af/at, PoE power budget 110W, HPP Cloud managed, VLAN, STP/RSTP/ERPS loop preventio",2568700,2568700,2568700,4128400,3166900,Switch,Hikvision Switch,2 Years Warranty,Hikvision
DS-3E1518P-SI-16P2F,"L2, Smart Managed, 16 Gigabit PoE ports, 2 Gigabit SFP ports,  802.3af/at, PoE power budget 230W, HPP Cloud managed, VLAN, STP/RSTP/ERPS loop preventi",4804500,4804500,4804500,7721600,5923400,Switch,Hikvision Switch,2 Years Warranty,Hikvision
DS-3E1526P-SI-24P2F,"L2, Smart Managed, 24 Gigabit PoE ports, 2 Gigabit SFP ports,  802.3af/at, PoE power budget 370W, HPP Cloud managed, VLAN, STP/RSTP/ERPS loop preventi",6345700,6345700,6345700,10198500,7823500,Switch,Hikvision Switch,2 Years Warranty,Hikvision
DS-3E0106HP-E,"L2, Unmanaged, 4 10/100M RJ45 PoE ports, 2 10/100M RJ45 uplink ports, 802.3af/at/bt, port 1 support HiPoE 60w, PoE power budget 60W, max. 250m long di",719200,719200,719200,1155900,886700,Switch,Hikvision Switch,2 Years Warranty,Hikvision
DS-3E0310HP-E,"L2, Unmanaged, 8 10/100M RJ45 PoE ports, 2 Gigabit RJ45 uplink ports, 802.3af/at/bt, port 1 support HiPoE 60w, PoE power budget 110W, max. 250m long d",1315200,1315200,1315200,2113700,1621500,Switch,Hikvision Switch,2 Years Warranty,Hikvision
DS-3E1505P-EI/M,"L2, Smart Managed, 4 Gigabit RJ45 PoE ports, 1 Gigabit RJ45 port, 802.3af/at, PoE power budget  45W, HPP Cloud managed, VLAN, STP/RSTP loop prefention",543700,543700,543700,873900,670400,Switch,Hikvision Switch,2 Years Warranty,Hikvision
DS-3E1506P-EI/M,"L2, Smart Managed, 4 Gigabit RJ45 PoE ports, 2 Gigabit RJ45 port, 802.3af/at, PoE power budget  45W, HPP Cloud managed, VLAN, STP/RSTP loop prefention",588700,588700,588700,946200,725900,Switch,Hikvision Switch,2 Years Warranty,Hikvision
DS-3E1506P-EI/M-4P1T1F,"L2, Smart Managed, 4 Gigabit RJ45 PoE ports, 1 Gigabit RJ45 port, 1 Gigabit SFP, 802.3af/at, PoE power budget  45W, HPP Cloud managed, VLAN, STP/RSTP ",675300,675300,675300,1085400,832600,Switch,Hikvision Switch,2 Years Warranty,Hikvision
DS-3E1510P-EI/M,"L2, Smart Managed, 8 Gigabit RJ45 PoE ports, 2 Gigabit RJ45 port, 802.3af/at, PoE power budget  60W, HPP Cloud managed, VLAN, STP/RSTP loop prefention",1056300,1056300,1056300,1697700,1302300,Switch,Hikvision Switch,2 Years Warranty,Hikvision
DS-3E1510P-EI/M-8P2F,"L2, Smart Managed, 8 Gigabit RJ45 PoE ports, 2 Gigabit SFP port, 802.3af/at, PoE power budget  80W, HPP Cloud managed, VLAN, STP/RSTP loop prevention,",1038900,1038900,1038900,1669700,1280900,Switch,Hikvision Switch,2 Years Warranty,Hikvision
DS-3E1518P-EI/M,"L2, Smart Managed, 16 Gigabit RJ45 PoE ports, 1 Gigabit RJ45 port, 1 Gigabit SFP port, 802.3af/at, PoE power budget  130W, HPP Cloud managed, VLAN, ST",2927300,2927300,2927300,4704600,3609000,Switch,Hikvision Switch,2 Years Warranty,Hikvision
DS-3E1520P-EI/M,"L2, Smart Managed, 16 Gigabit RJ45 PoE ports, 2 Gigabit RJ45 port, 2 Gigabit SFP port, 802.3af/at, PoE power budget  125W, HPP Cloud managed, VLAN, ST",2978300,2978300,2978300,4786600,3671900,Switch,Hikvision Switch,2 Years Warranty,Hikvision
DS-3E1526P-EI/M,"L2, Smart Managed, 24 Gigabit RJ45 PoE ports, 1 Gigabit RJ45 port, 1 Gigabit SFP port, 802.3af/at, PoE power budget  230W, HPP Cloud managed, VLAN, ST",3963600,3963600,3963600,6370200,4886700,Switch,Hikvision Switch,2 Years Warranty,Hikvision
DS-3E1528P-EI/M,"L2, Smart Managed, 24 Gigabit RJ45 PoE ports, 2 Gigabit RJ45 port, 2 Gigabit SFP port, 802.3af/at, PoE power budget  230W, HPP Cloud managed, VLAN, ST",4086600,4086600,4086600,6567800,5038300,Switch,Hikvision Switch,2 Years Warranty,Hikvision
DS-3E1505P-EI,"L2, Smart Managed, 4 Gigabit RJ45 PoE ports, 1 Gigabit RJ45 port, 802.3af/at, PoE power budget 60W, HPP Cloud managed, VLAN, STP/RSTP loop prefention,",690900,690900,690900,1110300,851800,Switch,Hikvision Switch,2 Years Warranty,Hikvision
DS-3E1506P-EI,"L2, Smart Managed, 4 Gigabit RJ45 PoE ports, 2 Gigabit RJ45 port, 802.3af/at, PoE power budget 60W, HPP Cloud managed, VLAN, STP/RSTP loop prefention,",745500,745500,745500,1198200,919100,Switch,Hikvision Switch,2 Years Warranty,Hikvision
DS-3E1510P-EI,"L2, Smart Managed, 8 Gigabit RJ45 PoE ports, 2 Gigabit RJ45 port, 802.3af/at, PoE power budget 110W, HPP Cloud managed, VLAN, STP/RSTP loop prefention",1392800,1392800,1392800,2238400,1717100,Switch,Hikvision Switch,2 Years Warranty,Hikvision
DS-3E1518P-EI,"L2, Smart Managed, 16 Gigabit RJ45 PoE ports, 1 Gigabit RJ45 port, 1 Gigabit SFP port, 802.3af/at, PoE power budget  230W, HPP Cloud managed, VLAN, ST",3327200,3327200,3327200,5347400,4102100,Switch,Hikvision Switch,2 Years Warranty,Hikvision
DS-3E1520P-EI,"L2, Smart Managed, 16 Gigabit RJ45 PoE ports, 2 Gigabit RJ45 port, 2 Gigabit SFP port, 802.3af/at, PoE power budget  230W, HPP Cloud managed, VLAN, ST",3394000,3394000,3394000,5454600,4184300,Switch,Hikvision Switch,2 Years Warranty,Hikvision
DS-3E1526P-EI,"L2, Smart Managed, 24 Gigabit RJ45 PoE ports, 1 Gigabit RJ45 port, 1 Gigabit SFP port, 802.3af/at, PoE power budget  370W, HPP Cloud managed, VLAN, ST",4909100,4909100,4909100,7889700,6052300,Switch,Hikvision Switch,2 Years Warranty,Hikvision
DS-3E1528P-EI,"L2, Smart Managed, 24 Gigabit RJ45 PoE ports, 2 Gigabit RJ45 port, 2 Gigabit SFP port, 802.3af/at, PoE power budget  370W, HPP Cloud managed, VLAN, ST",4952400,4952400,4952400,7959200,6105700,Switch,Hikvision Switch,2 Years Warranty,Hikvision
DS-3E1552P-SI,"L2, Smart Managed, 48 Gigabit PoE ports, 2 Gigabit RJ45, 2 Gigabit SFP uplink ports, 802.3af/at, PoE power budget 470W, max. 300 meter long distance P",8421800,8421800,8421800,13535000,10383000,Switch,Hikvision Switch,2 Years Warranty,Hikvision
DS-3T0306HP,"L2, Unmanaged, 4 10/100M PoE ports, 1 Gigabit RJ45, 1 Gigabit SFP Uplink,  802.3af/at/bt, port 1 support Hi-PoE 60w, power budget≤110w ( based on powe",709100,709100,709100,1139700,874300,Switch,Hikvision Switch,2 Years Warranty,Hikvision
DS-3T0310HP,"L2, Unmanaged, 8 10/100M PoE ports, 1 Gigabit RJ45, 1 Gigabit SFP Uplink,  802.3af/at/bt, port 1-2 support Hi-PoE 60w, power budget≤110w ( based on po",1236400,1236400,1236400,1987000,1524300,Switch,Hikvision Switch,2 Years Warranty,Hikvision
DS-3T0506HP,"L2, Unmanaged, 4 Gigabit PoE ports, 2 Gigabit SFP Uplink,  802.3af/at/bt, port 1 support Hi-PoE 60w, power budget≤110w ( based on power supply, power ",872800,872800,872800,1402700,1076000,Switch,Hikvision Switch,2 Years Warranty,Hikvision
DS-3T0510HP,"L2, Unmanaged, 8 Gigabit PoE ports, 2 Gigabit SFP Uplink,  802.3af/at/bt, port 1-2 support Hi-PoE 60w, power budget≤110w ( based on power supply, powe",1545400,1545400,1545400,2483800,1905300,Switch,Hikvision Switch,2 Years Warranty,Hikvision
DRL-48V240W1EN,"240W industrial power supply, output48V, 5.0A, working temp. -30~70°C, DIN rail",1125500,1125500,1125500,1808900,1387600,Switch,Hikvision Switch,2 Years Warranty,Hikvision
DRL-48V75W1AZ,"75W industrial power supply, output48V, 1.57A, working temp. -20~70°C, DIN rail",439900,439900,439900,707000,542300,Switch,Hikvision Switch,2 Years Warranty,Hikvision
NDR-480-48,"480W industrial power supply, output48V",2251000,2251000,2251000,3617800,2775300,Switch,Hikvision Switch,2 Years Warranty,Hikvision
HK-SFP-1.25G-20-1310,"TX1310nm/1.25G, RX1550nm/1.25G, LC, single mode and single fiber, 20km, 0～70℃, SFP, should work with HK-SFP-1.25G-20-1550 as a pair",290300,290300,290300,466500,357900,Switch,Hikvision Switch,2 Years Warranty,Hikvision
HK-SFP-1.25G-20-1550,"TX1550nm/1.25G, RX1310nm/1.25G, LC, single mode and single fiber, 20km, 0～70℃, SFP, should work with HK-SFP-1.25G-20-1310 as a pair",387800,387800,387800,623300,478200,Switch,Hikvision Switch,2 Years Warranty,Hikvision
HK-SFP-1.25G-1310-DF-MM,"TX1310nm/1.25G, RX1310nm/1.25G, LC, Multi mode and duplex fiber, 1km, 0～70℃, SFP",217900,217900,217900,350200,268600,Switch,Hikvision Switch,2 Years Warranty,Hikvision
HK-SFP-1.25G-20-1310-DF,"TX1310nm/1.25G, RX1310nm/1.25G, LC, Single mode and duplex fiber, 20km, 0～70℃, SFP",193600,193600,193600,311100,238700,Switch,Hikvision Switch,2 Years Warranty,Hikvision
HK-SFP-1.25G-850-DF-MM,"TX850nm/1.25G, RX850nm/1.25G, LC, Multi mode and duplex fiber, 500m, 0～70℃, SFP",194000,194000,194000,311700,239100,Switch,Hikvision Switch,2 Years Warranty,Hikvision
HK-SFP+-10G-20-1310-DF,"TX1310nm/10G, RX1310nm/10G, LC, Single mode and duplex fiber, 20km, 0～70℃, SFP",761900,761900,761900,1224500,939300,Switch,Hikvision Switch,2 Years Warranty,Hikvision
HK-SFP+-10G-20-1270,"Tx1270nm/10G, Rx1330nm/10G, LC, single mode and single fiber, 20km, 0～70℃, SFP+, should work with HK-SFP+-10G-20-1330 as a pair",1572300,1572300,1572300,2527000,1938500,Switch,Hikvision Switch,2 Years Warranty,Hikvision
HK-SFP+-10G-20-1330,"Tx1330nm/10G, Rx1270nm/10G, LC, single mode and single fiber, 20km, 0～70℃, SFP+, should work with HK-SFP+-10G-20-1270 as a pair",1572300,1572300,1572300,2527000,1938500,Switch,Hikvision Switch,2 Years Warranty,Hikvision
DS-3WF0BC-2NT,"Elevator 2.4GHz wireless bridge, Max.distance 200m, 72Mbps thoughput, IEEE 802.11n, Angle H: 50° V: 50°,1 10/100M RJ45, support 12 VDC/1 A, support pa",513000,513000,513000,824500,632500,Wireless Bridge,Hikvision Wireless Bridge,2 Years Warranty,Hikvision
DS-3WF0FC-2N/O,"Outdoor 2.4GHz wireless bridge CPE, Max.distance 1km, 2×2 MIMO antenna with 300Mbps thoughput, 7dBi gain, 802.11n, Angle H: 35°, 2 100Mbps RJ45 ports,",498300,498300,498300,800900,614400,Wireless Bridge,Hikvision Wireless Bridge,2 Years Warranty,Hikvision
DS-3WF1000-EI-2N,"Outdoor 2.4GHz wireless bridge Kit, Max.distance 1km, 2×2 MIMO antenna with 300Mbps thoughput, 7dBi gain, 802.11n, Angle H: 60°, 2 100Mbps RJ45 ports,",798700,798700,798700,1283600,984700,Wireless Bridge,Hikvision Wireless Bridge,2 Years Warranty,Hikvision
DS-3WF02-5AC/D,"Outdoor 5GHz wireless bridge CPE, Max.distance 5km, 2×2 MIMO antenna with 867Mbps thoughput, 9dBi gain, output power 22dBm, 802.11a/n/ac, Angle H: 35°",1524600,1524600,1524600,2450300,1879700,Wireless Bridge,Hikvision Wireless Bridge,2 Years Warranty,Hikvision
DS-KV8113-WME1,"CMOS 2MP HD Colorful Camera，Aluminum alloy, 1-ch Indoor station access, Wi-Fi 802.11b/g/n,  Standard PoE/ 12 VDC, Mifare card reading module; 10M/100M",2164500,2164500,2164500,3301700,2529900,Aceess control&Door Phone,Hikvision Aceess control&Door Phone,2 Years Warranty,Hikvision
DS-KH6320-WTE1,"7“ Touch-Screen Indoor Station,  7-inch Colorful TFT LCD, display resolution: 1024 * 600; 10/100Mbps Ethernet, Wi-Fi 802.11b/g/n; standard PoE/ 12 VDC",1731600,1731600,1731600,2641400,2023900,Aceess control&Door Phone,Hikvision Aceess control&Door Phone,2 Years Warranty,Hikvision
DS-KIS604-P,"IP video intercom kit for villa or house, only one call button. DS-KV8113-WME1  x1; DS-KH6320-WTE1  x1; 4 port standard PoE switch x1;(for KIS604-S) P",3532500,3532500,3532500,5388500,4128900,Aceess control&Door Phone,Hikvision Aceess control&Door Phone,2 Years Warranty,Hikvision
DS-KIS606-P,Network video intercom kit for villa One-press call button for easier calls Convenient Hik-Connect APP mobile control Device included: DS-KV6113-PE1(C,2545400,2545400,2545400,3882900,2975200,Aceess control&Door Phone,Hikvision Aceess control&Door Phone,2 Years Warranty,Hikvision
DS-KD8003Y-IME2,"Two-wire version: CMOS 2MP HD Colorful Camera, Fish eye (Horizontal: 180°, Vertical:96° ), 1 Call Button, 2-ch Indoor station access IR Supplement , 1",1537700,1537700,1537700,2345600,1797300,Aceess control&Door Phone,Hikvision Aceess control&Door Phone,2 Years Warranty,Hikvision
DS-KH6320Y-WTE2,"7“ Touch-Screen Indoor Station,  7-inch Colorful TFT LCD, display resolution: 1024 * 600; 10/100Mbps Ethernet, Wi-Fi 802.11b/g/n; standard PoE/ 12 VDC",1558400,1558400,1558400,2377200,1821500,Aceess control&Door Phone,Hikvision Aceess control&Door Phone,2 Years Warranty,Hikvision
DS-KIS702Y,"IP video intercom kit for villa or house, only one call button. DS-KD8003-IME2/Surface  x 1; DS-KH6320-WTE2  x 1; DS-KAD704  x 1; DS-KAW30-2N x 1; 16G",4336000,4336000,4336000,6614200,5068000,Aceess control&Door Phone,Hikvision Aceess control&Door Phone,2 Years Warranty,Hikvision
DS-KAD706Y,"1 RJ-45 Interface, 6 Two-Wire Interface to connect DS-KD8003Y-IME2 or DS-KH6320Y-WTE2, 1 in interface to connect DS-KAD706Y & DS-KAD706Y-S, 1 out inte",1230700,1230700,1230700,1877400,1438500,Aceess control&Door Phone,Hikvision Aceess control&Door Phone,2 Years Warranty,Hikvision
DS-KH2220,"7“ Screen LCD Indoor Station, Video Intercom Communication, Supports Three Indoor Stations Cascading in Intercom System; Remote Unlocking, Monitoring ",867100,867100,867100,1322700,1013500,Aceess control&Door Phone,Hikvision Aceess control&Door Phone,2 Years Warranty,Hikvision
DS-KIS202T,"Analog Kit ● For villa or house, only one call button ● Kit including DS-KB2411T-IM and DS-KH2220, 5-meter 4-wire cable, and other accessories",1502400,1502400,1502400,2291800,1756100,Aceess control&Door Phone,Hikvision Aceess control&Door Phone,2 Years Warranty,Hikvision
DS-KIS203T,Water Proof  Analog Kit                                                                                                                               ,1694200,1694200,1694200,2584400,1980200,Aceess control&Door Phone,Hikvision Aceess control&Door Phone,2 Years Warranty,Hikvision
DS-KB8113-IM,"1. 2MP HD camera 2. Call Hik-Connect directly 3. Mechanical Doorbell mode 4. Web 2.0: Indoor station linkage, Configuration in WEB 5. 19 Multiple lang",1600000,1600000,1600000,2440600,1870100,Aceess control&Door Phone,Hikvision Aceess control&Door Phone,2 Years Warranty,Hikvision
DS-K1T8003MF,"2.4-inch LCD Display  Fingerprint Access Control Terminal, Built-in Mifare card reading module, Communication: TCP/IP，EHome;   1000 users, 1000 finger",976000,976000,976000,1488900,1140800,Aceess control&Door Phone,Hikvision Aceess control&Door Phone,2 Years Warranty,Hikvision
DS-K1A8503MF,"2.4-inch LCD Display  Fingerprint Time Attandence Terminal, Built-in Mifare card reading module, Communication: TCP/IP，ISUP5.0 1000 users, 1000 finger",840000,840000,840000,1281300,981800,Aceess control&Door Phone,Hikvision Aceess control&Door Phone,2 Years Warranty,Hikvision
DS-K1A8503EF,"2.4-inch LCD Display  Fingerprint Time Attandence Terminal, Built-in EM card reading module Communication: TCP/IP，ISUP5.0 1000 users, 1000 fingerprint",840000,840000,840000,1281300,981800,Aceess control&Door Phone,Hikvision Aceess control&Door Phone,2 Years Warranty,Hikvision
DS-K1T804AEF,"• Integrated management of access control and the attendance • Supports multiple languages: English, Vietnamese, Brazilian Portuguese, Spanish, French",1228000,1228000,1228000,1873200,1435300,Aceess control&Door Phone,Hikvision Aceess control&Door Phone,2 Years Warranty,Hikvision
DS-K1T804AMF,"2.4 inch LCD Display Standalone Access Control Terminal, Built-in Mifare card reading module,   Storage with 3,000 cards, 3,000 fingerprints and 100,0",1228000,1228000,1228000,1873200,1435300,Aceess control&Door Phone,Hikvision Aceess control&Door Phone,2 Years Warranty,Hikvision
DS-K1T805MBFWX,"Access Control Terminal,  Built-in Mifare card reading module and Bluetooth module; IP65、IK08，increased stability with aluminum alloy materials Storag",1848000,1848000,1848000,2819000,2160000,Aceess control&Door Phone,Hikvision Aceess control&Door Phone,2 Years Warranty,Hikvision
DS-K1T344MFX-E1,"Supports 4.5-inch LCD touch screen, 2 Mega pixel wide-angle lens, and built-in M1 card reading module Max.3000 faces capacity, Max.3000 fingerprints c",3965400,3965400,3965400,6048900,4634800,Aceess control&Door Phone,Hikvision Aceess control&Door Phone,2 Years Warranty,Hikvision
DS-K1T344MBFWX-E1,"Supports 4.5-inch LCD touch screen, 2 Mega pixel wide-angle lens, and built-in M1 card reading module Max.3000 faces capacity, Max.3000 fingerprints c",4107300,4107300,4107300,6265400,4800800,Aceess control&Door Phone,Hikvision Aceess control&Door Phone,2 Years Warranty,Hikvision
DS-K1T343MFX,"Face Recognition Terminal, 4.3-inch LCD touch screen,2 Mega pixel wide-angle lens,Built-in Mifare card reading module; Max.1,500 faces capacity  Max.3",2310000,2310000,2310000,3523700,2700000,Aceess control&Door Phone,Hikvision Aceess control&Door Phone,2 Years Warranty,Hikvision
DS-K1T342MFX,"Face Recognition Terminal, 4.3-inch LCD touch screen,2 Mega pixel wide-angle lens,Built-in Mifare card reading module; Max.1,500 faces capacity ，Max.3",2827700,2827700,2827700,4313500,3305200,Aceess control&Door Phone,Hikvision Aceess control&Door Phone,2 Years Warranty,Hikvision
DS-K1T342MFWX,"Face Recognition Terminal, 4.3-inch LCD touch screen,2 Mega pixel wide-angle lens,Built-in Mifare card reading module; Max.1,500 faces capacity ，Max.3",3110500,3110500,3110500,4744900,3635700,Aceess control&Door Phone,Hikvision Aceess control&Door Phone,2 Years Warranty,Hikvision
DS-K1T323MBFWX-E1,"Supports  2.4-inch display screen, 2 Mega pixel wide-angle lens, and built-in M1 card reading module  Max.1000 users capacity, Max.1000 faces capacity",2268400,2268400,2268400,3460300,2651400,Aceess control&Door Phone,Hikvision Aceess control&Door Phone,2 Years Warranty,Hikvision
DS-K1T320MFX,"Face Recognition Terminal, 2.4-inch LCD screen,2 Mega pixel wide-angle lens,Built-M:Mifare card reading module E: EM card reading module Max.500 faces",1454500,1454500,1454500,2218800,1700100,Aceess control&Door Phone,Hikvision Aceess control&Door Phone,2 Years Warranty,Hikvision
DS-K1T320EFX,,1454500,1454500,1454500,2218800,1700100,Aceess control&Door Phone,Hikvision Aceess control&Door Phone,2 Years Warranty,Hikvision
DS-K1T320MFWX,"Face Recognition Terminal, 2.4-inch LCD screen,2 Mega pixel wide-angle lens,Built-in Mifare card reading module; Max.500 faces capacity  Max.1,000 fin",1593000,1593000,1593000,2430100,1862000,Aceess control&Door Phone,Hikvision Aceess control&Door Phone,2 Years Warranty,Hikvision
DS-K1T321MFX,"Face Recognition Terminal, 2.4-inch LCD screen,2 Mega pixel wide-angle lens,Built-in Mifare card reading module E: EM card reading module Max.500 face",1662400,1662400,1662400,2535800,1943000,Aceess control&Door Phone,Hikvision Aceess control&Door Phone,2 Years Warranty,Hikvision
DS-K1T321EFX,,1662400,1662400,1662400,2535800,1943000,Aceess control&Door Phone,Hikvision Aceess control&Door Phone,2 Years Warranty,Hikvision
DS-K1T321MFWX,"Face Recognition Terminal, 2.4-inch LCD screen,2 Mega pixel wide-angle lens,Built-in Mifare card reading module; Max.500 faces capacity  Max.3,000 fin",1800900,1800900,1800900,2747100,2104900,Aceess control&Door Phone,Hikvision Aceess control&Door Phone,2 Years Warranty,Hikvision
DS-K1T320MFWX-B,"DS-K1T320MFWX with battery, 2500mAh",1904700,1904700,1904700,2905500,2226300,Aceess control&Door Phone,Hikvision Aceess control&Door Phone,2 Years Warranty,Hikvision
DS-K4H255-U,U-bracket for DS-K4H255S Suitable for lower edge frameless glass door,55500,55500,55500,84600,64800,Aceess control&Door Phone,Hikvision Aceess control&Door Phone,2 Years Warranty,Hikvision
DS-K4H255S,"● Magnetic lock supports up to 272 kg (600 Lbs) of thrust ● Power supply can be 12 VDC or 24 VDC, (default voltage is 12 VDC) ● Suitable for wooden do",256200,256200,256200,390900,299500,Aceess control&Door Phone,Hikvision Aceess control&Door Phone,2 Years Warranty,Hikvision
DS-K4H255-LZ,"● Bracket for DS-K4H255S ● L bracket is used for fixed lock body ● Z bracket is used for suction plate fixed, is equipped with antiskid and structure ",128100,128100,128100,195400,149700,Aceess control&Door Phone,Hikvision Aceess control&Door Phone,2 Years Warranty,Hikvision
DS-K7P03,"new version of DS-K7P03, there is ""/T"" in the label. Stainless steel panel, Led Indicator; Dimension(L×W×H): 86×86×25.7mm(3.39×3.39×1.01"").",311700,311700,311700,475600,364400,Aceess control&Door Phone,Hikvision Aceess control&Door Phone,2 Years Warranty,Hikvision
DS-K7P06,"Structure: stainless steel panel, metal button, metal bottom case; Dimension(L×W×H): 88×88×54mm(3.46×3.46×2.13"").",242400,242400,242400,369800,283400,Aceess control&Door Phone,Hikvision Aceess control&Door Phone,2 Years Warranty,Hikvision
DS-KAS-7M01,The Kit includes： Power supply:DS-K7M-AW24 x1 Single-door Magnetic Lock: DS-K4H255S x1 Single-door Magnetic Lock bracket: DS-K4H255-LZ x1 Push button:,1004400,1004400,1004400,1532100,1174000,Aceess control&Door Phone,Hikvision Aceess control&Door Phone,2 Years Warranty,Hikvision
DS-K7P07,"· Touchless exit button · Stainless steel panel · LED indicator status: Green/blue LED indicates working/standby · Dimension(L×W×H): 115×70×16mm（4.53""",155800,155800,155800,237800,182200,Aceess control&Door Phone,Hikvision Aceess control&Door Phone,2 Years Warranty,Hikvision
DS-K7P08,"· Touchless exit button · Stainless steel panel · LED indicator status: Green/blue LED indicates working/standby · Dimension(L×W×H): 86×86×16mm（3.39""×",155800,155800,155800,237800,182200,Aceess control&Door Phone,Hikvision Aceess control&Door Phone,2 Years Warranty,Hikvision
DS-FOGX-B6A1-L0(O-STD) 1C 1km,"Self-support FTTH (Fiber to the Home) drop cable: GJYXFCH, G.657A1  single-mode, LSZH sheath, black, 1 core, 1 KM",1545800,1545800,1545800,2358000,1806800,Fiber Optics,Hikvision Fiber Optics,2 Years Warranty,Hikvision
DS-FOGX-B6A1-L0(O-STD) 1C 2km,"Self-support FTTH (Fiber to the Home) drop cable: GJYXFCH, G.657A1  single-mode, LSZH sheath, black, 1core, 2 KM",3091500,3091500,3091500,4715900,3613500,Fiber Optics,Hikvision Fiber Optics,2 Years Warranty,Hikvision
DS-FOGX-B6A1-L0(O-STD) 2C 1km,"Self-support FTTH (Fiber to the Home) drop cable: GJYXFCH, G.657A1  single-mode, LSZH sheath, Black, 2 cores, 1 KM",2107800,2107800,2107800,3215400,2463700,Fiber Optics,Hikvision Fiber Optics,2 Years Warranty,Hikvision
DS-FOGX-B6A1-L0(O-STD) 2C 2km,"Self-support FTTH (Fiber to the Home) drop cable: GJYXFCH, G.657A1  single-mode, LSZH sheath, black, 2 cores, 2 KM",4145600,4145600,4145600,6323800,4845500,Fiber Optics,Hikvision Fiber Optics,2 Years Warranty,Hikvision
DS-1LN5E-E/E,"Cat5e，U/UTP，25AWG 0.45mm，PVC，UL CMX, CPR Eca，grey，305 m",1746100,1746100,1746100,2663600,2040900,Cable,Hikvision Cable,2 Years Warranty,Hikvision
DS-1LN6-UU,"Cat6，U/UTP，23AWG 0.565mm，PVC，UL CM, CPR Eca，orange，305 m",2873700,2873700,2873700,4383700,3358900,Cable,Hikvision Cable,2 Years Warranty,Hikvision
DS-1LN6U-G,Cat6，U/UTP，23AWG 0.55mm，PVC，grey，305 m,2557600,2557600,2557600,3901500,2989500,Cable,Hikvision Cable,2 Years Warranty,Hikvision
DS-1LN6UTC0,"UTP CAT 6,  305 meters,Core diameter: 0.51mm, Solid-Bare Copper, Grey",2084200,2084200,2084200,3179300,2436000,Cable,Hikvision Cable,2 Years Warranty,Hikvision
DS-1LN6UU/CCA,Cat6，U/UTP，23AWG，0.57mm，CCA，PVC，grey，305 m,966100,966100,966100,1473800,1129300,Cable,Hikvision Cable,2 Years Warranty,Hikvision
DS-1LN6-UE-W,"UTP CAT 6, 305 meters,Core diameter: 0.53mm,Solid Copper, CM,white",2536500,2536500,2536500,3869300,2964800,Cable,Hikvision Cable,2 Years Warranty,Hikvision
DS-1LN6U-W/CCA,Cat6，U/UTP，23AWG 0.585mm，PVC，white，305 m,1039900,1039900,1039900,1586300,1215500,Cable,Hikvision Cable,2 Years Warranty,Hikvision
DS-1LN6UZC0,Cat6，U/UTP，24AWG，0.50mm，PVC，grey，305 m,2206300,2206300,2206300,3365500,2578800,Cable,Hikvision Cable,2 Years Warranty,Hikvision
DS-1LN6UEC0,"CAT6 U/UTP Network Cable (Solid Copper, 0.53mm)",2410000,2410000,2410000,3676300,2816900,Cable,Hikvision Cable,2 Years Warranty,Hikvision
DS-1LN6OUSPE(O-STD) black 305m,Cat6，U/UTP，23AWG，0.55mm，PE，black，305 m,2768400,2768400,2768400,4223000,3235800,Cable,Hikvision Cable,2 Years Warranty,Hikvision
DS-1LN6OPSPE(O-STD)/Black 305m,Cat6，F/UTP，23AWG 0.565mm，PE，black，305 m,3558900,3558900,3558900,5428800,4159700,Cable,Hikvision Cable,2 Years Warranty,Hikvision
DS-1M5EUA-30U(O-STD)/100,"CAT5E，unsheilded, 30U，one piece ，100 units per bottle，ROHS 2.0",158100,158100,158100,241100,184800,Cable,Hikvision Cable,2 Years Warranty,Hikvision
DS-1M6UA-30U(O-STD)/100,"CAT6，unsheilded, 30U，one piece ，100 units per bottle, ROHS 2.0",235400,235400,235400,359100,275100,Cable,Hikvision Cable,2 Years Warranty,Hikvision
DS-1M5EUA-15U(O-STD)/100PCS,"CAT5E，unsheilded, 15U，one piece ，100 units per bottle, ROHS 2.0",115300,115300,115300,175900,134700,Cable,Hikvision Cable,2 Years Warranty,Hikvision
DS-1M6UA-15U(O-STD)/100PCS,"CAT6，unsheilded, 15U，one piece ，100 units per bottle, ROHS 2.0",195300,195300,195300,298000,228300,Cable,Hikvision Cable,2 Years Warranty,Hikvision
DS-1NP6UEC0(O-STD) blue 0.5m,"Patch cord, CAT6，U/UTP，24AWG，CU，PVC sheath，30U， blue，0.5 m",17600,17600,17600,26900,20600,Cable,Hikvision Cable,2 Years Warranty,Hikvision
DS-1NP6UEC0(O-STD) white 0.5m,"Patch cord, CAT6，U/UTP，24AWG，CU，PVC sheath，30U， white，0.5 m",17600,17600,17600,26900,20600,Cable,Hikvision Cable,2 Years Warranty,Hikvision
DS-D5019S0-1P0,"18.5"" 1366*768, HDMI/VGA input, view angle:178°/178°, plastic casing, ERP level A,VESA, base bracket included, 7*24h",1095300,1095300,1095300,1670800,1280200,Monitor,Hikvision Monitor,2 Years Warranty,Hikvision
DS-D5022F2-1V2,"21.5'', VA, HDMI/VGA input, Audio Output, 100Hz, Brightness 250nits, Contrast ratio 1000:1, Response time 6.5ms.",1169600,1169600,1169600,1784200,1367100,Monitor,Hikvision Monitor,2 Years Warranty,Hikvision
DS-D5022F2-1P2,"21.5'', IPS,HDMI/VGA input, Audio output, 100Hz, Brightness 250nits, Contrast ratio 1000:1, Response time 6.5ms.",1310700,1310700,1310700,1999500,1532000,Monitor,Hikvision Monitor,2 Years Warranty,Hikvision
DS-D5022F2-1V2S,"21.5'', VA,HDMI/VGA input, Audio Input, 100Hz, Speaker included, Brightness 250nits, Contrast ratio 1000:1, Response time 6.5ms.",1206800,1206800,1206800,1840900,1410500,Monitor,Hikvision Monitor,2 Years Warranty,Hikvision
DS-D5024F2-AV2(EU),"23.8"" 1080P, HDMI/VGA input,VA technology, view angle:178°/178°, 7ms Response Time, 100Hz refresh rate, 12V DC,7*16h",1429500,1429500,1429500,2180600,1670900,Monitor,Hikvision Monitor,2 Years Warranty,Hikvision
DS-D5024F2-BV2S(EU),"23.8"" 1080P, HDMI/VGA input,build in speaker,VA technology, view angle:178°/178°, 7ms Response Time, 100Hz refresh rate, 12V DC,7*24h",1555700,1555700,1555700,2373100,1818300,Monitor,Hikvision Monitor,2 Years Warranty,Hikvision
DS-2FA1225-C4,,165000,165000,165000,259800,194800,UPS&SPU,Hikvision UPS&SPU,2 Years Warranty,Hikvision
DS-2FA1205-C8,,201700,201700,201700,317500,238100,UPS&SPU,Hikvision UPS&SPU,2 Years Warranty,Hikvision
DS-UPS600,,586700,586700,586700,997400,744300,UPS&SPU,Hikvision UPS&SPU,2 Years Warranty,Hikvision
DS-UPS1000,,733300,733300,733300,1246700,930400,UPS&SPU,Hikvision UPS&SPU,2 Years Warranty,Hikvision
DS-UPS2000,,2108400,2108400,2108400,3584400,2674900,UPS&SPU,Hikvision UPS&SPU,2 Years Warranty,Hikvision
DS-UPS3000,,3391800,3391800,3391800,5766200,4303100,UPS&SPU,Hikvision UPS&SPU,2 Years Warranty,Hikvision
DS-UPS600-R(O-STD)/EU/Uni,,660100,660100,660100,1122200,837400,UPS&SPU,Hikvision UPS&SPU,2 Years Warranty,Hikvision
DS-UPS1000-R(O-STD)/EU/Uni,,843400,843400,843400,1433800,1070000,UPS&SPU,Hikvision UPS&SPU,2 Years Warranty,Hikvision
DS-UPS1200-R(O-STD)/EU/Uni,,1356800,1356800,1356800,2306500,1721300,UPS&SPU,Hikvision UPS&SPU,2 Years Warranty,Hikvision
DS-UPS2000-R(O-STD)/EU/Uni,,2236800,2236800,2236800,3802600,2837700,UPS&SPU,Hikvision UPS&SPU,2 Years Warranty,Hikvision
DS-UPS3000-R(O-STD)/EU/Uni,,3593600,3593600,3593600,6109200,4559100,UPS&SPU,Hikvision UPS&SPU,2 Years Warranty,Hikvision
DS-UPS600-R(O-STD)/EU,,678400,678400,678400,1153200,860600,UPS&SPU,Hikvision UPS&SPU,2 Years Warranty,Hikvision
DS-UPS1000-R(O-STD)/EU,,880100,880100,880100,1496200,1116600,UPS&SPU,Hikvision UPS&SPU,2 Years Warranty,Hikvision
DS-UPS1200-R(O-STD)/EU,,1411700,1411700,1411700,2400000,1791000,UPS&SPU,Hikvision UPS&SPU,2 Years Warranty,Hikvision
DS-UPS2000-R(O-STD)/EU,,2310200,2310200,2310200,3927400,2930800,UPS&SPU,Hikvision UPS&SPU,2 Years Warranty,Hikvision
DS-UPS3000-R(O-STD)/EU,,3703600,3703600,3703600,6296100,4698600,UPS&SPU,Hikvision UPS&SPU,2 Years Warranty,Hikvision
DS-UPS01K24-R/TJS,,5528250,5528250,5528250,11056500,,Online UPS,Hikvision Online UPS,2 Years Warranty,Hikvision
DS-UPS02K48-R/TJS,,8201250,8201250,8201250,16402500,,Online UPS,Hikvision Online UPS,2 Years Warranty,Hikvision
DS-UPS03K72-R/TJS,,10100700,10100700,10100700,20201400,,Online UPS,Hikvision Online UPS,2 Years Warranty,Hikvision
DS-UPS06K-R/TJL,,20318850,20318850,20318850,40637700,,Online UPS,Hikvision Online UPS,2 Years Warranty,Hikvision
DS-UPS10K-R/TJL,,24709050,24709050,24709050,49418100,,Online UPS,Hikvision Online UPS,2 Years Warranty,Hikvision
DS-UPSB09192A-R/TJ,,19885500,19885500,19885500,39771000,,Online UPS,Hikvision Online UPS,2 Years Warranty,Hikvision
DS-UPSB09240A-R/TJ,,23542650,23542650,23542650,47085300,,Online UPS,Hikvision Online UPS,2 Years Warranty,Hikvision
R Series UPS Rack Slide 4-post,,1053000,1053000,1053000,2106000,,Online UPS,Hikvision Online UPS,2 Years Warranty,Hikvision
R Series UPS SNMP Card,,1782000,1782000,1782000,3564000,,Online UPS,Hikvision Online UPS,2 Years Warranty,Hikvision
R Series UPS MAS4 Card,,810000,810000,810000,1620000,,Online UPS,Hikvision Online UPS,2 Years Warranty,Hikvision
DS-3WAP522-SI,"1200 Mbps Dual-band Wi-Fi 5 Gigabit ceiling mount indoor AP, 2x2 MIMO, 1 Gigabit port with PoE in, Max/Recommend user access is 256/80, HPP/HC unified",918925,918925,918925,1010817,1010817,Access Point,Hikvision Access Point,2 Years Warranty,Hikvision
DS-3WAP622G-SI,"1800 Mbps Dual-band Wi-Fi 6 Gigabit ceiling mount indoor AP, 2x2 MIMO, 1 Gigabit port with PoE in, Max/Recommend user access is 256/100, HPP/HC unifie",1403784,1403784,1403784,1544162,1544162,Access Point,Hikvision Access Point,2 Years Warranty,Hikvision
DS-3WAP622E-SI,"3000 Mbps Dual-band Wi-Fi 6 Gigabit ceiling mount indoor AP, 2x2 MIMO, 1 2.5G Multi-Giga port with PoE in, Max/Recommend user access is 256/100, HPP/H",2538703,2538703,2538703,4569666,3046444,Access Point,Hikvision Access Point,2 Years Warranty,Hikvision
DS-3WAP521-SI,"1200 Mbps Dual-band Wi-Fi 5 Gigabit in-Wall indoor AP, 2x2 MIMO, 2 Gigabit port with 1 PoE in, Max/Recommend user access is 128/50, HPP/HC unified clo",787667,787667,787667,866434,866434,Access Point,Hikvision Access Point,2 Years Warranty,Hikvision
DS-3WAP621E-SI,"3000 Mbps Dual-band Wi-Fi 6 Gigabit in-Wall indoor AP, 2x2 MIMO, 2 Gigabit port with 1 PoE in, Max/Recommend user access is 256/70, HPP/HC unified clo",1207813,1207813,1207813,2174064,1449376,Access Point,Hikvision Access Point,2 Years Warranty,Hikvision
DS-3WAP623E-SI,"3000 Mbps Dual-band Wi-Fi 6 Gigabit outdoor AP, 2x2 MIMO, 1 Gigabit port with PoE in, IP68, Max/Recommend user access is 256/100, HPP/HC unified cloud",2858977,2858977,2858977,5146159,3430772,Access Point,Hikvision Access Point,2 Years Warranty,Hikvision
DS-3WG105G-SI,"Concurrent Users 100, Up to 4 WAN Loadbalancing, 2 Gigabit WAN Ports with 1 WAN/LAN Switchable, 3 Gigabit LAN Ports with 2 LAN/WAN Switchable, 32 APs,",1048717,1048717,1048717,1153589,1153589,Access Point,Hikvision Access Point,2 Years Warranty,Hikvision
DS-3WG105GP-SI,"Concurrent Users 100, Up to 2 WAN Loadbalancing,  1 Gigabit WAN Port, 4 Gigabit PoE LAN Ports with 1 LAN/WAN Switchable, 32 APs, 58w, IPSec throughput",1369174,1369174,1369174,2464513,1643009,Access Point,Hikvision Access Point,2 Years Warranty,Hikvision
DS-3WG210GP-SI,"Concurrent Users 200, Up to 4 WAN Loadbalancing, 2 Gigabit WAN Ports with 1 WAN/LAN Switchable, 8 Gigabit PoE LAN Ports with 2 LAN/WAN Switchable, 200",1966576,1966576,1966576,3539837,2359891,Access Point,Hikvision Access Point,2 Years Warranty,Hikvision
DS-3WG507G-SI,"Concurrent Users 500, Up to 6 WAN Loadbalancing, 1 Gigabit RJ45/SFP Optional Combo WAN Port, 1 Gigabit RJ45 WAN Port WAN/LAN Switchable, 1 Gigabit SFP",2728519,2728519,2728519,4911334,3274222,Access Point,Hikvision Access Point,2 Years Warranty,Hikvision
DS-3WR3N,"11n 300M WiFi4 wireless router, 2.4GHz 300Mbps, 3 × 100 Mbps LAN ports, 1 × 100 Mbps WAN port, 2 × 5-dBi antennas, Hik-Connect App",228900,228900,228900,274600,257500,Wifi Home Router,Hikvision Wifi Home Router,2 Years Warranty,Hikvision
DS-3WR12C,"AC1200M Dual-band WiFi5 wireless router, 5GHz: 867Mbps + 2.4GHz 300Mbps, 3 × 100 Mbps LAN ports, 1 × 100 Mbps WAN port, 4 × 5-dBi antennas, Hik-Connec",355900,355900,355900,427100,400400,Wifi Home Router,Hikvision Wifi Home Router,2 Years Warranty,Hikvision
DS-3WR12GC,"AC1200M Dual-band WiFi5 wireless router, 5GHz: 867Mbps + 2.4GHz 300Mbps, 3 × Gigabit LAN ports, 1 × Gigabit WAN port, 4 × 5-dBi antennas, Hik-Connect ",457500,457500,457500,549000,514700,Wifi Home Router,Hikvision Wifi Home Router,2 Years Warranty,Hikvision
DS-3WR4G12C,"4G LTE Wi-Fi Router, Max 4G speed: DL:150Mbps; UL:50Mbps Wi-Fi speed: 2.4GHz:300Mbps ; 5GHz:867Mbps 4G Cartgory LTE CAT.4 Support FDD LTE,TDD-LTE,WCDM",900400,900400,900400,1080500,1013000,Wifi Home Router,Hikvision Wifi Home Router,2 Years Warranty,Hikvision
DS-3WR15X,"AX1500M Dual-band WiFi 6 wireless router, 5GHz: 1201Mbps + 2.4GHz 300Mbps, 3 × 1000 Mbps LAN ports, 1 × 1000 Mbps WAN port, 4 × high gain antennas, Hi",689800,689800,689800,827700,776000,Wifi Home Router,Hikvision Wifi Home Router,2 Years Warranty,Hikvision
DS-3WR4G3N,"4G LTE Wi-Fi Router, Max 4G speed: DL:150Mbps; UL:50Mbps Wi-Fi speed: 2.4GHz:300Mbps 4G Cartgory LTE CAT.4 Support FDD LTE,TDD-LTE,WCDMA",671600,671600,671600,806000,755600,Wifi Home Router,Hikvision Wifi Home Router,2 Years Warranty,Hikvision
DS-3WR12C-H,"AC1200M Dual-band WiFi5 wireless router, 5GHz: 867Mbps + 2.4GHz 300Mbps, 3 × 100 Mbps LAN ports, 1 × 100 Mbps WAN port, 4 × 5-dBi antennas，Hik-Connect",572700,572700,572700,687300,644300,Wifi Home Router,Hikvision Wifi Home Router,2 Years Warranty,Hikvision
DS-3WR12GC-H,"AC1200M Dual-band WiFi5 wireless router, 5GHz: 867Mbps + 2.4GHz 300Mbps, 3 × Gigabit LAN ports, 1 × Gigabit WAN port, 4 × 5-dBi antennas，Hik-Connect, ",627200,627200,627200,752700,705600,Wifi Home Router,Hikvision Wifi Home Router,2 Years Warranty,Hikvision
DS-QAE0203G1-V,"3W speakers，100V, Max SPL:95 dB, Frequency Response:90 Hz~20 kHz",148500,148500,148500,225000,175500,Analog Speaker,Hikvision Analog Speaker,2 Years Warranty,Hikvision
DS-QAE0203G1E-V,"Entry level 3W speakers，Max SPL:95 dB, Frequency Response:90 Hz~20 kHz",137200,137200,137200,207879,162145,Analog Speaker,Hikvision Analog Speaker,2 Years Warranty,Hikvision
DS-QAE0206G1-V,"6W speakers，Max SPL:98 dB, Frequency Response:90 Hz~20 kHz",160000,160000,160000,242424,189091,Analog Speaker,Hikvision Analog Speaker,2 Years Warranty,Hikvision
DS-QAE0206G1E-V,"Entry level 6W speakers，Max SPL:98 dB, Frequency Response:90 Hz~20 kHz",156200,156200,156200,236667,184600,Analog Speaker,Hikvision Analog Speaker,2 Years Warranty,Hikvision
DS-QAE0420G1-V,"20W speakers, Max SPL:96 dB, Frequency Response:100 Hz~20 kHz",853700,853700,853700,1293485,1008918,Analog Speaker,Hikvision Analog Speaker,2 Years Warranty,Hikvision
DS-QAE0120G1R,"Rated Power: 70 V:  5 W/10 W/1 5W/20 W , 100 V:  5 W/10 W/15 W/20 W;Max SPL:103 dB;Frequency Response:130 Hz to 17.5 kHz;Support horizontal and vertic",689800,689800,689800,1045152,815218,Analog Speaker,Hikvision Analog Speaker,2 Years Warranty,Hikvision
DS-QAE0120G1R/BLACK,"Rated Power: 70 V:  5 W/10 W/1 5W/20 W , 100 V:  5 W/10 W/15 W/20 W;Max SPL:103 dB;Frequency Response:130 Hz to 17.5 kHz;Support horizontal and vertic",689800,689800,689800,1045152,815218,Analog Speaker,Hikvision Analog Speaker,2 Years Warranty,Hikvision
DS-QAE0330G1T-V,"Analog Passive Horn Speaker 30W, Max SPL: 120 dB, Frequency Response: 250 Hz-8 kHz; Multiple power levels are optional;  IP65",419000,419000,419000,634848,495182,Analog Speaker,Hikvision Analog Speaker,2 Years Warranty,Hikvision
DS-QAZ0610G1,1* 1.0-inch tweeter and 1* 6.5-inch woofer ;  89dB Nominal Sensitivity;  98dB@1m Rated Maximum SPL;  120Hz~20kHz(-10dB)  bandwidth;,775900,775900,775900,1175606,916973,Analog Speaker,Hikvision Analog Speaker,2 Years Warranty,Hikvision
DS-QAZ0610G1/BLACK,1* 1.0-inch tweeter and 1* 6.5-inch woofer ;  89dB Nominal Sensitivity;  98dB@1m Rated Maximum SPL;  120Hz~20kHz(-10dB)  bandwidth;,775900,775900,775900,1175606,916973,Analog Speaker,Hikvision Analog Speaker,2 Years Warranty,Hikvision
DS-QAZ0630G1,1* 1.0-inch tweeter and 1* 6.5-inch woofer ;  92dB Nominal Sensitivity;  104dB@1m Rated Maximum SPL;  80Hz~20kHz(-10dB)  bandwidth;,1165800,1165800,1165800,1766364,1377764,Analog Speaker,Hikvision Analog Speaker,2 Years Warranty,Hikvision
DS-QAZ0630G1/BLACK,1* 1.0-inch tweeter and 1* 6.5-inch woofer ;  92dB Nominal Sensitivity;  104dB@1m Rated Maximum SPL;  80Hz~20kHz(-10dB)  bandwidth;,1165800,1165800,1165800,1766364,1377764,Analog Speaker,Hikvision Analog Speaker,2 Years Warranty,Hikvision
DS-QAZ0510G1,1* 1.0-inch tweeter and 1* 6.5-inch woofer ;_x000D_  89dB Nominal Sensitivity;_x000D_  98dB@1m Rated Maximum SPL;_x000D_  120Hz~20kHz(-10dB)  bandwidt,826900,826900,826900,1252879,977245,Analog Speaker,Hikvision Analog Speaker,2 Years Warranty,Hikvision
DS-QAZ0510G1/BLACK,1* 1.0-inch tweeter and 1* 6.5-inch woofer ;_x000D_  89dB Nominal Sensitivity;_x000D_  98dB@1m Rated Maximum SPL;_x000D_  120Hz~20kHz(-10dB)  bandwidt,826900,826900,826900,1252879,977245,Analog Speaker,Hikvision Analog Speaker,2 Years Warranty,Hikvision
DS-QAZ0530G1,1* 1.0-inch tweeter and 1* 6.5-inch woofer ;_x000D_  92dB Nominal Sensitivity;_x000D_  104dB@1m Rated Maximum SPL;_x000D_  80Hz~20kHz(-10dB)  bandwidt,1249500,1249500,1249500,1893182,1476682,Analog Speaker,Hikvision Analog Speaker,2 Years Warranty,Hikvision
DS-QAZ0530G1/BLACK,1* 1.0-inch tweeter and 1* 6.5-inch woofer ;_x000D_  92dB Nominal Sensitivity;_x000D_  104dB@1m Rated Maximum SPL;_x000D_  80Hz~20kHz(-10dB)  bandwidt,1249500,1249500,1249500,1893182,1476682,Analog Speaker,Hikvision Analog Speaker,2 Years Warranty,Hikvision
DS-QAE0A60G1-VB,"60W constant resistance/constant voltage amplifier; Support four types of audio input: Bluetooth, USB flash drive, microphone, and RCA; Support indepe",1756000,1756000,1756000,2660606,2075273,Analog Speaker,Hikvision Analog Speaker,2 Years Warranty,Hikvision
DS-QAE1A80G1-VB,"80W constant resistance/constant voltage Network amplifier; Support four types of audio input: Bluetooth, USB flash drive, microphone, and RCA; Suppor",2009400,2009400,2009400,3044545,2374745,Analog Speaker,Hikvision Analog Speaker,2 Years Warranty,Hikvision
DS-QAZ1A500G1-VB2/EU,"500W 2-zones IP amplifier · Supports real-time and scheduled tasks, resume play, and audio material library management · Support alarm input, arming s",7397900,7397900,7397900,11208939,8742973,Analog Speaker,Hikvision Analog Speaker,2 Years Warranty,Hikvision
DS-QAZ1A1000G1-VB4/EU,"1000W 4-zones IP amplifier · Supports real-time and scheduled tasks, resume play, and audio material library management · Support alarm input, arming ",10879200,10879200,10879200,16483636,12857236,Analog Speaker,Hikvision Analog Speaker,2 Years Warranty,Hikvision
DS-QAE0A120G1-VB6/EU,"120W, 6-zones Analog Amplifier;2-AUX in, 2-MIC in, 1-EMC in, 1-RCA out",2627200,2627200,2627200,3980606,3104873,Analog Speaker,Hikvision Analog Speaker,2 Years Warranty,Hikvision
DS-QAE0A240G1-VB6/EU,"240W, 6-zones Analog Amplifier;2-AUX in, 2-MIC in, 1-EMC in, 1-RCA out",3675300,3675300,3675300,5568636,4343536,Analog Speaker,Hikvision Analog Speaker,2 Years Warranty,Hikvision
DS-QAZ1MP7G1/EU,"7-inch color IPS touch screen, resolution: 1024 × 600 Support real-time broadcasting, speaking, or playing media library files on specified partitions",3060000,3060000,3060000,4636364,3616364,Analog Speaker,Hikvision Analog Speaker,2 Years Warranty,Hikvision
DS-TMG320-ML/B(Barrier Body),"Leftward, with barrier body indicator Built-in 1*octagonal chuck, 1*spring, 2*remote controllers and other accessories",6945750,6945750,6945750,10685769,8014327,32 Series Barrier,Hikvision 32 Series Barrier,2 Years Warranty,Hikvision
DS-TMG320-MR/B(Barrier Body),"Rightward, with barrier body indicator Built-in 1*octagonal chuck, 1*spring, 2*remote controllers and other accessories",6945750,6945750,6945750,10685769,8014327,32 Series Barrier,Hikvision 32 Series Barrier,2 Years Warranty,Hikvision
DS-TMG001-3D(3m octagonal),3m octagonal straight pole,884520,884520,884520,1360800,1020600,32 Series Barrier,Hikvision 32 Series Barrier,2 Years Warranty,Hikvision
DS-TMG102,"Anti-collision octagonal boom pole chuck adapter for 32X series barrier gate, 1PCS fit for straight/telescopic/light boom pole no more than 4m length ",571590,571590,571590,879369,659527,32 Series Barrier,Hikvision 32 Series Barrier,2 Years Warranty,Hikvision
DS-TMG001-3D(2.6-4m),Octagonal telescopic pole (2.6-4m),1190700,1190700,1190700,1831846,1373885,32 Series Barrier,Hikvision 32 Series Barrier,2 Years Warranty,Hikvision
DS-TMG001-3D(3.6-6m),Octagonal telescopic pole (3.6-6m),1496880,1496880,1496880,2302892,1727169,32 Series Barrier,Hikvision 32 Series Barrier,2 Years Warranty,Hikvision
Integrated gate 4-Spring components 2,Φ5 spring Dimension:  475 × 34 × 34 mm,152685,152685,152685,234900,176175,32 Series Barrier,Hikvision 32 Series Barrier,2 Years Warranty,Hikvision
EEBracket-L800-950(barrier),"Bracket for barrier gate tail end, suitable for 5m/6m barrier.",524610,524610,524610,807092,605319,30 Barrier Spare part,Hikvision 30 Barrier Spare part,2 Years Warranty,Hikvision
DS-TMG001-6L(3m)(1.4mm),3m light pole with 1.4mm reinforced wall thickness,1718010,1718010,1718010,2643092,1982319,32 Series Barrier,Hikvision 32 Series Barrier,2 Years Warranty,Hikvision
DS-TMG001-6L(4m)(1.4mm),4m light pole with 1.4mm reinforced wall thickness,2102625,2102625,2102625,3234808,2426106,32 Series Barrier,Hikvision 32 Series Barrier,2 Years Warranty,Hikvision
DS-TMG002-6(2+2m)(1.4mm),2m+2m folding light pole with 1.4mm reinforced wall thickness,2929500,2929500,2929500,4506923,3380192,32 Series Barrier,Hikvision 32 Series Barrier,2 Years Warranty,Hikvision
DS-TMG002-6L(1.5+1.5m)(1.4mm),1.5m+1.5m folding light pole with 1.4mm reinforced wall thickness,2551500,2551500,2551500,3925385,2944038,32 Series Barrier,Hikvision 32 Series Barrier,2 Years Warranty,Hikvision
DS-TMG002-6L(2+2m)(1.4mm),2m+2m folding light pole with 1.4mm reinforced wall thickness,2929500,2929500,2929500,4506923,3380192,32 Series Barrier,Hikvision 32 Series Barrier,2 Years Warranty,Hikvision
DS-TMG012-A1,"Remote control for barrier gate(batteries) Battery specification: 23A,12V  Dimension: 80 x 40 x 16 mm Weight: 0.03kg",137025,137025,137025,210808,158106,32 Series Barrier,Hikvision 32 Series Barrier,2 Years Warranty,Hikvision
TMG080-3,Manual control box for barrier gate,375840,375840,375840,578215,433662,30 Barrier Spare part,Hikvision 30 Barrier Spare part,2 Years Warranty,Hikvision
DS-TMG040,"Adaptable battery specifications: Only the control board is included in the barrier gare battery box, customers need to buy the battery separately.  1",724275,724275,724275,1114269,835702,32 Series Barrier,Hikvision 32 Series Barrier,2 Years Warranty,Hikvision
DS-TVL221-1-6D,Red light/green light switchable mode to show the status of barrier gate,2932335,2932335,2932335,4511285,3383463,32 Series Barrier,Hikvision 32 Series Barrier,2 Years Warranty,Hikvision
DS-TMG100-32,"Octagonal boom pole chuck for 32X series barrier gate, 1PCS",505035,505035,505035,776977,582733,32 Series Barrier,Hikvision 32 Series Barrier,2 Years Warranty,Hikvision
DS-TMG131-32,10PCS spring of 32X series barrier gate (material code 190616532),1526850,1526850,1526850,2349000,1761750,32 Series Barrier,Hikvision 32 Series Barrier,2 Years Warranty,Hikvision
DS-TMG060-32,Emergency barrier-lifting module for 32 series barrier,587250,587250,587250,903462,677596,32 Series Barrier,Hikvision 32 Series Barrier,2 Years Warranty,Hikvision
DS-TMG300,"Motor: DC brushless motor Barrier Boom: 3m light pole, left direction Rising Speed: 3 S Falling Speed: 3 S MCBF: 2,500,000 Power Supply: 24 VDC Protec",9123124,9123124,9123124,14035576,10526682,30 series Barrier,Hikvision 30 series Barrier,2 Years Warranty,Hikvision
DS-TMG022,"Including 2 inputs of inductive loops Recognizes vehicles of more than two wheels Fastest Response Time: 3.5ms Output Port: 2 relay output, VDRM 70 V,",1045958,1045958,1045958,1821409,1092845,30 series Barrier,Hikvision 30 series Barrier,2 Years Warranty,Hikvision
DS-TMG023,"50m,FVN49/0.26 Working Temperature: -60 °C to 105 °C Length: 50 m",534398,534398,534398,930589,558353,30 series Barrier,Hikvision 30 series Barrier,2 Years Warranty,Hikvision
DS-TMG035,"Transmitting frequency: 79GHz Working mode: Trigger Radar Beam width: Vertical 10°, Horizontal 38°, relay output Trigger distance: 0.3 to 6m (adjustab",3120059,3120059,3120059,5433207,3259924,30 series Barrier,Hikvision 30 series Barrier,2 Years Warranty,Hikvision
L1500-X800-R125(TCGX06),Pole for LPR camera unit TCGX06 Color: Platinum brown Length: 1.5m Diameter: 60mm Material: Carbon Steel Q235,1640189,1640189,1640189,2856192,1713715,30 series Barrier,Hikvision 30 series Barrier,2 Years Warranty,Hikvision
DS-TCG406-E,"ANPR Camera: 4MP, 2688 × 1520, CMOS,1/1.8"", 25fps, 2.8-12mm and 8-32mm motorized lens Supplement Light: Embedded 2 LED lights(integrated white light a",9508165,9508165,9508165,16557321,9934393,30 series Barrier,Hikvision 30 series Barrier,2 Years Warranty,Hikvision
DS-TMC200,"ANPR kit, including ANPR camera, LED display and external supplement light default white light mode, (I): IR model Capture and display are integrated:",10962000,10962000,10962000,19089000,11453400,30 series Barrier,Hikvision 30 series Barrier,2 Years Warranty,Hikvision
TMG001-3(3m octagonal),3m octagonal boom pole,1131435,1131435,1131435,1740669,1305502,30 Barrier Spare part,Hikvision 30 Barrier Spare part,2 Years Warranty,Hikvision
DS-TMG001-3(4m octagonal),4m octagonal boom pole,1522935,1522935,1522935,2342977,1757233,30 Barrier Spare part,Hikvision 30 Barrier Spare part,2 Years Warranty,Hikvision
DS-TMG001-3(6m octagonal),6m octagonal boom pole,1914435,1914435,1914435,2945285,2208963,30 Barrier Spare part,Hikvision 30 Barrier Spare part,2 Years Warranty,Hikvision
TMG011-3(octagonal chuck),Octagonal pole chuck,387585,387585,387585,596285,447213,30 Barrier Spare part,Hikvision 30 Barrier Spare part,2 Years Warranty,Hikvision
TMG021-3(octagonal bag),"Pole handle cover, Pole handle gasket, 2 M3*8 Cross recessed countersunk head screw (SUS304), 4 M8*65 Hexagon socket head screw (stainless steel 304),",270135,270135,270135,415592,311694,30 Barrier Spare part,Hikvision 30 Barrier Spare part,2 Years Warranty,Hikvision
TMG001-3(2.5-4.5m),Octagonal telescopic pole (2.5-4.5m),1522935,1522935,1522935,2342977,1757233,30 Barrier Spare part,Hikvision 30 Barrier Spare part,2 Years Warranty,Hikvision
TMG001-3(3.4-6m),Octagonal telescopic pole (3.4-6m),1914435,1914435,1914435,2945285,2208963,30 Barrier Spare part,Hikvision 30 Barrier Spare part,2 Years Warranty,Hikvision
TMG021-3(octagonal telescopic bag),"Pole handle cover, 2 M8*65 external hexagon head screw (stainless steel 304), 2 M8 Anti-loosening nut, 2 Φ8 Flat washer (SUS304)",270135,270135,270135,415592,311694,30 Barrier Spare part,Hikvision 30 Barrier Spare part,2 Years Warranty,Hikvision
DS-TMG001-3(3m/24V light),3m boom pole with strip light,2200230,2200230,2200230,3384969,2538727,30 Barrier Spare part,Hikvision 30 Barrier Spare part,2 Years Warranty,Hikvision
DS-TMG001-3(4m/24V light),4m boom pole with strip light,2579985,2579985,2579985,3969208,2976906,30 Barrier Spare part,Hikvision 30 Barrier Spare part,2 Years Warranty,Hikvision
DS-TMG001-3(6m/24V light),6m boom pole with strip light,3284685,3284685,3284685,5053362,3790021,30 Barrier Spare part,Hikvision 30 Barrier Spare part,2 Years Warranty,Hikvision
TMG011-3(strip light pole chuck),Strip light pole chuck,387585,387585,387585,596285,447213,30 Barrier Spare part,Hikvision 30 Barrier Spare part,2 Years Warranty,Hikvision
TMG021-3(strip light pole bag),"Rod Handle Protective Shield Cap, Pole handle cover (light pole), Pole handle gasket, 2 M8*70 external hexagon head screw(stainless steel 304), 2 M3*8",270135,270135,270135,415592,311694,30 Barrier Spare part,Hikvision 30 Barrier Spare part,2 Years Warranty,Hikvision
TMG002-3(1.5+1.5m),1.5+1.5 m folding boom pole,1663875,1663875,1663875,2559808,1919856,30 Barrier Spare part,Hikvision 30 Barrier Spare part,2 Years Warranty,Hikvision
TMG002-3(2+2m),2+2 m folding boom pole,1820475,1820475,1820475,2800731,2100548,30 Barrier Spare part,Hikvision 30 Barrier Spare part,2 Years Warranty,Hikvision
TMG002-3(2.5+2.5m),2.5+2.5 m folding boom pole,1992735,1992735,1992735,3065746,2299310,30 Barrier Spare part,Hikvision 30 Barrier Spare part,2 Years Warranty,Hikvision
TMG001-3(2.5-4.5m anti-octagonal),Anti-collision octagonal telescopic pole (2.5-4.5m),1522935,1522935,1522935,2342977,1757233,30 Barrier Spare part,Hikvision 30 Barrier Spare part,2 Years Warranty,Hikvision
TMG021-3(anti-octagonal telescopic bag),"Anti-Collision pole handle, 2 M8*30 internal hexagon flat head screw (SUS304), 2 M8 Anti-loosening nut, Anti-Collision clamp sleeve, Upper shaft sleev",348435,348435,348435,536054,402040,30 Barrier Spare part,Hikvision 30 Barrier Spare part,2 Years Warranty,Hikvision
TMG001-3(4m round),4m round pole,2188485,2188485,2188485,3366900,2525175,30 Barrier Spare part,Hikvision 30 Barrier Spare part,2 Years Warranty,Hikvision
TMG001-3(6m round),6m round pole,2658285,2658285,2658285,4089669,3067252,30 Barrier Spare part,Hikvision 30 Barrier Spare part,2 Years Warranty,Hikvision
TMG011-3(round chuck),Round pole chuck,387585,387585,387585,596285,447213,30 Barrier Spare part,Hikvision 30 Barrier Spare part,2 Years Warranty,Hikvision
TMG021-3(round bag),"4 Anti-Collision shaft sleeve, 2 M10*85 internal hexagon cylindrical head screw (SUS304), 2 M10 Anti-loosening nut, 4 Φ10 Flat washer (SUS304)",105705,105705,105705,162623,121967,30 Barrier Spare part,Hikvision 30 Barrier Spare part,2 Years Warranty,Hikvision
TMG001-3(3m anti-round),3m anti-collision round pole,1914435,1914435,1914435,2945285,2208963,30 Barrier Spare part,Hikvision 30 Barrier Spare part,2 Years Warranty,Hikvision
TMG001-3(4m anti-round),4m anti-collision round pole,2188485,2188485,2188485,3366900,2525175,30 Barrier Spare part,Hikvision 30 Barrier Spare part,2 Years Warranty,Hikvision
TMG021-3(anti-round bag),"2 Anti-Collision shaft sleeve, 2 Anti-Collision shaft clamping sleeve, 4 M5*12 internal hexagon countersunk head screw (SUS304), 4 M5 Hexagon nut(SUS3",191835,191835,191835,295131,221348,30 Barrier Spare part,Hikvision 30 Barrier Spare part,2 Years Warranty,Hikvision
TMG000-3/TMG30X-A(φ5.0),Φ5.0 spring,152685,152685,152685,234900,176175,30 Barrier Spare part,Hikvision 30 Barrier Spare part,2 Years Warranty,Hikvision
TMG000-3/TMG30X-A(φ6.5),Φ6.5 spring,152685,152685,152685,234900,176175,30 Barrier Spare part,Hikvision 30 Barrier Spare part,2 Years Warranty,Hikvision
Leftward DC motor of 30 barrier gate,Motor（left） for TMG300,4099005,4099005,4099005,6306162,4729621,30 Barrier Spare part,Hikvision 30 Barrier Spare part,2 Years Warranty,Hikvision
Rightward DC motor of 30 barrier gate,Motor（right） for TMG300,4099005,4099005,4099005,6306162,4729621,30 Barrier Spare part,Hikvision 30 Barrier Spare part,2 Years Warranty,Hikvision
TMG090-30(control box),control box for TMG300,1648215,1648215,1648215,2535715,1901787,30 Barrier Spare part,Hikvision 30 Barrier Spare part,2 Years Warranty,Hikvision
DS-TMG012-4W,"Remote controller for barrier gate(without batteries),Battery specification 23A,12V",230985,230985,230985,355362,266521,30 Barrier Spare part,Hikvision 30 Barrier Spare part,2 Years Warranty,Hikvision
Antenna of barrier gate,Antenna of barrier gate,348435,348435,348435,536054,402040,30 Barrier Spare part,Hikvision 30 Barrier Spare part,2 Years Warranty,Hikvision
"IPS,A-200GD-24,AC176~264V,24V8.3A",Industrial switching power supply,3128085,3128085,3128085,4812438,3609329,30 Barrier Spare part,Hikvision 30 Barrier Spare part,2 Years Warranty,Hikvision
"Circuit Breaker,NXB-63-C10-2P",Air break switch,191835,191835,191835,295131,221348,30 Barrier Spare part,Hikvision 30 Barrier Spare part,2 Years Warranty,Hikvision
Housing of 30 barrier gate,Housing of TMG300,3073275,3073275,3073275,4728115,3546087,30 Barrier Spare part,Hikvision 30 Barrier Spare part,2 Years Warranty,Hikvision
Housing door of 30 barrier gate,Door of the housing for TMG300,587250,587250,587250,903462,677596,30 Barrier Spare part,Hikvision 30 Barrier Spare part,2 Years Warranty,Hikvision
RG-LIC-EG-SDW-S-1Device-1Y,"Code S, SD-WAN license apply for EG100/200/300/400 Series, 1 device, 1 year. RMA supported",306471,306471,306471,485000,,Ruijie Reyee,Ruijie Reyee Pricelist,1 Years Warranty,Ruijie
RG-LIC-EG-SDW-M-1Device-1Y,"Code M, SD-WAN license apply for EG1510XS Series, 1 device, 1 year. RMA supported",918803,918803,918803,1455000,,Ruijie Reyee,Ruijie Reyee Pricelist,1 Years Warranty,Ruijie
RG-EG105GW(T),"5-Port All-in-One Cloud Managed Router, Max. 4 x Gigabit WAN, AC1300 Dual Band",1334220,1283160,1283160,1878000,,Ruijie Reyee,Ruijie Reyee Pricelist,3 Years Warranty,Ruijie
RG-EG105GW-X,"5-Port All-in-One Cloud Managed Router, Max. 4 x Gigabit WAN, AX3000 Dual Band",2292150,2204460,2204460,3196000,,Ruijie Reyee,Ruijie Reyee Pricelist,3 Years Warranty,Ruijie
RG-EG105G-V3,"5-Port Gigabit Cloud Managed Router, Max. 2 x Gigabit WAN",1000110,961260,961260,1408000,,Ruijie Reyee,Ruijie Reyee Pricelist,3 Years Warranty,Ruijie
RG-EG209GS,"9-Port Gigabit Cloud Managed Router, Max. 4 x Gigabit WAN, 1 x SFP port",1444110,1388610,1388610,2035000,,Ruijie Reyee,Ruijie Reyee Pricelist,3 Years Warranty,Ruijie
RG-EG310GH-E,"10-Port Gigabit Cloud Managed Router, Max. 4 x Gigabit WAN",3167940,3045840,3045840,4444000,,Ruijie Reyee,Ruijie Reyee Pricelist,3 Years Warranty,Ruijie
RG-EG406XS,"6-Port Gigabit Cloud Managed Router, Max. 5 WAN, 5 * 2.5G ports, 1 * 10G SFP+ ports",3564210,3395490,3395490,4965000,,Ruijie Reyee,Ruijie Reyee Pricelist,3 Years Warranty,Ruijie
RG-EG710XS,"10-Port Gigabit Cloud Managed Router, Max. 9 WAN, 4 * 2.5G ports, 2 * 10G SFP+ ports",5103780,4769670,4769670,6940000,,Ruijie Reyee,Ruijie Reyee Pricelist,3 Years Warranty,Ruijie
RG-EG105G-P-V3,"5-Port Gigabit Cloud Managed Router, Max. 2 x Gigabit WAN, 4 PoE ports, budget 54W",1485180,1427460,1427460,2134000,,Ruijie Reyee,Ruijie Reyee Pricelist,3 Years Warranty,Ruijie
RG-EG210G-P-V3,"10-Port Gigabit Cloud Managed Router, Max. 4 x Gigabit WAN, 8 PoE ports, budget 110W",2383170,2291040,2291040,3410000,,Ruijie Reyee,Ruijie Reyee Pricelist,3 Years Warranty,Ruijie
RG-EG305GH-P-E,"10-Port Gigabit Cloud Managed Router, Max. 4 x Gigabit WAN, 4 PoE ports, budget 60W",2775000,2668440,2668440,3960000,,Ruijie Reyee,Ruijie Reyee Pricelist,3 Years Warranty,Ruijie
RG-EG310GH-P-E,"10-Port Gigabit Cloud Managed Router, Max. 4 x Gigabit WAN, 8 PoE ports, budget 110W",3260070,3135750,3135750,4620000,,Ruijie Reyee,Ruijie Reyee Pricelist,3 Years Warranty,Ruijie
RG-EG406XS-P,"6-Port Gigabit Cloud Managed Router, Max. 5 WAN, 4 PoE-out ports, budget 110W, 1 * 10G SFP+",3801750,3620820,3620820,5328000,,Ruijie Reyee,Ruijie Reyee Pricelist,3 Years Warranty,Ruijie
RG-RAP72,"BE3600 Dual band (2.4GHz&5GHz) access points, 2x2 MU-MIMO, Wi-Fi 7",2001330,1905870,1905870,2750000,,Ruijie Reyee,Ruijie Reyee Pricelist,3 Years Warranty,Ruijie
RG-RAP62,"AX1800 Dual band (2.4GHz&5GHz) access points, 2x2 MU-MIMO, Wi-Fi 6",1567320,1507380,1507380,2189000,,Ruijie Reyee,Ruijie Reyee Pricelist,3 Years Warranty,Ruijie
RG-RAP2260(G),"AX1800 Dual band (2.4GHz&5GHz) access points, 2x2 MU-MIMO, 2 Gigabit LAN",1666110,1602840,1602840,2365000,,Ruijie Reyee,Ruijie Reyee Pricelist,3 Years Warranty,Ruijie
RG-RAP2266,"AX3000 Dual band (2.4GHz&5GHz) access points, 2x2 MU-MIMO, 160MHz",2164500,2082360,2082360,3025000,,Ruijie Reyee,Ruijie Reyee Pricelist,3 Years Warranty,Ruijie
RG-RAP2260(E),"AX3200 Dual band (2.4GHz&5GHz) access points, 4x4 MU-MIMO, 2.5G Port",2520810,2424240,2424240,3520000,,Ruijie Reyee,Ruijie Reyee Pricelist,3 Years Warranty,Ruijie
RG-AP720-L,"AC1200 Wave 2 Dual band indoor access points, 2x2 MU-MIMO",1790430,1721610,1721610,2530000,,Ruijie Reyee,Ruijie Reyee Pricelist,3 Years Warranty,Ruijie
RG-RAP2200(E),"AC1300 Wave 2 Dual band indoor access points, 2 Gigabit LAN",965700,929070,929070,1364000,,Ruijie Reyee,Ruijie Reyee Pricelist,3 Years Warranty,Ruijie
RG-RAP2200(F),"AC1300 Wave 2 Dual band indoor access points, 2 10/100M LAN",811410,780330,780330,1144000,,Ruijie Reyee,Ruijie Reyee Pricelist,3 Years Warranty,Ruijie
RG-RAP62-OD,"AX3000 Dual band outdoor access points, IP65, 160MHz",2116770,2035740,2035740,2955000,,Ruijie Reyee,Ruijie Reyee Pricelist,3 Years Warranty,Ruijie
RG-RAP6262(G),"AX1800 Dual band outdoor access points, IP68, Omni antennas",2586300,2486400,2486400,3608000,,Ruijie Reyee,Ruijie Reyee Pricelist,3 Years Warranty,Ruijie
RG-RAP52-OD,"AC1300 Dual band outdoor access points, IP65",1325340,1275390,1275390,1859000,,Ruijie Reyee,Ruijie Reyee Pricelist,3 Years Warranty,Ruijie
RG-RAP6202(G),"AC1300 Dual band outdoor access points, IP68",2035740,1958040,1958040,2849000,,Ruijie Reyee,Ruijie Reyee Pricelist,3 Years Warranty,Ruijie
RG-POE-AF15,"1-port PoE adapter (1000Base-T, 52V, 15.6W)",177600,169830,169830,249000,,Ruijie Reyee,Ruijie Reyee Pricelist,3 Years Warranty,Ruijie
RG-POE-AT30,"1-port PoE adapter (1000Base-T, 52V, 31.2W)",265290,255300,255300,373000,,Ruijie Reyee,Ruijie Reyee Pricelist,3 Years Warranty,Ruijie
RG-POE-50-60W-MG,"1-port PoE adapter (2500Base-T, 50V, 60W)",429570,412920,412920,605000,,Ruijie Reyee,Ruijie Reyee Pricelist,3 Years Warranty,Ruijie
RG-E-120(GE),"1-port PoE adapter (1000Base-T, 802.3af)",324120,311910,311910,457000,,Ruijie Reyee,Ruijie Reyee Pricelist,3 Years Warranty,Ruijie
RG-E-130(GE),"1-port PoE adapter (1000Base-T, PoE+/ 802.3at)",392940,378510,378510,549000,,Ruijie Reyee,Ruijie Reyee Pricelist,3 Years Warranty,Ruijie
RG-RAP62-Wall-Lite,AX3000 Wave 2 Dual band wall-mount access point,1509600,1474080,1474080,3321000,,Ruijie Reyee,Ruijie Reyee Pricelist,3 Years Warranty,Ruijie
RG-RAP1200(F),"AC1300 Wave 2 Dual band wall-mount access point, 10/100M",610500,587190,587190,858000,,Ruijie Reyee,Ruijie Reyee Pricelist,3 Years Warranty,Ruijie
RG-RAP1201,"AC1300 Wave 2 Dual band wall-mount access point, Gigabit",795870,765900,765900,1099000,,Ruijie Reyee,Ruijie Reyee Pricelist,3 Years Warranty,Ruijie
RG-RAP1200(P),"AC1300 Wave 2 Dual band wall-mount access point, Gigabit PoE-Out",1006770,967920,967920,1419000,,Ruijie Reyee,Ruijie Reyee Pricelist,3 Years Warranty,Ruijie
RG-NIS2100-4GT2SFP-HP,"6-Port Gigabit Industrial Switch, 2 SFP, IP40, 180W",1785990,1717170,1717170,2847000,,Ruijie Reyee,Ruijie Reyee Pricelist,5 Years Warranty,Ruijie
RG-NIS2100-8GT2SFP-HP,"10-Port Gigabit Industrial Switch, 2 SFP, IP40, 300W",2264400,2177820,2177820,3872000,,Ruijie Reyee,Ruijie Reyee Pricelist,5 Years Warranty,Ruijie
RG-NIS-PA120-54,AC/DC 120W DIN-Rail Power Supply for industrial switch,640470,616050,616050,1103000,,Ruijie Reyee,Ruijie Reyee Pricelist,3 Years Warranty,Ruijie
RG-NIS-PA240-54,AC/DC 240W DIN-Rail Power Supply for industrial switch,962370,925740,925740,1481000,,Ruijie Reyee,Ruijie Reyee Pricelist,3 Years Warranty,Ruijie
RG-NBS3100-8GT2SFP-P-V2,"10-Port Gigabit L2 Cloud Managed PoE+ Switch, 2 SFP, 125W",2950380,2837160,2837160,4235000,,Ruijie Reyee,Ruijie Reyee Pricelist,5 Years Warranty,Ruijie
RG-NBS3100-24GT4SFP-P-V2,"24-Port Gigabit L2 Cloud Managed PoE+ Switch, 4 SFP, 370W",5270280,5067150,5067150,7645000,,Ruijie Reyee,Ruijie Reyee Pricelist,5 Years Warranty,Ruijie
RG-NBS3100-48GT4SFP-P-V2,"48-Port Gigabit L2 Cloud Managed PoE+ Switch, 4 SFP, 370W",10153170,9763560,9763560,14630000,,Ruijie Reyee,Ruijie Reyee Pricelist,5 Years Warranty,Ruijie
RG-NBS3100-8GT2SFP,"10-Port Gigabit L2 Cloud Managed Switch, 2 SFP",1771560,1703850,1703850,2530000,,Ruijie Reyee,Ruijie Reyee Pricelist,5 Years Warranty,Ruijie
RG-NBS3100-24GT4SFP-V2,"24-Port Gigabit L2 Cloud Managed Switch, 4 SFP",2678430,2575200,2575200,3795000,,Ruijie Reyee,Ruijie Reyee Pricelist,5 Years Warranty,Ruijie
RG-NBS3200-24GT4XS-P-V2,"24-Port Gigabit L2+ Cloud Managed PoE+ Switch, 4 10G SFP+, 370W",5911860,5684310,5684310,9563000,,Ruijie Reyee,Ruijie Reyee Pricelist,5 Years Warranty,Ruijie
RG-NBS3200-48GT4XS-P-V2,"48-Port Gigabit L2+ Cloud Managed PoE+ Switch, 4 10G SFP+, 370W",11065590,10640460,10640460,17988000,,Ruijie Reyee,Ruijie Reyee Pricelist,5 Years Warranty,Ruijie
RG-NBS3200-24SFP/8GT4XS,"24-Port Gigabit L2+ Cloud Managed Switch, 24 SFP + 8 Combo, 4 10G SFP+",7894320,7591290,7591290,11613000,,Ruijie Reyee,Ruijie Reyee Pricelist,5 Years Warranty,Ruijie
RG-NBS3200-24GT4XS,"24-Port Gigabit L2+ Cloud Managed Switch, 4 10G SFP+",4120320,3962700,3962700,6076000,,Ruijie Reyee,Ruijie Reyee Pricelist,5 Years Warranty,Ruijie
RG-NBS3200-48GT4XS,"48-Port Gigabit L2+ Cloud Managed Switch, 4 10G SFP+",6186030,5947380,5947380,9336000,,Ruijie Reyee,Ruijie Reyee Pricelist,5 Years Warranty,Ruijie
RG-ES205GC-P,"5-Port Gigabit Smart Cloud Managed PoE Switch, 1 RJ45 uplink, 54W",912420,878010,878010,1287000,,Ruijie Reyee,Ruijie Reyee Pricelist,3 Years Warranty,Ruijie
RG-ES206GS-P,"6-Port Gigabit Smart Cloud Managed PoE Switch, 2 uplink (1 SFP), 54W",997890,959040,959040,1419000,,Ruijie Reyee,Ruijie Reyee Pricelist,3 Years Warranty,Ruijie
RG-ES206MG-P,"6-Port 2.5Gig Smart Cloud Managed PoE Switch, 1 SFP+, 1 2.5G uplink, 70W",1496280,1425240,1425240,2200000,,Ruijie Reyee,Ruijie Reyee Pricelist,3 Years Warranty,Ruijie
RG-ES207GS-HP,"4 x GE PoE++, 2 x GE RJ45, 1 x SFP, Cloud Managed Switch, 120W",1237650,1178820,1178820,3126500,,Ruijie Reyee,Ruijie Reyee Pricelist,3 Years Warranty,Ruijie
RG-ES207GS-P,"6-Port Gigabit Cloud Managed PoE Switch with 1 x SFP, 54W",840270,800310,800310,2497000,,Ruijie Reyee,Ruijie Reyee Pricelist,3 Years Warranty,Ruijie
RG-ES207GS-LP,"4 x GE PoE+, 2 x GE RJ45, 1 x SFP, Cloud Managed Switch, 40W",658230,632700,632700,1831500,,Ruijie Reyee,Ruijie Reyee Pricelist,3 Years Warranty,Ruijie
RG-ES209GC-P,"9-Port Gigabit Smart Cloud Managed PoE Switch, 1 RJ45 uplink, 120W",1542900,1482960,1482960,2189000,,Ruijie Reyee,Ruijie Reyee Pricelist,3 Years Warranty,Ruijie
RG-ES209MG-P,"9-Port 2.5Gig Smart Cloud Managed PoE Switch, 1 SFP+ uplink, 130W",2646240,2519700,2519700,3905000,,Ruijie Reyee,Ruijie Reyee Pricelist,3 Years Warranty,Ruijie
RG-ES210GS-P,"10-Port Gigabit Smart Cloud Managed PoE Switch, 2 uplink (1 SFP), 120W",1682760,1617270,1617270,2420000,,Ruijie Reyee,Ruijie Reyee Pricelist,3 Years Warranty,Ruijie
RG-ES211GS-P,"10-Port Gigabit Cloud Managed PoE Switch with 1 x SFP, 120W",1475190,1405260,1405260,3441500,,Ruijie Reyee,Ruijie Reyee Pricelist,3 Years Warranty,Ruijie
RG-ES211GS-LP,"8 x GE PoE+, 2 x GE RJ45, 1 x SFP, Cloud Managed Switch, 70W",1064490,1023420,1023420,2941500,,Ruijie Reyee,Ruijie Reyee Pricelist,3 Years Warranty,Ruijie
RG-ES220GS-LP,"20-Port Gigabit Smart Cloud Managed PoE Switch, 2 SFP, 2 RJ45 uplink, 130W",2702850,2574090,2574090,3795000,,Ruijie Reyee,Ruijie Reyee Pricelist,3 Years Warranty,Ruijie
RG-ES228GS-LP,"28-Port Gigabit Smart Cloud Managed PoE Switch, 2 SFP, 2 RJ45 uplink, 250W",3653010,3478740,3478740,5005000,,Ruijie Reyee,Ruijie Reyee Pricelist,3 Years Warranty,Ruijie
RG-ES220GS-P,"20-Port Gigabit Smart Cloud Managed PoE Switch, 2 SFP, 2 RJ45 uplink, 250W",3741810,3597510,3597510,5225000,,Ruijie Reyee,Ruijie Reyee Pricelist,3 Years Warranty,Ruijie
RG-ES220GS-P-V2,"16 x GE PoE+, 2 x GE RJ45, 2 x SFP, Cloud Managed Switch, 250W",3741810,3597510,3597510,5225000,,Ruijie Reyee,Ruijie Reyee Pricelist,3 Years Warranty,Ruijie
RG-ES228GS-P,"28-Port Gigabit Smart Cloud Managed PoE Switch, 2 SFP, 2 RJ45 uplink, 370W",5173710,4975020,4975020,7095000,,Ruijie Reyee,Ruijie Reyee Pricelist,3 Years Warranty,Ruijie
RG-ES228GS-P-V2,"2 x 10/100BASE-T PoE+, 1 x RJ45 PoE-in, Unmanage PoE Extender, 30W",5173710,4975020,4975020,7205000,,Ruijie Reyee,Ruijie Reyee Pricelist,3 Years Warranty,Ruijie
RG-ES205GC,"5-Port Gigabit Smart Cloud Managed Switch, 1 RJ45 uplink",388500,372960,372960,539000,,Ruijie Reyee,Ruijie Reyee Pricelist,3 Years Warranty,Ruijie
RG-ES205GC-V2,5-Port Gigabit Cloud-Managed Switch,388500,372960,372960,539000,,Ruijie Reyee,Ruijie Reyee Pricelist,3 Years Warranty,Ruijie
RG-ES208GC,8-Port Gigabit Smart Cloud Managed Switch,497280,478410,478410,688000,,Ruijie Reyee,Ruijie Reyee Pricelist,3 Years Warranty,Ruijie
RG-ES208GC-V2,8-Port Gigabit Cloud Managed Switch,497280,478410,478410,688000,,Ruijie Reyee,Ruijie Reyee Pricelist,3 Years Warranty,Ruijie
RG-ES216GC-V2,16-Port Gigabit Smart Cloud Managed Switch,1518480,1460760,1460760,2090000,,Ruijie Reyee,Ruijie Reyee Pricelist,3 Years Warranty,Ruijie
RG-ES216GC2MS,16-Port Gigabit Cloud Managed Switch with 2 x 2.5G SFP+,1317570,1254300,1254300,1925000,,Ruijie Reyee,Ruijie Reyee Pricelist,3 Years Warranty,Ruijie
RG-ES224GC-V2,24-Port Gigabit Smart Cloud Managed Switch,1952490,1878120,1878120,2684000,,Ruijie Reyee,Ruijie Reyee Pricelist,3 Years Warranty,Ruijie
RG-ES224GC2MS,24-Port Gigabit Cloud Managed Switch with 2 x 2.5G SFP+,2015760,1901430,1901430,2794000,,Ruijie Reyee,Ruijie Reyee Pricelist,3 Years Warranty,Ruijie
RG-ES207GS-AC-OD,"4 x GE PoE+, 1 x GE RJ45, 2 x SFP, Cloud Managed Switch, 60W, IP65",1579530,1504050,1504050,3700000,,Ruijie Reyee,Ruijie Reyee Pricelist,3 Years Warranty,Ruijie
RG-ES207GS-PI-OD,"4 x GE PoE+, 1 x GE RJ45(802.3bt in), 2 x SFP, Cloud Managed Switch, 60W, IP65",1581750,1506270,1506270,3700000,,Ruijie Reyee,Ruijie Reyee Pricelist,3 Years Warranty,Ruijie
RG-ES05F,5-Port 10/100 Mbps Desktop Plastic Switch,98790,95460,95460,138000,,Ruijie Reyee,Ruijie Reyee Pricelist,3 Years Warranty,Ruijie
RG-ES08F,8-Port 10/100 Mbps Desktop Plastic Switch,134310,128760,128760,182000,,Ruijie Reyee,Ruijie Reyee Pricelist,3 Years Warranty,Ruijie
RG-ES05G-L,"5-Port Gigabit unmanaged Switch, Plastic Case",206460,198690,198690,297000,,Ruijie Reyee,Ruijie Reyee Pricelist,3 Years Warranty,Ruijie
RG-ES08G-L,"8-Port Gigabit unmanaged Switch, Plastic Case",308580,296370,296370,429000,,Ruijie Reyee,Ruijie Reyee Pricelist,3 Years Warranty,Ruijie
RG-ES103F-P,"2 x 10/100M PoE+, 1 x RJ45 PoE in, Unmanage PoE Extender, 30W",189810,185370,185370,462500,,Ruijie Reyee,Ruijie Reyee Pricelist,3 Years Warranty,Ruijie
RG-ES106F-P,"6-Port 100Mbps, 4 PoE/PoE+ ports, budget 54W, Steel Case",444000,426240,426240,627000,,Ruijie Reyee,Ruijie Reyee Pricelist,3 Years Warranty,Ruijie
RG-ES110F-P,"10-Port 100Mbps, 8 PoE/PoE+ ports, budget 110W, Steel Case",933510,896880,896880,1309000,,Ruijie Reyee,Ruijie Reyee Pricelist,3 Years Warranty,Ruijie
RG-ES110FG-P,"8-Port 100M + 2 Uplink Gigabit, 8 PoE ports, budget 110W, Steel Case",1073370,1032300,1032300,1507000,,Ruijie Reyee,Ruijie Reyee Pricelist,3 Years Warranty,Ruijie
RG-ES110GS-P-L,"8-Port Gigabit + 1 Uplink GE + 1 SFP, 8 PoE ports, budget 120W",1316460,1265400,1265400,1848000,,Ruijie Reyee,Ruijie Reyee Pricelist,3 Years Warranty,Ruijie
RG-ES118FGS-LP,"16-Port 100M + 2 GE RJ45/SFP combo, 16 PoE ports, budget 120W",2052390,1973580,1973580,2882000,,Ruijie Reyee,Ruijie Reyee Pricelist,3 Years Warranty,Ruijie
RG-ES118GS-P-L,"16-Port Gigabit + 2 SFP, 16 PoE ports, budget 247W",2575200,2475300,2475300,3597000,,Ruijie Reyee,Ruijie Reyee Pricelist,3 Years Warranty,Ruijie
RG-ES126FGS-LP,"24-Port 100M + 1 Uplink GE + 1 GE combo, 24 PoE ports, budget 180W",2645130,2543010,2543010,3718000,,Ruijie Reyee,Ruijie Reyee Pricelist,3 Years Warranty,Ruijie
RG-ES126FGS-P,"24-Port 100M + 1 Uplink GE + 1 GE combo, 24 PoE ports, budget 370W",2905980,2794980,2794980,4070000,,Ruijie Reyee,Ruijie Reyee Pricelist,3 Years Warranty,Ruijie
RG-ES105GD,"5-Port Gigabit unmanaged Switch, Steel Case",306360,295260,295260,424000,,Ruijie Reyee,Ruijie Reyee Pricelist,3 Years Warranty,Ruijie
RG-ES108GD,"8-Port Gigabit unmanaged Switch, Steel Case",417360,400710,400710,583000,,Ruijie Reyee,Ruijie Reyee Pricelist,3 Years Warranty,Ruijie
RG-ES116G-L,"16-Port Gigabit unmanaged Switch, Steel Case",919080,883560,883560,1265000,,Ruijie Reyee,Ruijie Reyee Pricelist,3 Years Warranty,Ruijie
RG-ES124G-L,"24-Port Gigabit unmanaged Switch, Steel Case",1163280,1118880,1118880,1606000,,Ruijie Reyee,Ruijie Reyee Pricelist,3 Years Warranty,Ruijie
Mini-GBIC-GT,"1000BASE-TX, SFP Transceiver (100m)",1046730,1005660,1005660,1485000,,Ruijie Reyee,Ruijie Reyee Pricelist,3 Years Warranty,Ruijie
NIS-GE-SFP-550M-MM850,"1000BASE-SX mini GBIC (850nm), 550m, industrial",416250,399600,399600,583000,,Ruijie Reyee,Ruijie Reyee Pricelist,5 Years Warranty,Ruijie
NIS-GE-SFP-10KM-SM1310,"1000BASE-LX mini GBIC (1310nm), 10km, industrial",455100,437340,437340,638000,,Ruijie Reyee,Ruijie Reyee Pricelist,5 Years Warranty,Ruijie
NIS-GE-SFP-20KM-SM1310-BIDI,"Gigabit BIDI Transceiver - TX1310/RX1550, 20km, LC",689310,662670,662670,979000,,Ruijie Reyee,Ruijie Reyee Pricelist,5 Years Warranty,Ruijie
NIS-GE-SFP-20KM-SM1550-BIDI,"Gigabit BIDI Transceiver - TX1550/RX1310, 20km, LC",689310,662670,662670,979000,,Ruijie Reyee,Ruijie Reyee Pricelist,5 Years Warranty,Ruijie
XG-SFP-LR-SM1310,"10GBASE-LR, SFP+ Transceiver (1310nm, 10km, LC)",1273170,1224330,1224330,1782000,,Ruijie Reyee,Ruijie Reyee Pricelist,3 Years Warranty,Ruijie
XG-SFP-SR-MM850,"10GBASE-SR, SFP+ Transceiver, MM (850nm, 300m, LC)",785880,754800,754800,1089000,,Ruijie Reyee,Ruijie Reyee Pricelist,3 Years Warranty,Ruijie
Pair RG-EST100-E,"2.4GHz 8dBi 500m Outdoor wireless bridge, up to 300Mbps, 2 Units",700410,673770,673770,979000,,Ruijie Reyee,Ruijie Reyee Pricelist,3 Years Warranty,Ruijie
Pair RG-EST310 V2,"5GHz 10dBi 1KM Outdoor wireless bridge, up to 867Mbps, 2 units",1672770,1608390,1608390,2305000,,Ruijie Reyee,Ruijie Reyee Pricelist,3 Years Warranty,Ruijie
RG-EST330F-P,"5GHz 13dBi 3KM Outdoor wireless bridge, up to 867Mbps, 1 unit",1070040,1028970,1028970,1646000,,Ruijie Reyee,Ruijie Reyee Pricelist,3 Years Warranty,Ruijie
Pair RG-EST350G,"5GHz 16dBi 5KM Outdoor wireless bridge, up to 867Mbps, 2 units",2360970,2269950,2269950,3256000,,Ruijie Reyee,Ruijie Reyee Pricelist,3 Years Warranty,Ruijie
RG-EST450G,"5GHz 15dBi 5KM Outdoor wireless bridge, up to 867Mbps, 1 unit",1684980,1619490,1619490,2387000,,Ruijie Reyee,Ruijie Reyee Pricelist,3 Years Warranty,Ruijie
RG-AirMetro460F,"Wireless bridge CPE, 5GHz 867Mbps, up to 23dBi, 1*10/100M",842490,809190,809190,1210000,,Ruijie Reyee,Ruijie Reyee Pricelist,3 Years Warranty,Ruijie
RG-AirMetro460G,"Wireless bridge CPE, 5GHz 867Mbps, up to 23dBi, 1*10/100/1000M",1141080,1096680,1096680,1708000,,Ruijie Reyee,Ruijie Reyee Pricelist,3 Years Warranty,Ruijie
RG-AirMetro550G-B,"Wireless bridge base station, 5GHz 867Mbps, 2*GE ports, up to 32 CPEs",2041290,1962480,1962480,2860000,,Ruijie Reyee,Ruijie Reyee Pricelist,3 Years Warranty,Ruijie
RG-ANT13-360,Omnidirectional external antenna 5GHz 13dBi 360°,2275500,2187810,2187810,3190000,,Ruijie Reyee,Ruijie Reyee Pricelist,3 Years Warranty,Ruijie
RG-ANT16S-120,Sector external antenna 5GHz 16dBi 120°,1385280,1332000,1332000,1936000,,Ruijie Reyee,Ruijie Reyee Pricelist,3 Years Warranty,Ruijie
RG-ANT20S-90,Sector external antenna 5GHz 20dBi 90°,2151180,2069040,2069040,3014000,,Ruijie Reyee,Ruijie Reyee Pricelist,3 Years Warranty,Ruijie
RG-EW300N,300Mbps single band (2.4GHz) home router,170940,167610,167610,242000,,Ruijie Reyee,Ruijie Reyee Pricelist,3 Years Warranty,Ruijie
RG-EW300T,"300Mbps single band 4G LTE Wi-Fi router, Nano SIM",652680,636030,636030,930000,,Ruijie Reyee,Ruijie Reyee Pricelist,3 Years Warranty,Ruijie
RG-EW300 PRO,300Mbps single band home router with FEM,288600,283050,283050,413000,,Ruijie Reyee,Ruijie Reyee Pricelist,3 Years Warranty,Ruijie
RG-EW1200,"1200Mbps Dual band home router, 2x2 MU-MIMO",338550,330780,330780,484000,,Ruijie Reyee,Ruijie Reyee Pricelist,3 Years Warranty,Ruijie
RG-EW1200G,"1200M dual-band wireless mesh router, 4 Gigabit ports",425130,415140,415140,580000,,Ruijie Reyee,Ruijie Reyee Pricelist,3 Years Warranty,Ruijie
RG-EW1300G,"1300Mbps Dual band home router, Gigabit WAN, 5 antennas",483960,469530,469530,682000,,Ruijie Reyee,Ruijie Reyee Pricelist,3 Years Warranty,Ruijie
RG-EW1200G PRO,"1300Mbps Dual band home router, Gigabit WAN, 6 antennas with FEM",573870,557220,557220,806000,,Ruijie Reyee,Ruijie Reyee Pricelist,3 Years Warranty,Ruijie
RG-EW3000GX,"3000Mbps Dual band Wi-Fi 6 home router, 160MHz",866910,841380,841380,1243000,,Ruijie Reyee,Ruijie Reyee Pricelist,3 Years Warranty,Ruijie
RG-EW3000GX PRO,"3000Mbps Dual band Wi-Fi 6 home router with FEM, 160MHz",1169940,1135530,1135530,1648000,,Ruijie Reyee,Ruijie Reyee Pricelist,3 Years Warranty,Ruijie
RG-EW6000GX,"6000Mbps Dual band Wi-Fi 6 home router, 4x4 MU-MIMO, 2.5G WAN",1626150,1548450,1548450,2299000,,Ruijie Reyee,Ruijie Reyee Pricelist,3 Years Warranty,Ruijie
RG-EW7200BE PRO,"BE7200 Dual-Band Wi-Fi 7 Router, 5x2.5GE Ports",2841600,2706180,2706180,3960000,,Ruijie Reyee,Ruijie Reyee Pricelist,3 Years Warranty,Ruijie
RG-PON1200G,"Wi-Fi 5 AC1200 GPON Dualband ONU, 2*GE Port",460650,438450,438450,638000,,Ruijie Reyee,Ruijie Reyee Pricelist,3 Years Warranty,Ruijie
RG-PON3000GX,"Wi-Fi 6 AX3000 GPON Dualband ONU, 4*GE Port + USB",623820,593850,593850,847000,,Ruijie Reyee,Ruijie Reyee Pricelist,3 Years Warranty,Ruijie
DH-IPC-HFW1230,"2-MP 1/3.2"" CMOS image sensor, low luminance, and high definition image. Outputs max. 2 MP (1920 × 1080)@30 fps. H.265 codec, high compression rate, u",475324,475324,0,967000,,IPC 1 Series,Dahua IPC 1 Series,3 Years Warranty,Dahua
DH-IPC-HDW1230,"2-MP 1/3.2"" CMOS image sensor, low luminance, and high definition image. Outputs max. 2 MP (1920 × 1080)@30 fps. H.265 codec, high compression rate, u",488194,488194,0,993000,,IPC 1 Series,Dahua IPC 1 Series,3 Years Warranty,Dahua
DH-IPC-HFW1430,"4-MP 1/3"" CMOS image sensor, low luminance, and high definition image. Outputs max. 4 MP (2560 × 1440)@30 fps. H.265 codec, high compression rate, ult",594266,594266,0,1208000,,IPC 1 Series,Dahua IPC 1 Series,3 Years Warranty,Dahua
DH-IPC-HDW1430,"4-MP 1/3"" CMOS image sensor, low luminance, and high definition image. Outputs max. 4 MP (2560 × 1440)@30 fps. H.265 codec, high compression rate, ult",611131,611131,0,1243000,,IPC 1 Series,Dahua IPC 1 Series,3 Years Warranty,Dahua
DH-IPC-HFW1230S1-A,"2-MP 1/2.8"" CMOS image sensor, low luminance, and high definition image. Outputs max. 2 MP (1920 ×1080)@25/30 fps. H.265 codec, high compression rate,",644280,644280,0,1310000,,IPC 1 Series,Dahua IPC 1 Series,3 Years Warranty,Dahua
DH-IPC-HDBW1230EP-S5,"2MP 1/2.8"" CMOS image sensor, low illuminance, high image definition Outputs max. 2MP (1920 × 1080) @25/30 fps H.265 codec, high compression rate, ult",619500,619500,0,1078000,,IPC 1 Series,Dahua IPC 1 Series,3 Years Warranty,Dahua
DH-IPC-HDW1230T1-A,"2-MP 1/2.8"" CMOS image sensor, low luminance, and high definition image. Outputs max. 2 MP (1920 × 1080)@25/30 fps. H.265 codec, high compression rate",644280,644280,0,1310000,,IPC 1 Series,Dahua IPC 1 Series,3 Years Warranty,Dahua
DH-IPC-HFW1431TC1-A,"4-MP 1/2.9"" CMOS image sensor, low luminance, and high definition image. Outputs max. 4 MP (2560 ×1440)@25/30 fps. H.265 codec, high compression rate,",862680,862680,0,1752000,,IPC 1 Series,Dahua IPC 1 Series,3 Years Warranty,Dahua
DH-IPC-HDBW1431E,"4MP, 1/3” CMOS image sensor, low illuminance, high image definition Outputs 4MP (2560 × 1440) @25/30 fps, and supports max. 4MP (2688 × 1520) @20 fps ",829500,829500,0,1443000,,IPC 1 Series,Dahua IPC 1 Series,3 Years Warranty,Dahua
DH-IPC-HDW1431T1-A,"4-MP 1/2.9"" CMOS image sensor, low luminance, and high definition image. Outputs max. 4 MP (2560 ×1440)@25/30 fps. H.265 codec, high compression rate,",862680,862680,0,1752000,,IPC 1 Series,Dahua IPC 1 Series,3 Years Warranty,Dahua
DH-IPC-HFW1239TL1-A-IL,"2-MP 1/2.8"" CMOS image sensor, low luminance, and high definition image. Outputs max. 2 MP (1920× 1080)@25/30 fps. H.265 codec, high compression rate,",733740,733740,0,1277000,,IPC 1 Series,Dahua IPC 1 Series,3 Years Warranty,Dahua
DH-IPC-HDW1239V-A-IL,"2-MP 1/2.8"" CMOS image sensor, low luminance, and high definition image. Outputs max. 2 MP (1920× 1080)@25/30 fps. H.265 codec, high compression rate,",733740,733740,0,1277000,,IPC 1 Series,Dahua IPC 1 Series,3 Years Warranty,Dahua
DH-IPC-HFW1439TL1-A-IL,"4-MP 1/2.9"" CMOS image sensor, low luminance, and high definition image. Outputs max. 4 MP (2560 × 1440)@25/30 fps. H.265 codec, high compression rate",1076200,1076200,0,1872000,,IPC 1 Series,Dahua IPC 1 Series,3 Years Warranty,Dahua
DH-IPC-HDW1439V-A-IL,"4-MP 1/2.9"" CMOS image sensor, low luminance, and high definition image. Outputs max. 4 MP (2560 × 1440)@25/30 fps. H.265 codec, high compression rate",1076200,1076200,0,1872000,,IPC 1 Series,Dahua IPC 1 Series,3 Years Warranty,Dahua
DH-IPC-HFW2241S-S,"2-MP 1/2.8"" CMOS image sensor, low luminance, and high definition image. Outputs max. 2 MP (1920 × 1080)@25/30 fps. H.265 codec, high compression rate",1221268,1221268,0,2590000,,IPC 2 Series ,Dahua IPC 2 Series ,3 Years Warranty,Dahua
DH-IPC-HDW2241T-S,"2-MP 1/2.8"" CMOS image sensor, low luminance, and high definition image. Outputs max. 2 MP (1920 × 1080)@25/30 fps. H.265 codec, high compression rate",1221268,1221268,0,2590000,,IPC 2 Series ,Dahua IPC 2 Series ,3 Years Warranty,Dahua
DH-IPC-HFW2441T-AS,"· 4-MP 1/2.9"" CMOS image sensor, low luminance, and high definition  image. · Outputs max. 4 MP (2688 × 1520)@20 fps and supports 2560 × 1440  (2560 ×",1558647,1558647,0,3303000,,IPC 2 Series ,Dahua IPC 2 Series ,3 Years Warranty,Dahua
DH-IPC-HDW2441T-S,"4-MP 1/2.9"" CMOS image sensor, low luminance, and high definition  image. · Outputs max. 4 MP (2688 × 1520)@20 fps, and supports 2560 ×  1440@25/30 fp",1619908,1619908,0,3432000,,IPC 2 Series ,Dahua IPC 2 Series ,3 Years Warranty,Dahua
DH-IPC-HFW2541T-AS,"· 5-MP 1/2.7"" CMOS image sensor, low luminance, and high definition  image. · Outputs max. 5 MP (2960 × 1668) @20 fps, and supports 2688 ×1520  (2688 ",1723172,1723172,0,3651000,,IPC 2 Series ,Dahua IPC 2 Series ,3 Years Warranty,Dahua
DH-IPC-HDW2541T-S,"5-MP 1/2.7"" CMOS image sensor, low luminance, and high definition image. Outputs max. 5 MP (2592 × 1944) @20 fps, and supports 4 MP (2688 × 1520) @25/",1686555,1686555,0,3574000,,IPC 2 Series ,Dahua IPC 2 Series ,3 Years Warranty,Dahua
DH-IPC-HFW2249T-AS-IL,"2-MP 1/2.8"" CMOS image sensor, low luminance, and high definition image. Outputs max. 2 MP (1920 × 1080)@25/30 fps. H.265 codec, high compression rate",1497300,1497300,0,3173000,,IPC 2 Series ,Dahua IPC 2 Series ,3 Years Warranty,Dahua
DH-IPC-HDW2249T-S-IL,"2-MP 1/2.8"" CMOS image sensor, low luminance, and high definition image. Outputs max. 2 MP (1920 × 1080)@25/30 fps. H.265 codec, high compression rate",1497300,1497300,0,3173000,,IPC 2 Series ,Dahua IPC 2 Series ,3 Years Warranty,Dahua
DH-IPC-HDBW2249E-S-IL,"2-MP 1/2.8"" CMOS image sensor, low luminance, and high definition image. Outputs max. 2 MP (1920 ×1080)@25/30 fps. H.265 codec, high compression rate,",1497300,1497300,0,3173000,,IPC 2 Series ,Dahua IPC 2 Series ,3 Years Warranty,Dahua
DH-IPC-HFW2449T-AS-IL,"4-MP 1/2.9"" CMOS image sensor, low luminance, and high definition image. Outputs max. 4 MP (2688 × 1520)@20 fps, and supports 2560 × 1440 @25/30 fps. ",1880000,1880000,0,3984000,,IPC 2 Series ,Dahua IPC 2 Series ,3 Years Warranty,Dahua
DH-IPC-HDW2449T-S-IL,"4-MP 1/2.9"" CMOS image sensor, low luminance, and high definition image. Outputs max. 4 MP (2688 × 1520)@20 fps, and supports 2560 × 1440 @25/30 fps H",1850000,1850000,0,3920000,,IPC 2 Series ,Dahua IPC 2 Series ,3 Years Warranty,Dahua
DH-IPC-HDBW2449E-S-IL,"4-MP 1/2.9"" CMOS image sensor, low luminance, and high definition image. Outputs max. 4 MP (2688 × 1520) @20 fps, and supports 2560 × 1440@25/30 fps. ",1850000,1850000,0,3920000,,IPC 2 Series ,Dahua IPC 2 Series ,3 Years Warranty,Dahua
DH-IPC-HFW2849T-AS-IL,"8-MP 1/2.7"" CMOS image sensor, low luminance, and high definition image. Outputs max. 8 MP (3840 × 2160) @20 fps, and supports 2688×1520 (2688 × 1520)",3160000,3160000,0,6694000,,IPC 2 Series ,Dahua IPC 2 Series ,3 Years Warranty,Dahua
DH-IPC-HDW2849T-S-IL,"8-MP 1/2.7"" CMOS image sensor, low luminance, and high definition image. Outputs max. 8 MP (3840 × 2160) @20 fps, and supports 2688×1520 (2688 × 1520)",3080000,3080000,0,6524000,,IPC 2 Series ,Dahua IPC 2 Series ,3 Years Warranty,Dahua
DH-IPC-HDBW2849E-S-IL,"8-MP 1/2.7"" CMOS image sensor, low luminance, and high definition image. Outputs max. 8 MP (3840 × 2160) @20 fps, and supports 2560 × 1440@25/30 fps. ",3080000,3080000,0,6524000,,IPC 2 Series ,Dahua IPC 2 Series ,3 Years Warranty,Dahua
DH-IPC-HFW2249TL-S-PV,"2-MP 1/2.8"" CMOS image sensor, low luminance, and high definition image. Outputs max. 2 MP (1920 × 1080)@25/30 fps. H.265 codec, high compression rate",1627500,1627500,0,3448000,,IPC 2 Series ,Dahua IPC 2 Series ,3 Years Warranty,Dahua
DH-IPC-HDW2249T-S-PV,"2-MP 1/2.8"" CMOS image sensor, low luminance, and high definition image. Outputs max. 2 MP (1920 × 1080)@25/30 fps. H.265 codec, high compression rate",1627500,1627500,0,3448000,,IPC 2 Series ,Dahua IPC 2 Series ,3 Years Warranty,Dahua
DH-IPC-HFW2549TL-S-PV,"5-MP 1/2.7"" CMOS image sensor, low luminance, and high definition image. Outputs max. 5 MP (2960 × 1688)@20 fps, and 4 MP (2688 × 1520)@25/30 fps by d",2237500,2237500,0,4740000,,IPC 2 Series ,Dahua IPC 2 Series ,3 Years Warranty,Dahua
DH-IPC-HDW2549T-S-PV,"5-MP 1/2.7"" CMOS image sensor, low luminance, and high definition image. Outputs max. 5 MP (2960 × 1688)@20 fps, and 4 MP (2688 × 1520)@25/30 fps by d",2237500,2237500,0,4740000,,IPC 2 Series ,Dahua IPC 2 Series ,3 Years Warranty,Dahua
DH-IPC-HFW2449TL-S-PRO,"4-MP 1/1.8"" CMOS image sensor, low luminance, and high definition image. Outputs max. 4 MP (2688 × 1520) @20 fps, and supports 2560×1440 (2560 × 1440)",1234800,1234800,0,2617000,,IPC 2 Series ,Dahua IPC 2 Series ,3 Years Warranty,Dahua
DH-IPC-HFW2449M-S-B-PRO,"4-MP 1/1.8"" CMOS image sensor, low luminance, and high definition image. Outputs max. 4 MP (2688 × 1520) @20 fps, and supports 2560×1440 (2560 × 1440)",1234800,1234800,0,2617000,,IPC 2 Series ,Dahua IPC 2 Series ,3 Years Warranty,Dahua
DH-IPC-HDW2449T-S-PRO,"4-MP 1/1.8"" CMOS image sensor, low luminance, and high definition image. Outputs max. 4 MP (2688 × 1520) @20 fps, and supports 2560×1440 (2560 × 1440)",1234800,1234800,0,2617000,,IPC 2 Series ,Dahua IPC 2 Series ,3 Years Warranty,Dahua
DH-IPC-HFW2441DG-4G-SP-B,"1. All-in-one Design. Self-powered and Networked, No Extra Wiring Needed 2. Long-lasting Power, Non-stop Protection. Uninterrupted Performance: 10,000",2719228,2719228,0,5761000,,IPC 2 Series ,Dahua IPC 2 Series ,3 Years Warranty,Dahua
DH-SD49225DB-HNY,"· 1/2.8"" 2Megapixel STARVIS™ CMOS. · 25× optical zoom. · Starlight technology. · Max. 25/30 fps@1080p. · IR distance up to 100 m. · H.265 encoding. · ",5775000,5775000,0,12232000,,PTZ Series,Dahua PTZ Series,3 Years Warranty,Dahua
DH-SD49425GB-HNR,"· 1/2.8"" STARVIS™ CMOS. · 25x optical zoom. · Starlight technology. · Max. 25/30fps@4M. · IR distance up to 100 m. · Perimeter protection. · Face dete",6405000,6405000,0,13568000,,PTZ Series,Dahua PTZ Series,3 Years Warranty,Dahua
DH-SD3E405DB-GNY-A-PV1,1/2.8” 4Megapixel STARVIS™ CMOS 5x optical zoom Starlight technology Max. 25/30fps@4MP IR distance up to 50m Warm light illumination distance up to 30,3060750,3060750,0,6484000,,PTZ Series,Dahua PTZ Series,3 Years Warranty,Dahua
DH-SD2A300NB-GNY-A-PV,"1/2.8"" 3Megapixel CMOS. Max. 25/30 fps@3MP. Human/vehicle detecton. Tripwire, intrusion. H.265 encoding. POE. Two-way talk. Sound and light alarm. IR ",986100,986100,0,2090000,,PTZ Series,Dahua PTZ Series,3 Years Warranty,Dahua
DH-SD2A500NB-GNY-A-PV,"1/2.8"" 5Megapixel STARVIS™ CMOS. Max. 25/30fps@5MP. Human/vehicle detecton. Tripwire, intrusion. H.265 encoding. PoE. Two-way talk. Sound and light al",1074200,1074200,0,2277000,,PTZ Series,Dahua PTZ Series,3 Years Warranty,Dahua
DH-SD2C400NA-B-PV-PRO,"1/1.8"" 4Megapixel CMOS. WizColor technology. Max. 25/30 fps@4MP. H.265 encoding. SMD3.0. Perimeter protection. Two-way Talk. Auto Tracking(Lite). Pres",1078000,1078000,0,2284000,,PTZ Series,Dahua PTZ Series,3 Years Warranty,Dahua
DH-SDT2A200-2F-NB-A-PV,"Displays videos in two channels at the same time. 1/2.8” 2Megapixel CMOS Human Detection and Vehicle Detection IR and warm light, three night view mod",1210000,1210000,0,2565000,,PTZ Series,Dahua PTZ Series,3 Years Warranty,Dahua
DHI-NVR2104HS-4KS3,"Supports Smart H.265+, H.265, Smart H.264+, H.264 and MJPEG decoding formats. Max. decoding capability: 6 × 1080p@30 fps. Max. 80/80/60 Mbps incoming/",1378600,1378600,0,2700000,,NVR Series,Dahua NVR Series,3 Years Warranty,Dahua
DHI-NVR4104HS-4KS3,"Supports Smart H.265+, H.265, Smart H.264+, H.264 and MJPEG decoding formats. Max. decoding capability: 8 × 1080p@30 fps or 4 × 4 MP@30 fps. Max. 80/8",1810000,1810000,0,3544000,,NVR Series,Dahua NVR Series,3 Years Warranty,Dahua
DHI-NVR2108HS-4KS3,"Supports Smart H.265+, H.265, Smart H.264+, H.264 and MJPEG decoding formats. Max. decoding capability: 6 × 1080p@30 fps. Max. 80/80/60 Mbps incoming/",1478400,1478400,0,2894000,,NVR Series,Dahua NVR Series,3 Years Warranty,Dahua
DHI-NVR4108HS-4KS3,"Supports Smart H.265+, H.265, Smart H.264+, H.264 and MJPEG decoding formats. Max. decoding capability: 8 × 1080p@30 fps. Max. 80/80/60 Mbps incoming/",1880000,1880000,0,3682000,,NVR Series,Dahua NVR Series,3 Years Warranty,Dahua
DHI-NVR4208-4KS3,"Supports Smart H.265+, H.265, Smart H.264+, H.264 and MJPEG decoding formats. Max. decoding capability: 8 × 1080p@30 fps. Max. 160/160/80 Mbps incomin",2440000,2440000,0,4776000,,NVR Series,Dahua NVR Series,3 Years Warranty,Dahua
DHI-NVR2116HS-4KS3,"Supports Smart H.265+, H.265, Smart H.264+, H.264 and MJPEG decoding formats. Max. decoding capability: 6 × 1080p@30 fps. Max. 144/144/72 Mbps incomin",1710000,1710000,0,3349000,,NVR Series,Dahua NVR Series,3 Years Warranty,Dahua
DHI-NVR4116HS-4KS3,"Supports Smart H.265+, H.265, Smart H.264+, H.264 and MJPEG decoding formats. Max. decoding capability: 8 × 1080p@30 fps or 2 × 8 MP@30 fps. Max. 160/",2154000,2154000,0,4217000,,NVR Series,Dahua NVR Series,3 Years Warranty,Dahua
DHI-NVR4216-4KS3,"Supports Smart H.265+, H.265, Smart H.264+, H.264 and MJPEG decoding formats. Max. decoding capability: 8 × 1080p@30 fps or 2 × 8 MP@30 fps. Max. 160/",2630000,2630000,0,5149000,,NVR Series,Dahua NVR Series,3 Years Warranty,Dahua
DHI-NVR4232-4KS3,"Supports Smart H.265+, H.265, Smart H.264+, H.264 and MJPEG decoding formats. Max. decoding capability: 8 × 1080p@30 fps or 2 × 8 MP@30 fps. Max. 160/",4030000,4030000,0,7888000,,NVR Series,Dahua NVR Series,3 Years Warranty,Dahua
DH-CS4006-4ET-60,"1.Supports cloud managed via DoLynk care  2.Auto-generates network toplogy simplifying management  3.Complies with IEEE802.3af, IEEE802.3at & Hi-PoE, ",604100,604100,0,1066000,,Transmission Series ,Dahua Transmission Series ,3 Years Warranty,Dahua
DH-CS4010-8ET-60,"1.Supports cloud managed via DoLynk care  2.Auto-generates network toplogy simplifying management  3.Complies with IEEE802.3af, IEEE802.3at, Hi-PoE & ",1104000,1104000,0,1946000,,Transmission Series ,Dahua Transmission Series ,3 Years Warranty,Dahua
DH-CS4010-8ET-110,"1.Supports cloud managed via DoLynk care  2.Auto-generates network toplogy simplifying management  3.Complies with IEEE802.3af, IEEE802.3at, Hi-PoE & ",1003926,1003926,0,1770000,,Transmission Series ,Dahua Transmission Series ,3 Years Warranty,Dahua
DH-CS4218-16ET-135,"1. 16 × RJ45 10/100 Mbps PoE Ports, 2 Gigabit combo ports. 2. 135 W total PoE budget, 802.3af/at on all PoE port, additional 802.3bt on Red port. 3. D",2270202,2270202,0,4000000,,Transmission Series ,Dahua Transmission Series ,3 Years Warranty,Dahua
DH-CS4218-16ET-240,"1. 16 × RJ45 10/100 Mbps PoE Ports, 2 Gigabit combo ports. 2. 240 W total PoE budget, 802.3af/at on all PoE port, additional 802.3bt on Red port. 3. D",2706286,2706286,0,4769000,,Transmission Series ,Dahua Transmission Series ,3 Years Warranty,Dahua
DH-CS4226-24ET-240,"1. 24 × RJ45 10/100 Mbps PoE Ports, 2 Gigabit combo ports. 2. 240 W total PoE budget, 802.3af/at on all PoE port, additional 802.3bt on Red port. 3. D",3018774,3018774,0,5320000,,Transmission Series ,Dahua Transmission Series ,3 Years Warranty,Dahua
DH-CS4226-24ET-375,"1. 24 × RJ45 10/100 Mbps PoE Ports, 2 Gigabit combo ports. 2. 375 W total PoE budget, 802.3af/at on all PoE port, additional 802.3bt on Red port. 3. D",3550470,3550470,0,6257000,,Transmission Series ,Dahua Transmission Series ,3 Years Warranty,Dahua
DH-CS4006-4GT-60,"1.Supports cloud managed via DoLynk care  2.Auto-generates network toplogy simplifying management  3.Complies with IEEE802.3af, IEEE802.3at & Hi-PoE, ",705430,705430,0,1244000,,Transmission Series ,Dahua Transmission Series ,3 Years Warranty,Dahua
DH-CS4010-8GT-60,"1.Supports cloud managed via DoLynk care  2.Auto-generates network toplogy simplifying management  3.Complies with IEEE802.3af, IEEE802.3at & Hi-PoE, ",922306,922306,0,1626000,,Transmission Series ,Dahua Transmission Series ,3 Years Warranty,Dahua
DH-CS4010-8GT-110,"1. 8 × RJ-45 Gigabit PoE ports, 2 × RJ-45 Gigabit ports. 2. 110 W total PoE budget, 802.3af/at on all PoE ports, 802.3bt on red ports. 3. DIP switch t",1305920,1305920,0,2302000,,Transmission Series ,Dahua Transmission Series ,3 Years Warranty,Dahua
DH-CS4220-16GT-135,"1.Supports cloud managed via DoLynk care  2.Auto-generates network toplogy simplifying management  3.Complies with IEEE802.3af, IEEE802.3at & Hi-PoE, ",2729606,2729606,0,4810000,,Transmission Series ,Dahua Transmission Series ,3 Years Warranty,Dahua
DH-CS4228-24GT-240,"1.Supports cloud managed via DoLynk care  2.Auto-generates network toplogy simplifying management  3.Complies with IEEE802.3af, IEEE802.3at & Hi-PoE, ",3981890,3981890,0,7017000,,Transmission Series ,Dahua Transmission Series ,3 Years Warranty,Dahua
DH-PFS3006-4ET-36,"6-Port Fast Ethernet Switch with 4-Port PoE > Support four 10/100M PoE power supply ports, and two 10/100M uplink ports > Support 802.3af and 802.3at ",379485,379485,0,649000,,Transmission Series,Dahua Transmission Series,3 Years Warranty,Dahua
DH-LR2110-8ET-120,"L2 Managed ePoE Switch 1x100/1000 Base-X 1x10/100/1000 Base-T 8x10/100 Base-T(8 ePoE) Port1,5≤60W, Others≤30W, Total≤120W IEEE802.3af, IEEE802.3at, Hi",2495074,2495074,0,4397000,,Transmission Series ,Dahua Transmission Series ,3 Years Warranty,Dahua
DH-PFS3110-8ET-96,10-Port Unmanaged Desktop Switch with 8 Port PoE * The parameters and datasheets below can only be applied to V2.0 (version 2.0) > Intelligent PoE > B,1200912,1200912,0,2117000,,Transmission Series ,Dahua Transmission Series ,3 Years Warranty,Dahua
DH-SF1005L,Switching Capacity: 1Gbps Packet Forwarding Rate 0.744Mpps,81620,81620,0,144000,,Transmission Series ,Dahua Transmission Series ,3 Years Warranty,Dahua
DH-SF1008L,Switching Capacity: 1.6 Gbps Packet Forwarding Rate 1.19Mpps,101442,101442,0,179000,,Transmission Series ,Dahua Transmission Series ,3 Years Warranty,Dahua
DH-PFS3005-5GT-L,"· Compact Design : Miniature size & light weight, make it easy to deploy. · Plug & Play : No configuration required. · Green Technology : Adpot high q",129426,129426,0,229000,,Transmission Series ,Dahua Transmission Series ,3 Years Warranty,Dahua
DH-PFS3008-8GT-L,"· Compact Design : Miniature size & light weight, make it easy to deploy. · Plug & Play : No configuration required. · Green Technology : Adpot high q",211046,211046,0,373000,,Transmission Series ,Dahua Transmission Series ,3 Years Warranty,Dahua
DH-PFM800-4K,"Video balun HDCVI 4K/4MP/200m, 1080P/250m, 720P/400m Also support AHD, TVI, CVBS CE/FCC",52470,52470,0,94000,,Transmission Series ,Dahua Transmission Series ,3 Years Warranty,Dahua
DH-PFM800-E,"HDCVI balun 1080P/250m Support AHD, TVI, CVBS, CE/FCC Transmits live video signals over UTP CAT5E/CAT6 cable. No additional power supply is required. ",651794,651794,0,1149000,,Transmission Series ,Dahua Transmission Series ,3 Years Warranty,Dahua
DHI-W-HDMI3-4K@60,Pure oxygen-free copper PVC Gold-plated connector 4K@60HZ,46881,46881,0,84000,,Transmission Series ,Dahua Transmission Series ,3 Years Warranty,Dahua
LR1002,"EoC Passive Converter  > Supports IEEE802.3, IEEE802.3u standards > Port: 1*RJ45 10/100Mbps, 1*BNC > Supports RG59 coaxial cable: 400m/100Mbps, 1000m/",145456,145456,0,258000,,Transmission Series ,Dahua Transmission Series ,3 Years Warranty,Dahua
DH-LR1002-1ET,"Single-Port Long Reach Ethernet over Coax Extender > Supports IEEE802.3, IEEE802.3u standards > Supports IEEE802.3af and IEEE802.3at power supply stan",315155,315155,0,557000,,Transmission Series ,Dahua Transmission Series ,3 Years Warranty,Dahua
DH-LR1002-1EC,"Single-Port Long Reach Ethernet over Coax Extender > Supports IEEE802.3, IEEE802.3u standards > Supports IEEE802.3af and IEEE802.3at power supply stan",315155,315155,0,557000,,Transmission Series ,Dahua Transmission Series ,3 Years Warranty,Dahua
PFT1200,"Hi-PoE Midspan > Support PoE for Hi-PoE 60W high power consumption speed dome > Indicator status: power (normal power on), PoE (normal power supply) >",484853,484853,0,855000,,Transmission Series ,Dahua Transmission Series ,3 Years Warranty,Dahua
PFT1300,PoE Extender > Support passive PoE cascade power supply and Ethernet data exchange > Support IEEE 802.3af/at standard power supply IP Camera > Coopera,484853,484853,0,855000,,Transmission Series ,Dahua Transmission Series ,3 Years Warranty,Dahua
DH-HAC-B1A21-U,"1/2.7"" 2Megapixel CMOS 25/30fps@1080P,25/30fps@720P 30m IR, Smart IR,ICR, OSD,4in1(CVI/TVI/AHD/CVBS) Quick-to-install design, Upgrade on appearance IP",197762,197762,1,460000,,HAC Series,Dahua HAC Series,3 Years Warranty,Dahua
DH-HAC-T1A21-U,"1/2.7"""" 2Megapixel CMOS 25/30fps@1080P,25/30fps@720P 25m IR, Smart IR,ICR, OSD, 2.8mm fixed lens,4in1(CVI/TVI/AHD/CVBS) Plastic housing, Quick-to-inst",184813,184813,1,430000,,HAC Series,Dahua HAC Series,3 Years Warranty,Dahua
DH-HAC-HFW1240CP-A-DIP,"2MP HDCVI IR Bullet Camera > Max 30fps@1080P > CVI/CVBS/AHD/TVI switchable > 3.6mm fixed lens (2.8mm, optional) > Built-in mic(-A) > Max. IR length 30",270161,270161,0,530000,,HAC Series,Dahua HAC Series,3 Years Warranty,Dahua
DH-HAC-HDW1240TRQP-A-DIP,2MP HDCVI Quick-to-install IR Eyeball Camera > Max 30fps@1080P > Quick-to-install eyeball saves installation time > Built-in mic (-A) > CVI/CVBS/AHD/T,247223,247223,0,485000,,HAC Series,Dahua HAC Series,3 Years Warranty,Dahua
DH-HAC-B1A29P,"· Full-color starlight · 20 m illumination distance · Max. 30fps@1080P · CVI/CVBS/AHD/TVI switchable · Fixed lens (2.8 mm;3.6 mm optional) · IP67, 12V",313589,313589,0,615000,,HAC Series,Dahua HAC Series,3 Years Warranty,Dahua
DH-HAC-T1A29P,"· Full-color starlight · 20 m illumination distance · Max. 30fps@1080P · CVI/CVBS/AHD/TVI switchable · Fixed lens (2.8 mm;3.6 mm optional) · IP67, 12V",247373,247373,0,485000,,HAC Series,Dahua HAC Series,3 Years Warranty,Dahua
DH-HAC-HFW1240-U-IL,"* In order to use the Smart Dual Light HDCVI camera, the firmware of XVR must be upgraded to V4.001.0000004.1.R.220323 or later version. · Max. 30 fps",305577,305577,0,600000,,HAC Series,Dahua HAC Series,3 Years Warranty,Dahua
DH-HAC-HDW1240CLQP-IL,· Max. 30 fps@1080p. · Smart Dual Light. · 25 m illumination distance. · Quick-to-install eyeball saves installation time. · 2.8 mm fixed lens (3.6 mm,276703,276703,0,546000,,HAC Series,Dahua HAC Series,3 Years Warranty,Dahua
DH-HAC-HFW1240CMP-IL-A,The parameters and datasheets below can only be applied to1200-S6-IL series. · Max. 30 fps@1080p · 3D NR · Smart Dual Light · 20 m illumination distan,393099,393099,0,771000,,HAC Series,Dahua HAC Series,3 Years Warranty,Dahua
DH-HAC-HDW1240CLQP-IL-A,The parameters and datasheets below can only be applied to1200-S6-IL series. · Max. 30 fps@1080p · 3D NR · Smart Dual Light · 20 m illumination distan,366507,366507,0,719000,,HAC Series,Dahua HAC Series,3 Years Warranty,Dahua
DH-HAC-B1A51-U,5MP HDCVI Fixed IR Bullet Camera * The parameters and datasheets below can only be applied to A51-S2 series * In order to use the 5MP 16:9 HDCVI camer,446216,446216,0,875000,,HAC Series,Dahua HAC Series,3 Years Warranty,Dahua
DH-HAC-T1A51-U,5MP HDCVI Fixed IR Eyeball Camera * The parameters and datasheets below can only be applied to A51-S2 series. * In order to use the 5MP 16:9 HDCVI cam,417574,417574,0,820000,,HAC Series,Dahua HAC Series,3 Years Warranty,Dahua
DH-HAC-HFW1500-U-IL,* The parameters and datasheets below can only be applied to A51-U-IL-S2 series.. * In order to use the 5MP 16:9 and the Smart Dual Light HDCVI camera,471587,471587,0,927000,,HAC Series,Dahua HAC Series,3 Years Warranty,Dahua
DH-HAC-HDW1500CLQP-IL,"* The parameters and datasheets below can only be applied to A51-U-IL-S2 series. * In order to use the 5MP 16:9 and the Smart Dual Light HDCVI camera,",405633,405633,0,694000,,HAC Series,Dahua HAC Series,3 Years Warranty,Dahua
DH-HAC-HFW1500CMP-IL-A,"* The parameters and datasheets below can only be applied to1500-IL-S3 series. * In order to use the 5MP 16:9 and the Smart Dual Light HDCVI camera, t",520708,520708,0,1023000,,HAC Series,Dahua HAC Series,3 Years Warranty,Dahua
DH-HAC-HDW1500CLQP-IL-A,"* The parameters and datasheets below can only be applied to1500-IL-S3 series. * In order to use the 5MP 16:9 and the Smart Dual Light HDCVI camera, t",493855,493855,0,970000,,HAC Series,Dahua HAC Series,3 Years Warranty,Dahua
DH-HAC-HFW1801THP-I8,"* The parameters and datasheets below can only be applied to 1801-S2 series. · Max. 15 fps@4K · 120 dB true WDR, 3D NR · Smart IR Illumination · 80 m ",767538,767538,0,1307000,,HAC Series,Dahua HAC Series,3 Years Warranty,Dahua
DH-HAC-HDW1801TLMP-A,"* The parameters and datasheets below can only be applied to 1801-S2 series. · Max. 15 fps@4K · 120 dB true WDR, 3D NR · Smart IR Illumination · 30 m ",795448,795448,0,1351000,,HAC Series,Dahua HAC Series,3 Years Warranty,Dahua
DH-HAC-PT1200AP-IL-A,"* The parameters and datasheets below can only be applied to PT1200-IL-S6 series. * In order to use the Smart Dual Light HDCVI camera, the firmware of",572557,572557,0,999000,,HAC Series,Dahua HAC Series,3 Years Warranty,Dahua
DH-HAC-PT1500AP-IL-A,* The parameters and datasheets below can only be applied to PT1500-IL-S2 series. * In order to use the 5MP 16:9 and the Smart Dual Light HDCVI camera,721835,721835,0,1417000,,HAC Series,Dahua HAC Series,3 Years Warranty,Dahua
DH-XVR1B04-I,4 Channel Penta-brid 1080N/720p Cooper 1U 1HDD WizSense Digital Video Recorder > H.265+/H.265 dual-stream video compression > Supports Full channel AI,535000,535000,0,855000,,XVR Series,Dahua XVR Series,3 Years Warranty,Dahua
DH-XVR1B08-I,8 Channel Penta-brid 1080N/720p Cooper 1U 1HDD WizSense Digital Video Recorder > H.265+/H.265 dual-stream video compression > Supports Full channel AI,715000,715000,0,1140000,,XVR Series,Dahua XVR Series,3 Years Warranty,Dahua
DH-XVR1B16-I,16 Channels Penta-brid 1080N/720P Compact 1U 1HDD WizSense Digital Video Recorder > H.265+/H.265 dual-stream video compression > Supports Full-channel,1359000,1359000,0,2166000,,XVR Series,Dahua XVR Series,3 Years Warranty,Dahua
DH-XVR4216AN-I,16 Channels Penta-brid 720P 1U 2HDDs WizSense Digital Video Recorder > H.265+/H.265 video compression > Supports Full-channel AI-Coding > Supports HDC,1482000,1482000,0,2209000,,XVR Series,Dahua XVR Series,3 Years Warranty,Dahua
DH-XVR4232AN-I,32 Channels Penta-brid 1080N/720P 1U 2HDDs WizSense Digital Video Recorder > H.265+/H.265 dual-stream video compression. > Supports 8-channel AI-Codin,3845000,3845000,0,5729000,,XVR Series,Dahua XVR Series,3 Years Warranty,Dahua
DH-XVR5104HS-5M-I3,1-channel QuickPick 2.0 for analog channels which improves the efficiency of target retrieval. 4-channel SMD Plus for analog channels or 6-channel SMD,991000,991000,0,1585000,,XVR Series,Dahua XVR Series,3 Years Warranty,Dahua
DH-XVR5108HS-5M-I3,2-channel QuickPick 2.0 for analog channels which improves the efficiency of target retrieval. 8-channel SMD Plus for analog channels or 12-channel SM,1590000,1590000,0,2535000,,XVR Series,Dahua XVR Series,3 Years Warranty,Dahua
DH-XVR5116HS-5M-I3,2-channel QuickPick 2.0 for analog channels which improves the efficiency of target retrieval. 16-channel SMD Plus for analog channels or 24-channel S,2952000,2952000,0,4705000,,XVR Series,Dahua XVR Series,3 Years Warranty,Dahua
DH-XVR5216AN-5M-I3,2-channel QuickPick 2.0 for analog channels which improves the efficiency of target retrieval. 16-channel SMD Plus for analog channels or 24-channel S,3509000,3509000,0,5592000,,XVR Series,Dahua XVR Series,3 Years Warranty,Dahua
DH-XVR5232AN-5M-I3,2-channel QuickPick 2.0 for analog channels which improves the efficiency of target retrieval. 32-channel SMD Plus for analog channels or 48-channel S,6049000,6049000,0,9639000,,XVR Series,Dahua XVR Series,3 Years Warranty,Dahua
DH-XVR5104HS-4KL-I3,4 Channels Penta-brid 4K-N/5MP Compact 1U 1HDD WizSense Digital Video Recorder > H.265+/H.265 dual-stream video compression > Supports all-channels AI,1527000,1527000,0,2490000,,XVR Series,Dahua XVR Series,3 Years Warranty,Dahua
DH-XVR5108HS-4KL-I3,8 Channel Penta-brid 4K-N/5MP Compact 1U 1HDD WizSense Digital Video Recorder > H.265+/H.265 dual-stream video compression > Supports Full-channel AI ,2599000,2599000,0,4239000,,XVR Series,Dahua XVR Series,3 Years Warranty,Dahua
DH-XVR5116H-4KL-I3,16 Channel Penta-brid 4K-N/5MP Mini 1U 1HDD WizSense Digital Video Recorder > H.265+/H.265 dual-stream video compression. > Supports Full-channel AI-C,4640000,4640000,0,7570000,,XVR Series,Dahua XVR Series,3 Years Warranty,Dahua
DH-XVR5216AN-4KL-I3,16 Channels Penta-brid 4K-N/5MP 1U 2HDDs WizSense Digital Video Recorder > H.265+/H.265 dual-stream video compression. > Supports Full-channel AI-Codi,5485000,5485000,0,8950000,,XVR Series,Dahua XVR Series,3 Years Warranty,Dahua
DH-H3A,"3-MP 1/3.2"" CMOS image sensor, low luminance, and high definition image. Outputs max. 3 MP (2304 × 1296)@25/30 fps. H.265 codec, high compression rate",292211,292211,340000,464000,,Wireless Series,Dahua Wireless Series,3 Years Warranty,Dahua
DH-H3B,"3-MP 1/3.2"" CMOS image sensor, low luminance, and high definition image. Outputs max. 3 MP (2304 × 1296)@25/30 fps. H.265 codec, high compression rate",320742,320742,373000,508000,,Wireless Series,Dahua Wireless Series,3 Years Warranty,Dahua
DH-C3A,"3-MP 1/3.2"" CMOS image sensor, low luminance, and high definition image. Outputs max. 3 MP (2304 × 1296)@25 fps. H.265 codec, high compression rate, u",268583,268583,313000,428000,,Wireless Series,Dahua Wireless Series,3 Years Warranty,Dahua
DH-P3A,"1/2.8"" 3Megapixel CMOS. Max. 25/30 fps@3MP. Human/vehicle detecton. Tripwire, intrusion. H.265 encoding. Wi-Fi. Two-way talk. Sound and light alarm. I",513970,513970,513970,630000,,Wireless Series,Dahua Wireless Series,3 Years Warranty,Dahua
DH-F4C-PV,"4-MP 1/3"" CMOS image sensor, low luminance, and high definition image. Outputs max. 4 MP (2560 ×1440)@25/30 fps. H.265 codec, high compression rate, u",573102,573102,573102,742000,,Wireless Series,Dahua Wireless Series,3 Years Warranty,Dahua
DH-H5A,"5-MP 1/3"" CMOS image sensor, low luminance, and high definition image. Outputs max. 5 MP (2880 × 1620)@25/30 fps. H.265 codec, high compression rate, ",422506,422506,492000,666000,,Wireless Series,Dahua Wireless Series,3 Years Warranty,Dahua
DH-H5B,"5-MP 1/3"" CMOS image sensor, low luminance, and high definition image. Outputs max. 5 MP (2880 × 1620)@25/30 fps. H.265 codec, high compression rate, ",447535,447535,521000,705000,,Wireless Series,Dahua Wireless Series,3 Years Warranty,Dahua
DH-C5A,"5-MP 1/2.7"" CMOS image sensor, low luminance, and high definition image. Outputs max. 5 MP (2880 × 1620)@25 fps. H.265 codec, high compression rate, u",359720,359720,419000,569000,,Wireless Series,Dahua Wireless Series,3 Years Warranty,Dahua
DH-P5A,"1/2.8"" 5Megapixel STARVIS™ CMOS. Max. 25/30 fps@5MP. Human/vehicle detecton. Tripwire, intrusion. H.265 encoding. Wi-Fi. Two-way talk. Sound and light",666328,666328,666328,877000,,Wireless Series,Dahua Wireless Series,3 Years Warranty,Dahua
DH-H3D-3F,"6-MP 1/3.2"" CMOS image sensor, low luminance, and high definition image. Outputs max. 6 MP (2304 × 1296)@15 fps. H.265 codec, high compression rate, u",606670,606670,706000,952000,,Wireless Series,Dahua Wireless Series,3 Years Warranty,Dahua
DH-P3D-3F-PV,"6-MP 1/2.8"" CMOS image sensor, low luminance, and high definition image. Outputs max. 6 MP (2304 × 1296)@15 fps. H.265 codec, high compression rate, u",833888,833888,970000,1304000,,Wireless Series,Dahua Wireless Series,3 Years Warranty,Dahua
DH-H5D-5F,"10-MP 1/3"" CMOS image sensor, low luminance, and high definition image. Outputs max. 10 MP (2880 × 1620)@15 fps. H.265 codec, high compression rate, u",689070,689070,802000,1080000,,Wireless Series,Dahua Wireless Series,3 Years Warranty,Dahua
DH-P5D-5F-PV,"10-MP 1/3"" CMOS image sensor, low luminance, and high definition image. Outputs max. 10 MP (2880 × 1620)@15 fps. H.265 codec, high compression rate, u",1018670,1018670,1185000,1590000,,Wireless Series,Dahua Wireless Series,3 Years Warranty,Dahua
DH-N3,"Complies with the IEEE 802.11b/g/n standard. The wireless speed reaches up to 300 Mbps for IEEE 802.11n, allowing smooth internet access. 1 × WAN port",134418,134418,157000,220000,,Wireless Series,Dahua Wireless Series,3 Years Warranty,Dahua
DH-AX15M,· Offers wireless access and high bandwidth. · Supports accessing 1000 Mbps optical fiber broadband. · 1 gigabit WAN port and 2 gigabit LAN ports. · 1,345625,345625,402000,546000,,Wireless Series,Dahua Wireless Series,3 Years Warranty,Dahua
DH-PFM344D-4CH-EN,· Multi-output DC12V switching power. ·  3 level Output voltage adjustable: 12/13.5/15VDC · Professional wall-mounted installation. · Shell flame resi,100500,100500,0,185000,,PSU&UPS,Dahua PSU&UPS,3 Years Warranty,Dahua
DH-PFM344D-8CH-EN,· Multi-output DC12V switching power. ·  3 level Output voltage adjustable: 12/13.5/15VDC · Professional wall-mounted installation. · Shell flame resi,126000,126000,0,228000,,PSU&UPS,Dahua PSU&UPS,3 Years Warranty,Dahua
DH-PFM350-360-A,Easily adapts to different power grid environments through its wide voltage range between 150–275 V. Includes AVR to ensure voltage output remains sta,429000,429000,0,804000,,PSU&UPS,Dahua PSU&UPS,3 Years Warranty,Dahua
DH-PFM350-480-A,Easily adapts to different power grid environments through its wide voltage range between 150–275 V. Includes AVR to ensure voltage output remains sta,578000,578000,0,1085000,,PSU&UPS,Dahua PSU&UPS,3 Years Warranty,Dahua
DH-PFM350-720-A,Easily adapts to different power grid environments through its wide voltage range between 150–275 V. Includes AVR to ensure voltage output remains sta,856000,856000,0,1609000,,PSU&UPS,Dahua PSU&UPS,3 Years Warranty,Dahua
DH-PFM920I-6UN-CN,Grey Color CAT6 305m/1000ft Oxygen free copper(99.97%)  PVC Sheath+UL CM certified,2035000,2035000,0,4075000,,Cable Series,Dahua Cable Series,3 Years Warranty,Dahua
DH-PFM922I-6UN-C-O,Orange Color CAT6 305m/1000ft 0.57mm 23AGW CCA  PVC Sheath+CE CPR certified,882372,882372,0,1775000,,Cable Series,Dahua Cable Series,3 Years Warranty,Dahua
DH-PFM922I-6UN-C-B,Bule Color CAT6 305m/1000ft 0.57mm 23AGW CCA  PVC Sheath+CE CPR certified,882372,882372,0,1775000,,Cable Series,Dahua Cable Series,3 Years Warranty,Dahua
DH-PFM941I-RG59N/21-300,RG59 305m 0.75MM CCA PVC insulation+CE CPR certified,875000,875000,0,1752000,,Cable Series,Dahua Cable Series,3 Years Warranty,Dahua
DH-PFM941I-RG6N/21-300,RG6 305m 0.8MM CCA PVC insulation+CE CPR certified,1005000,1005000,0,2015000,,Cable Series,Dahua Cable Series,3 Years Warranty,Dahua
DH-PFM941I-RG59N/21-100,RG59 100m 0.75MM CCA PVC insulation+CE CPR certified,285000,285000,0,570000,,Cable Series,Dahua Cable Series,3 Years Warranty,Dahua
DH-PFM976-BNCQ9S,BNC female connector 50pcs/Box,155000,155000,0,230000,,Cable Series,Dahua Cable Series,3 Years Warranty,Dahua
DH-PFM976-BNCQ9P,BNC male connector 50pcs/Box,182000,182000,0,271000,,Cable Series,Dahua Cable Series,3 Years Warranty,Dahua
DH-PFM976-631-PT,RJ-45 connector 100pcs/Box,86000,86000,0,129000,,Cable Series,Dahua Cable Series,3 Years Warranty,Dahua
DHI-LTV43-SD200,"Android TV FHD, 1GB RAM+8GB ROM Android 11",2489000,2489000,2489000,2699000,,TV Series,Dahua TV Series,3 Years Warranty,Dahua
DHI-LTV43-SD400,"Google 5.0 TV UHD/4K, 2GB RAM+8GB ROM Android 14 Dolby Digital + Dolby Digital Plus",2949000,2949000,2949000,3199000,,TV Series,Dahua TV Series,3 Years Warranty,Dahua
DHI-LM19-A202F,1366*768 screen   75hz refreash rate VESA 75*75mm,1069000,1069000,1069000,1069000,,Monitor Series,Dahua Monitor Series,3 Years Warranty,Dahua
DHI-LM22-A200Y,1920*1080 screen 100hz refreash rate VESA 75*75mm SPEAKER,1199000,1199000,1199000,1199000,,Monitor Series,Dahua Monitor Series,3 Years Warranty,Dahua
DHI-LM24-A201F,1920*1080 IPS screen 100hz refreash rate VESA 75*75mm,1269000,1269000,1269000,1269000,,Monitor Series,Dahua Monitor Series,3 Years Warranty,Dahua
DHI-LM25-E231B,1920*1080 IPS screen 85% NTSC 300cd/㎡ brightness +200hz refreash rate Adaptive Sync + VESA 100*100mm HDMI 2.0 x1  DP 1.4 x1   Audio out *1,2079000,2079000,2079000,2079000,,Monitor Series,Dahua Monitor Series,3 Years Warranty,Dahua
DHI-LM27-E231B,1920*1080 IPS screen 85% NTSC 300cd/㎡ brightness + 200hz refreash rate Adaptive Sync + VESA 100*100mm HDMI 2.0 x1  DP 1.4 x1   Audio out *1,2479000,2479000,2479000,2479000,,Monitor Series,Dahua Monitor Series,3 Years Warranty,Dahua
LM32-U400P,"3840*2160 VA screen 85% NTSC Android 13.0, 8G memory+128G storage max 400cd/㎡ brightness + 60hz refreash rate Mini HDMI*1 Type-C *1 WIFI 6 Speaker*2",14899000,14899000,14899000,19499000,,Monitor Series,Dahua Monitor Series,3 Years Warranty,Dahua
DHI-KTP02,"IP Villa Door Station  > High definition camera; WDR  > Operating temperature -30°C to 60°C  > IP65(Silicone sealant is needed. For details, see the q",3207783,3207783,0,5649000,,Door Phone Series,Dahua Door Phone Series,3 Years Warranty,Dahua
DHI-KTA02,"Video Intercom Kit > 7"" TFT screen > Video intercom function: Unlock, voice call, video call, volume adjustment > System Capacity：2 door stations + 3 ",1100776,1100776,0,1939000,,Door Phone Series,Dahua Door Phone Series,3 Years Warranty,Dahua
DHI-VTO2111D-P-S3,1. Megapixel image sensor; 2. Supports IR illumination and night vision; 3. Two-way voice call; 4. Can be managed through the management platform; sup,1260201,1260201,0,2219000,,Door Phone Series,Dahua Door Phone Series,3 Years Warranty,Dahua
DH-208FP,"1. Supports up to 1,000 users, 2,000 fingerprints, 1,000 passwords, 100,000 attendance records. 2. Imports and exports data from the USB flash drive, ",510000,510000,510000,800000,,Aceess Control Series,Dahua Aceess Control Series,3 Years Warranty,Dahua
DH-104FPI,"1. Personnel can clock in and out with fingerprint, password and card swipe. 2. Supports up to 3,000 users, 3,000 fingerprints, 3,000 passwords, 3,000",815000,815000,815000,1279000,,Aceess Control Series,Dahua Aceess Control Series,3 Years Warranty,Dahua
DH-304FPIA,"1. 2.4"" TFT display screen with a resolution of 240 × 320. 2. Supports 5,000 users, 5,000 cards, 5,000 passwords, 3,000 finger prints, and 100,000 rec",1109000,1109000,1109000,1739000,,Aceess Control Series,Dahua Aceess Control Series,3 Years Warranty,Dahua
DH-305WFPIA,"2-MP CMOS dual-lens camera with IR illumination and DWDR. Multiple unlock methods including face, IC card, password, fingerprint.  Supports 1,000 user",1289000,1289000,1289000,2019000,,Aceess Control Series,Dahua Aceess Control Series,3 Years Warranty,Dahua
DH-305WFPIA-W,"2-MP CMOS dual-lens camera with IR illumination and DWDR. Multiple unlock methods including face, IC card, password, fingerprint.  Supports 1,000 user",1385000,1385000,1385000,2169000,,Aceess Control Series,Dahua Aceess Control Series,3 Years Warranty,Dahua
DH-321WPTA-W,1 4.3 inch glass touch screen with a resolution of 480 × 272. 2 2-MP wide-angle dual-lens camera with IR illumination and DWDR. 3 Multiple unlock meth,2205000,2205000,2205000,3545000,,Aceess Control Series,Dahua Aceess Control Series,3 Years Warranty,Dahua
DH-Push Button,"Plastic Exit Button > Professional circuit design, no mechanical failure  > Use fire fire retardant material , convenient installation  > 500,000 time",34099,34099,34099,50146,,Aceess Control Series,Dahua Aceess Control Series,3 Years Warranty,Dahua
DH-Door Closer,Suitable for any door with frame and open at 180 degree;,399858,399858,399858,588026,,Aceess Control Series,Dahua Aceess Control Series,3 Years Warranty,Dahua
ST1000VX012,1000G/5900RPM/64M/ SATA 6Gb/s/RV Sensor,808576,808576,0,1311000,,HDD Series,Dahua HDD Series,3 Years Warranty,Dahua
ST2000VX016,2000G/5900RPM/64M/ SATA 6Gb/s/RV Sensor,1074815,1074815,0,1742000,,HDD Series,Dahua HDD Series,3 Years Warranty,Dahua
DH-PFA152-E,Pole mount for 0-3kg device,113824,113824,0,195000,,Accessories Series,Dahua Accessories Series,3 Years Warranty,Dahua
DH-PFA12C,Plastic Junction Box,40977,40977,0,70500,,Accessories Series,Dahua Accessories Series,3 Years Warranty,Dahua
DH-PFA120,Basic water-proof For PTZ camera,147972,147972,0,255000,,Accessories Series,Dahua Accessories Series,3 Years Warranty,Dahua
DH-PFA12A,"""Plastic junction box Structural water-proof design For S/R/T/E bullet cameras and SL/R/M eyeball cameras""",29594,29594,0,51500,,Accessories Series,Dahua Accessories Series,3 Years Warranty,Dahua
PFA111,For SD60/65F/6AE/6AL,61465,61465,0,106000,,Accessories Series,Dahua Accessories Series,3 Years Warranty,Dahua
DH-PFB303W,For SD6 PTZ camera  with adapter,147972,147972,0,253000,,Accessories Series,Dahua Accessories Series,3 Years Warranty,Dahua
DH-PFB300S,"SD40,50,59 PTZ including white goose neck brace",147972,147972,0,253000,,Accessories Series,Dahua Accessories Series,3 Years Warranty,Dahua
DH-PFA134,Basic water-proof Perfect matched,79677,79677,0,136000,,Accessories Series,Dahua Accessories Series,3 Years Warranty,Dahua
DH-PFA150-T,"Pole Diameter: 100~270mm Built of SECC and SUS304 material. Simple, elegant and convenient to use. Supports being installed on large vertcal poles. Th",341473,341473,0,580000,,Accessories Series,Dahua Accessories Series,3 Years Warranty,Dahua
DH-PFA136,Basic water-proof Perfect matched,79677,79677,0,137000,,Accessories Series,Dahua Accessories Series,3 Years Warranty,Dahua
DH-PFB305W,For SD49 PTZ camera without adapter Safety rope protection,159354,159354,0,272000,,Accessories Series,Dahua Accessories Series,3 Years Warranty,Dahua
PFA110,For SD40/50/59,56912,56912,0,99000,,Accessories Series,Dahua Accessories Series,3 Years Warranty,Dahua
DH-PFB203W,Basic water-proof Rapid installation For 3 screws to fix,113824,113824,0,195000,,Accessories Series,Dahua Accessories Series,3 Years Warranty,Dahua
DH-IPC-BNX21-AS,"2-MP 1/2.8"" CMOS image sensor, low luminance, and high definition image. Outputs max. 2 MP (1920 × 1080)@25/30 fps. H.265 codec, high compression rate",3196600,3196600,3196600,3196600,,SMB Model Series,Dahua SMB Model Series,3 Years Warranty,Dahua
DH-IPC-TNX21-S,"2-MP 1/2.8"" CMOS image sensor, low luminance, and high definition image. Outputs max. 2 MP (1920 × 1080)@25/30 fps. H.265 codec, high compression rate",2558600,2558600,2558600,2558600,,SMB Model Series,Dahua SMB Model Series,3 Years Warranty,Dahua
DH-IPC-BNX41-AS,"4-MP 1/2.9"" CMOS image sensor, low luminance, and high definition image. Outputs max. 4 MP (2688 × 1520)@20 fps and supports 2560 × 1440 (2560 × 1440)",3762000,3762000,3762000,3762000,,SMB Model Series,Dahua SMB Model Series,3 Years Warranty,Dahua
DH-IPC-TNX41-S,"4-MP 1/2.9"" CMOS image sensor, low luminance, and high definition image. Outputs max. 4 MP (2688 × 1520)@20 fps, and supports 2560 × 1440@25/30 fps H.",3762000,3762000,3762000,3762000,,SMB Model Series,Dahua SMB Model Series,3 Years Warranty,Dahua
DH-IPC-BNX51-AS,"5-MP 1/2.7"" CMOS image sensor, low luminance, and high definition image. Outputs max. 5 MP (2960 × 1668) @20 fps, and supports 2688 ×1520 (2688 × 1520",4327400,4327400,4327400,4327400,,SMB Model Series,Dahua SMB Model Series,3 Years Warranty,Dahua
DH-IPC-TNX51-S,"5-MP 1/2.7"" CMOS image sensor, low luminance, and high definition image. Outputs max. 5 MP (2960 × 1668) @20 fps, and supports 2688 ×1520 (2688 × 1520",4065600,4065600,4065600,4065600,,SMB Model Series,Dahua SMB Model Series,3 Years Warranty,Dahua
DH-IPC-HFW2241TP-ZS,"2-MP 1/2.8"" CMOS image sensor, low luminance, and high definition image. Outputs max. 2 MP (1920 × 1080)@25/30 fps. H.265 codec, high compression rate",5420800,5420800,5420800,5420800,,SMB Model Series,Dahua SMB Model Series,3 Years Warranty,Dahua
DH-IPC-HDW2241TP-ZS,"2-MP 1/2.8"" CMOS image sensor, low luminance, and high definition image. Outputs max. 2 MP (1920 × 1080)@25/30 fps. H.265 codec, high compression rate",5218400,5218400,5218400,5218400,,SMB Model Series,Dahua SMB Model Series,3 Years Warranty,Dahua
DH-IPC-HDBW2241RP-ZS,"2-MP 1/2.8"" CMOS image sensor, low luminance, and high definition image. Outputs max. 2 MP (1920 × 1080)@25/30 fps. H.265 codec, high compression rate",5218400,5218400,5218400,5218400,,SMB Model Series,Dahua SMB Model Series,3 Years Warranty,Dahua
DH-IPC-HFW2241TP-ZAS,"2-MP 1/2.8"" CMOS image sensor, low luminance, and high definition image. Outputs max. 2 MP (1920 × 1080)@25/30 fps. H.265 codec, high compression rate",5625400,5625400,5625400,5625400,,SMB Model Series,Dahua SMB Model Series,3 Years Warranty,Dahua
DH-IPC-HDBW2241RP-ZAS,"2-MP 1/2.8"" CMOS image sensor, low luminance, and high definition image. Outputs max. 2 MP (1920 × 1080)@25/30 fps. H.265 codec, high compression rate",5962880,5962880,5962880,5962880,,SMB Model Series,Dahua SMB Model Series,3 Years Warranty,Dahua
DH-IPC-HFW2441TP-ZS,"4-MP 1/2.9"" CMOS image sensor, low luminance, and high definition image. Outputs max. 4 MP (2688 × 1520)@20 fps, and supports 2560 × 1440 (2560 × 1440",6303000,6303000,6303000,6303000,,SMB Model Series,Dahua SMB Model Series,3 Years Warranty,Dahua
DH-IPC-HDW2441TP-ZS,"4-MP 1/2.9"" CMOS image sensor, low luminance, and high definition image. Outputs max. 4 MP (2688× 1520)@20 fps and supports 2560 × 1440 (2560× 1440)@2",6032400,6032400,6032400,6032400,,SMB Model Series,Dahua SMB Model Series,3 Years Warranty,Dahua
DH-IPC-HDBW2441RP-ZS,"4-MP 1/2.9"" CMOS image sensor, low luminance, and high definition image. Outputs max. 4 MP (2688 × 1520)@20 fps and supports 2560 × 1440 (2560 × 1440)",6032400,6032400,6032400,6032400,,SMB Model Series,Dahua SMB Model Series,3 Years Warranty,Dahua
DH-IPC-HFW2441TP-ZAS,"4-MP 1/2.9"" CMOS image sensor, low luminance, and high definition image. Outputs max. 4 MP (2688 × 1520)@20 fps, and supports 2560 × 1440 (2560 × 1440",7230960,7230960,7230960,7230960,,SMB Model Series,Dahua SMB Model Series,3 Years Warranty,Dahua
DH-IPC-HDBW2441RP-ZAS,"4-MP 1/2.9"" CMOS image sensor, low luminance, and high definition image. Outputs max. 4 MP (2688 × 1520)@20 fps and supports 2560 × 1440 (2560 × 1440)",6783260,6783260,6783260,6783260,,SMB Model Series,Dahua SMB Model Series,3 Years Warranty,Dahua
DH-IPC-BNY41-AS,"4-MP 1/2.9"" CMOS image sensor, low luminance, and high definition image. Outputs max. 4 MP (2688 × 1520)@25/30 fps. H.265 codec, high compression rate",4540800,4540800,4540800,4540800,,SMB Model Series,Dahua SMB Model Series,3 Years Warranty,Dahua
DH-IPC-DNY41-S,"4-MP 1/2.9"" CMOS image sensor, low luminance, and high definition image. Outputs max. 4 MP (2688 × 1520)@25/30 fps. H.265 codec, high compression rate",4626600,4626600,4626600,4626600,,SMB Model Series,Dahua SMB Model Series,3 Years Warranty,Dahua
DH-IPC-DNY21-AS,"2-MP 1/2.8"" CMOS image sensor, low luminance, and high definition image. Outputs max. 2 MP (1920 × 1080)@25/30 fps. H.265 codec, high compression rate",5590200,5590200,5590200,5590200,,SMB Model Series,Dahua SMB Model Series,3 Years Warranty,Dahua
DH-IPC-BNY41-ZAS,"4-MP 1/2.9"" CMOS image sensor, low luminance, and high definition image. Outputs max. 4 MP (2688 × 1520)@25/30 fps. H.265 codec, high compression rate",10025400,10025400,10025400,10025400,,SMB Model Series,Dahua SMB Model Series,3 Years Warranty,Dahua
DH-IPC-DNY41-ZAS,"4-MP 1/2.9"" CMOS image sensor, low luminance, and high definition image. Outputs max. 4 MP (2688 × 1520)@25/30 fps. H.265 codec, high compression rate",10025400,10025400,10025400,10025400,,SMB Model Series,Dahua SMB Model Series,3 Years Warranty,Dahua
DH-IPC-EW5541P-AS-X,"5MP, 1/2.7” CMOS image sensor, low illuminance, high image definition Outputs max. 5MP (2592 × 1944) @25/30 fps H.265 codec, high compression rate, ul",14995200,14995200,14995200,14995200,,SMB Model Series,Dahua SMB Model Series,3 Years Warranty,Dahua
DH-IPC-PFW3849S-A180-AS-PV,"Outputs 180° wide angle splicing image. Outputs max. 8 MP (4096 × 1860)@20 fps. H.265 codec, high compression rate, ultra-low bit rate. Built-in IR LE",14075857,14075857,14075857,14075857,,SMB Model Series,Dahua SMB Model Series,3 Years Warranty,Dahua
DH-IPC-PDW3849-A180-AS-PV,"Outputs 180° wide angle splicing image. Outputs max. 8 MP (4096 × 1860)@20 fps. H.265 codec, high compression rate, ultra-low bit rate. Built-in IR LE",14075857,14075857,14075857,14075857,,SMB Model Series,Dahua SMB Model Series,3 Years Warranty,Dahua
DH-IPC-BNY41-AS-P,"4-MP 1/2.7"" CMOS starlight-grade image sensor, low luminance, and high definition image. Outputs 4 MP (2688 × 1520) @25/30 fps , and supports max. 5 M",8920120,8920120,8920120,8920120,,SMB Model Series,Dahua SMB Model Series,3 Years Warranty,Dahua
DH-SD4E425GB-HNR-A-PV1,1/2.8” 4Megapixel STARVIS™ CMOS 25x optical zoom Starlight technology Max. 25/30fps@4M IR distance up to 100m Autotracking3.0 Perimeter protection Fac,19536000,19536000,19536000,19536000,,SMB Model Series,Dahua SMB Model Series,3 Years Warranty,Dahua
DH-SD4A425DB-HNY,1/2.8” 4Megapixel STARVIS™ CMOS 25x optical zoom Starlight technology Max. 25/30fps@4MP IR distance up to 100m Auto-tracking Perimeter protection Face,19456800,19456800,19456800,19456800,,SMB Model Series,Dahua SMB Model Series,3 Years Warranty,Dahua
DH-SDT4E425-4F-GB-A-PV1,"Overview channel: 1/2.8"" 4Megapixel F1.0 CMOS； Detail channel: 1/2.8""4Megapixel STARVIS™ CMOS 25x optical zoom Max. 25/30fps@4M IR distance up to 100m",21434600,21434600,21434600,21434600,,SMB Model Series,Dahua SMB Model Series,3 Years Warranty,Dahua
DHI-NVR4108HS-EI,"Smart H.265+/H.265/Smart H.264+/H.264/MJPEG decoding format Access, storage or forwarding at 80 Mbps Max. decoding capability: 16 × 1080p@30 fps. Supp",6256800,6256800,6256800,6256800,,SMB Model Series,Dahua SMB Model Series,3 Years Warranty,Dahua
DHI-NVR4208-EI,"Smart H.265+/H.265/Smart H.264+/H.264/MJPEG decoding format Access, storage or forwarding at 256 Mbps (180 Mbps when AI function enabled) Max. decodin",8067400,8067400,8067400,8067400,,SMB Model Series,Dahua SMB Model Series,3 Years Warranty,Dahua
DHI-NVR4116HS-EI,"Smart H.265+/H.265/Smart H.264+/H.264/MJPEG decoding format Access, storage or forwarding at 256 Mbps (180 Mbps when AI function enabled) Max. decodin",7141200,7141200,7141200,7141200,,SMB Model Series,Dahua SMB Model Series,3 Years Warranty,Dahua
DHI-NVR4216-EI,"Smart H.265+/H.265/Smart H.264+/H.264/MJPEG decoding format Access, storage or forwarding at 256 Mbps (180 Mbps when AI function enabled) Max. decodin",8573400,8573400,8573400,8573400,,SMB Model Series,Dahua SMB Model Series,3 Years Warranty,Dahua
DHI-NVR4232-EI,"Smart H.265+/H.265/Smart H.264+/H.264/MJPEG decoding format Access, storage or forwarding at 256 Mbps (180 Mbps when AI function enabled) Max. decodin",12545280,12545280,12545280,12545280,,SMB Model Series,Dahua SMB Model Series,3 Years Warranty,Dahua
DHI-NVR4416-EI,"Smart H.265+/H.265/Smart H.264+/H.264/MJPEG decoding format Access, storage or forwarding at 256 Mbps (180 Mbps when AI function enabled) Max. decodin",16054280,16054280,16054280,16054280,,SMB Model Series,Dahua SMB Model Series,3 Years Warranty,Dahua
DHI-NVR4432-EI,"Smart H.265+/H.265/Smart H.264+/H.264/MJPEG decoding format Access, storage or forwarding at 256 Mbps (180 Mbps when AI function enabled) Max. decodin",20136820,20136820,20136820,20136820,,SMB Model Series,Dahua SMB Model Series,3 Years Warranty,Dahua
DHI-NVR4464-EI,"Supports Smart H.265+, H.265, Smart H.264+, H.264 and MJPEG decoding formats. Max. decoding capability: 32 × 1080p@30 fps or 32 × 2MP@30 fps. Max. 384",25891800,25891800,25891800,25891800,,SMB Model Series,Dahua SMB Model Series,3 Years Warranty,Dahua
DSS8EXV,"One video channel license for DSS Express V8, no prerequisite. Note: It can support up to 65 video channels by purchasing one video license.",1623820,1623820,1623820,1623820,,SMB Model Series,Dahua SMB Model Series,3 Years Warranty,Dahua
DSS8EXD,"One access control channel license for DSS Express V8, no prerequisite. Note: For access control devices with video channels, the video channel licens",1623820,1623820,1623820,1623820,,SMB Model Series,Dahua SMB Model Series,3 Years Warranty,Dahua
DSS8EXVEM,"One parking management module license for DSS Express V8.  Supported: vehicle entrance and exit rule management, calling center from VTO, vehicle list",1623820,1623820,1623820,1623820,,SMB Model Series,Dahua SMB Model Series,3 Years Warranty,Dahua
DSS8EXVDP,"One video intercom device license for DSS Express V8, no prerequisite, supported video intercom device includes VTO, VTH, VTS, etc.",1623820,1623820,1623820,1623820,,SMB Model Series,Dahua SMB Model Series,3 Years Warranty,Dahua
DH-IPC-HDBW1230,"2-MP 1/3"" CMOS image sensor, low luminance, and high definition image. Outputs max. 2 MP (1920 × 1080)@25/30 fps. H.265 codec, high compression rate, ",475492,475492,0,967000,,IPC 1 Series,Dahua IPC 1 Series,3 Years Warranty,Dahua
DH-IPC-HDBW1430,"4-MP 1/3"" CMOS image sensor, low luminance, and high definition image. Outputs max. 4 MP (2560 × 1440)@25/30 fps. H.265 codec, high compression rate, ",594475,594475,0,1210000,,IPC 1 Series,Dahua IPC 1 Series,3 Years Warranty,Dahua
DH-IPC-HDBW1239E1-A-IL,"2-MP 1/2.8"" CMOS image sensor, low luminance, and high definition image. Outputs max. 2 MP (1920 × 1080)@25/30 fps. H.265 codec, high compression rate",733740,733740,0,1473000,,IPC 1 Series,Dahua IPC 1 Series,3 Years Warranty,Dahua
DH-IPC-HDBW1439E1-A-IL,"4-MP 1/3"" CMOS image sensor, low luminance, and high definition image. Outputs max. 4 MP (2560 × 1440)@25/30 fps. H.265 codec, high compression rate, ",1076200,1076200,0,2160000,,IPC 1 Series,Dahua IPC 1 Series,3 Years Warranty,Dahua
DH-IPC-HFW1239TL1-PV,"2-MP 1/2.8"" CMOS image sensor, low luminance, and high definition image. Outputs max. 2 MP (1920 × 1080)@25/30 fps. H.265 codec, high compression rate",825968,825968,0,1678000,,IPC 1 Series,Dahua IPC 1 Series,3 Years Warranty,Dahua
DH-IPC-HDW1239V-PV,"2-MP 1/2.8"" CMOS image sensor, low luminance, and high definition image. Outputs max. 2 MP (1920 × 1080)@25/30 fps. H.265 codec, high compression rate",825968,825968,0,1678000,,IPC 1 Series,Dahua IPC 1 Series,3 Years Warranty,Dahua
DH-IPC-PT1239H-PV,"1/2.8"" 2Megapixel CMOS. Max. 25/30 fps@2MP. H.265 Encoding. Human/Vehicle Detection. Perimeter Protection. Active Deterrence. Smart Dual Light. Two-wa",877490,877490,0,1782000,,IPC 1 Series,Dahua IPC 1 Series,3 Years Warranty,Dahua
DH-IPC-HFW1439TL1-PV,"4-MP 1/2.9"" CMOS image sensor, low luminance, and high definition image. Outputs max. 4 MP (2560 × 1440)@25/30 fps. H.265 codec, high compression rate",1178381,1178381,0,2394000,,IPC 1 Series,Dahua IPC 1 Series,3 Years Warranty,Dahua
DH-IPC-HDW1439V-PV,"4-MP 1/2.9"" CMOS image sensor, low luminance, and high definition image. Outputs max. 4 MP (2560 × 1440)@25/30 fps. H.265 codec, high compression rate",1178381,1178381,0,2394000,,IPC 1 Series,Dahua IPC 1 Series,3 Years Warranty,Dahua
DH-IPC-PT1439H-PV,"1/2.8"" 4Megapixel CMOS. Max. 25/30 fps@4MP. H.265 Encoding. Human/Vehicle Detection. Perimeter Protection. Active Deterrence. Smart Dual Light. Two-wa",1249084,1249084,0,2538000,,IPC 1 Series,Dahua IPC 1 Series,3 Years Warranty,Dahua
DH-IPC-HFW1249TL-A-PRO,"2-MP 1/2.9"" CMOS image sensor, low luminance, and high definition image. Outputs max. 2 MP (1920 ×1080)@25/30 fps. H.265 codec, high compression rate,",772455,772455,0,1571000,,IPC 1 Series,Dahua IPC 1 Series,3 Years Warranty,Dahua
DH-IPC-HDW1249T-A-PRO,"2-MP 1/2.9"" CMOS image sensor, low luminance, and high definition image. Outputs max. 2 MP (1920 ×1080)@25/30 fps. H.265 codec, high compression rate,",772455,772455,0,1571000,,IPC 1 Series,Dahua IPC 1 Series,3 Years Warranty,Dahua
DH-IPC-HFW2649TL-S-PRO,"1/1.8"" CMOS image sensor, low luminance, and high definition image. Outputs max. 6 MP (3288 ×1850) @20 fps, and supports 4MP (2688 × 1520) @25/30 fps.",1622880,1622880,0,3439000,,IPC 2 Series ,Dahua IPC 2 Series ,3 Years Warranty,Dahua
DH-IPC-HFW2649M-S-B-PRO,"1/1.8"" CMOS image sensor, low luminance, and high definition image. Outputs max. 6 MP (3288 ×1850) @20 fps, and supports 4MP (2688 × 1520) @25/30 fps.",1622880,1622880,0,3439000,,IPC 2 Series ,Dahua IPC 2 Series ,3 Years Warranty,Dahua
DH-IPC-HDW2649T-S-PRO,"1/1.8"" CMOS image sensor, low luminance, and high definition image. Outputs max. 6 MP (3288 ×1850) @20 fps, and supports 4MP (2688 × 1520) @25/30 fps.",1622880,1622880,0,3439000,,IPC 2 Series ,Dahua IPC 2 Series ,3 Years Warranty,Dahua
DH-IPC-HFW2849TL-S-PRO,"8-MP 1/1.8"" CMOS image sensor, low luminance, and high definition image. Outputs max. 8 MP (3840 × 2160)@20 fps, and supports 4 MP (2688 × 1520)@25/30",1858000,1858000,0,3936000,,IPC 2 Series ,Dahua IPC 2 Series ,3 Years Warranty,Dahua
DH-IPC-HFW2849M-S-B-PRO,"8-MP 1/1.8"" CMOS image sensor, low luminance, and high definition image. Outputs max. 8 MP (3840 × 2160)@20 fps, and supports 4 MP (2688 × 1520)@25/30",1858000,1858000,0,3936000,,IPC 2 Series ,Dahua IPC 2 Series ,3 Years Warranty,Dahua
DH-IPC-HDW2849T-S-PRO,"8-MP 1/1.8"" CMOS image sensor, low luminance, and high definition image. Outputs max. 8 MP (3840 × 2160)@20 fps, and supports 4 MP (2688 × 1520)@25/30",1858000,1858000,0,3936000,,IPC 2 Series ,Dahua IPC 2 Series ,3 Years Warranty,Dahua
DH-KIT/IPC-PT2449B1-4GB20/M0508,"4-MP 1/3"" CMOS image sensor, low luminance, and high definition image. Outputs max. 4 MP (2560 × 1440) @15 fps. H.265 codec, high compression rate, ul",2929679,2929679,0,6206000,,IPC 2 Series ,Dahua IPC 2 Series ,3 Years Warranty,Dahua
DH-SD3D216NB-GNY,"1/2.8"" 2Megapixel CMOS • 16x optical zoom • Starlight technology • Max. 25/30 fps@1080P • IR distance up to 80 m • IVS(Human/Vehicle Detection) • SMD ",3349500,3349500,0,7095000,,PTZ Series,Dahua PTZ Series,3 Years Warranty,Dahua
DH-SD3D416NB-GNY,"• 1/2.8"" 4Megapixel CMOS • 16x optical zoom • Starlight technology • Max. 25/30 fps@4MP • IR distance up to 80 m • IVS(Human/Vehicle Detection) • SMD ",4215750,4215750,0,8929000,,PTZ Series,Dahua PTZ Series,3 Years Warranty,Dahua
DH-IPC-PT2249C1-S-PV-PRO,"•1/2.8"" 2Megapixel CMOS. •WizColor Technology. •Max. 25/30 fps@2MP. •H.265 Encoding. •SMD 3.0. •Perimeter Protection. •Two-way Talk. •Auto Tracking Li",1155000,1155000,0,2447000,,PTZ Series,Dahua PTZ Series,3 Years Warranty,Dahua
DH-IPC-PT2449C1-S-PV-PRO,"•1/1.8"" 4Megapixel CMOS. •WizColor Technology. •Max. 25/30 fps@4MP. •H.265 Encoding. •SMD 3.0. •Perimeter Protection. •Two-way Talk. •Auto Tracking Li",1270500,1270500,0,2692000,,PTZ Series,Dahua PTZ Series,3 Years Warranty,Dahua
DH-IPC-PT2849C1-S-PV-PRO,"•1/1.8"" 8 Megapixel CMOS. •WizColor Technology. •Max. 20 fps@8MP. •H.265 Encoding. •SMD 3.0. •Perimeter Protection. •Two-way Talk. •Auto Tracking Lite",1617000,1617000,0,3425000,,PTZ Series,Dahua PTZ Series,3 Years Warranty,Dahua
DH-IPC-PTS2249B-E2-S-PV-PRO,"·2-MP 1/2.9"" CMOS image sensor, low luminance, and high definition image. ·Outputs max. 2 MP (1920 × 1080)@25/30 fps. ·H.265 codec, high compression r",2040000,2040000,0,4322000,,PTZ Series,Dahua PTZ Series,3 Years Warranty,Dahua
DH-IPC-PTS2449C-4E3Z-S-PV-PRO,"·Displays videos in two channels at the same time ·1/1.8"" 4Megapixel CMOS and 1/2.8"" 2Megapixel CMOS ·WizColor Technology ·Max. 25/30 fps@4MP and Max.",2646000,2646000,0,5606000,,PTZ Series,Dahua PTZ Series,3 Years Warranty,Dahua
DH-P3B-PV,"3-MP 1/2.7"" CMOS image sensor, low luminance, and high definition image. Outputs max. 3 MP (2304 × 1296)@25 fps. H.265 codec, high compression rate, u",569940,569940,663000,894000,,Wireless Series,Dahua Wireless Series,3 Years Warranty,Dahua
DH-P5B-PV,"1/2.8"" 5Megapixel STARVIS™ CMOS. Max. 25/30 fps@5MP. Human/vehicle detecton. Tripwire, intrusion. H.265 encoding. Wi-Fi. Two-way talk. Sound and light",760980,760980,885000,1190000,,Wireless Series,Dahua Wireless Series,3 Years Warranty,Dahua
DH-HAC-HFW1249XP-IL-A-PRO,"· Max. 30 fps@1080p · AI-ISP. · Distortion Correction. · Smart Dual Light. · Smart Light+. · 50 m illumination distance · Super Adapt, 130 dB true WDR",527566,527566,0,1035000,,HAC Series,Dahua HAC Series,3 Years Warranty,Dahua
DH-HAC-HDW1249XP-IL-A-PRO,"· Max. 30 fps@1080p · AI-ISP. · Distortion Correction. · Smart Dual Light. · Smart Light+. · 50 m illumination distance · Super Adapt, 130 dB true WDR",527566,527566,0,1035000,,HAC Series,Dahua HAC Series,3 Years Warranty,Dahua
DH-HAC-HFW1549XP-IL-A-PRO,"* The parameters and datasheets below can only be applied to 1549 series. * In order to use the 5MP 16:9 and the Smart Dual Light HDCVI camera, the fi",670638,670638,0,1318000,,HAC Series,Dahua HAC Series,3 Years Warranty,Dahua
DH-HAC-HDW1549XP-IL-A-PRO,"* The parameters and datasheets below can only be applied to 1549 series. * In order to use the 5MP 16:9 and the Smart Dual Light HDCVI camera, the fi",670638,670638,0,1318000,,HAC Series,Dahua HAC Series,3 Years Warranty,Dahua
DH-HAC-HDW1200TQ-IL-T,· Max. 30 fps@1080p · Two-way Talk · Smart Dual Light · Smart Light+ · 3D NR · Quick-to-install eyeball saves installation time · 40 m illumination di,416551,416551,0,817000,,HAC Series,Dahua HAC Series,3 Years Warranty,Dahua
DH-HAC-HFW1200RL-IL-T,· Max. 30 fps@1080p · Two-way Talk · Smart Dual Light · Smart Light+ · 3D NR · 30 m illumination distance · 3.6 mm fixed lens (2.8 mm optional) · CVI/,416551,416551,0,817000,,HAC Series,Dahua HAC Series,3 Years Warranty,Dahua
DH-HAC-HDW1500TQ-IL-T,* The parameters and datasheets below can only be applied to1500-IL-T series. · Max. 25 fps@5MP · Two-way Talk · Smart Light+ · Smart Dual Light. · 40,541265,541265,0,1062000,,HAC Series,Dahua HAC Series,3 Years Warranty,Dahua
DH-HAC-HFW1500RL-IL-T,* The parameters and datasheets below can only be applied to1500-IL-T series. · Max. 25 fps@5MP · Two-way Talk · Smart Light+ · Smart Dual Light. · 30,541265,541265,0,1062000,,HAC Series,Dahua HAC Series,3 Years Warranty,Dahua
DH-XVR1B04-I/T,"• 4-ch Analog Video Input, Max. 1080N/720p@30fps Encoding Capability • Max. 5-ch IP Video Input (Up to 2MP) • 4-ch Two-way Talk • AI Functions: 4-ch S",642457,642457,0,1182000,,XVR Series,Dahua XVR Series,3 Years Warranty,Dahua
DH-XVR1B08-I/T,"• 8-ch Analog Video Input, Max. 1080N/720p@15fps Encoding Capability • Max. 10-ch IP Video Input (Up to 6MP) • 8-ch Two-way Talk • AI Functions: 8-ch ",849511,849511,0,1565000,,XVR Series,Dahua XVR Series,3 Years Warranty,Dahua
DH-XVR1B16-I/T,"• 16-ch Analog Video Input, Max. 1080N/720p@15fps Encoding Capability • Max. 18-ch IP Video Input (Up to 6MP) • 16-ch Two-way Talk • AI Functions: 16-",1474897,1474897,0,2715000,,XVR Series,Dahua XVR Series,3 Years Warranty,Dahua
DH-XVR4216AN-I/T,"• 16-ch Analog Video Input, Max. 1080N/720p@15fps Encoding Capability • Max. 18-ch IP Video Input (Up to 6MP) • 16-ch Two-way Talk • AI Functions: 16-",1934572,1934572,0,3557000,,XVR Series,Dahua XVR Series,3 Years Warranty,Dahua
DH-XVR4232AN-I/T,"• 32-ch Analog Video Input, Max. 1080N/720p@15fps Encoding Capability • Max. 20-ch IP Video Input (Up to 6MP) • 32-ch Two-way Talk • AI Functions: 32-",4744154,4744154,0,8725000,,XVR Series,Dahua XVR Series,3 Years Warranty,Dahua
DH-XVR5104HS-5M-I3/T,"• 4-ch Analog Video Input, Max. 5MP@12fps/1080p@25fps Encoding Capability • Max. 6-ch IP Video Input (Up to 6MP) • 4-ch Two-way Talk • AI Functions: 4",1191119,1191119,0,2199000,,XVR Series,Dahua XVR Series,3 Years Warranty,Dahua
DH-XVR5108HS-5M-I3/T,"• 8-ch Analog Video Input, Max. 5MP@12fps/1080p@25fps Encoding Capability • Max. 12-ch IP Video Input (Up to 6MP) • 8-ch Two-way Talk • AI Functions: ",1909921,1909921,0,3515000,,XVR Series,Dahua XVR Series,3 Years Warranty,Dahua
DH-XVR5116HS-5M-I3/T,"• 16-ch Analog Video Input, Max. 5MP@12fps/1080p@25fps Encoding Capability • Max. 24-ch IP Video Input (Up to 6MP) • 16-ch Two-way Talk • AI Functions",3545815,3545815,0,6475000,,XVR Series,Dahua XVR Series,3 Years Warranty,Dahua
DH-XVR5216AN-5M-I3/T,"• 16-ch Analog Video Input, Max. 5MP@12fps/1080p@25fps Encoding Capability • Max. 24-ch IP Video Input (Up to 6MP) • 16-ch Two-way Talk • AI Functions",4213668,4213668,0,7750000,,XVR Series,Dahua XVR Series,3 Years Warranty,Dahua
DH-XVR5232AN-5M-I3/T,"• 32-ch Analog Video Input, Max. 5MP@12fps/1080p@25fps Encoding Capability • Max. 48-ch IP Video Input (Up to 6MP) • 32-ch Two-way Talk • AI Functions",7263758,7263758,0,13365000,,XVR Series,Dahua XVR Series,3 Years Warranty,Dahua
DH-CS4006-4ET2GT-36,"1.Supports cloud managed via DoLynk care 2.Auto-generates network toplogy simplifying management 3.Complies with IEEE802.3af, IEEE802.3at 4.Working in",435750,435750,0,743000,,Transmission Series,Dahua Transmission Series,3 Years Warranty,Dahua
S3006-4ET-60,"Easy to install, and is plug and play. Meets the requirements of IEEE802.3af and IEEE802.3at standards. Performs long-distance transmission. With its ",340472,340472,0,600000,,Transmission Series ,Dahua Transmission Series ,3 Years Warranty,Dahua
S3010-8ET2ET-60,"Easy to install, and is plug and play. Meets the requirements of IEEE802.3af and IEEE802.3at standards. Performs long-distance transmission. With its ",538692,538692,0,950000,,Transmission Series ,Dahua Transmission Series ,3 Years Warranty,Dahua
DH-PFM3350-600,"Comes with a wide voltage input range of 170–280 VAC, and easily adapts to fluctuations and various grid environments. Operates quietly for a serene e",477000,477000,0,865000,,PSU&UPS,Dahua PSU&UPS,3 Years Warranty,Dahua
DH-PFM3350-1000,"Comes with a wide voltage input range of 170–280 VAC, and easily adapts to fluctuations and various grid environments. Operates quietly for a serene e",640000,640000,0,1160000,,PSU&UPS,Dahua PSU&UPS,3 Years Warranty,Dahua
DH-PFM3350-1500,"Comes with a wide voltage input range of 170–280 VAC, and easily adapts to fluctuations and various grid environments. Operates quietly for a serene e",1445000,1445000,0,2465000,,PSU&UPS,Dahua PSU&UPS,3 Years Warranty,Dahua
M1pro,Front Camera: 1920×1080P@30FPS,435600,435600,435600,605000,,Dashcam Series,Dahua Dashcam Series,3 Years Warranty,Dahua
H10,Front Camera: 3840x2160P@30FPS (Back camera not included in package),1269000,1269000,1269000,2115000,,Dashcam Series,Dahua Dashcam Series,3 Years Warranty,Dahua
S5PRO,Front Camera: 3840x2160P@30FPS Back Camera: 1920x1080P@25FPS,864000,864000,864000,1350000,,Dashcam Series,Dahua Dashcam Series,3 Years Warranty,Dahua
S100,Front Camera: 2560x1440P@30FPS Back Camera: 1920x1080P@25FPS,2319000,2319000,2319000,3619000,,Dashcam Series,Dahua Dashcam Series,3 Years Warranty,Dahua
R01,1920×1080P@30FPS,216920,216920,216920,319000,,Dashcam Series,Dahua Dashcam Series,3 Years Warranty,Dahua
DH-DAE-CDL-V9H,Support 24H Parking Monitor in Car,216920,216920,216920,319000,,Dashcam Series,Dahua Dashcam Series,3 Years Warranty,Dahua
V9H_TYPE-C,Support 24H Parking Monitor in Car,216920,216920,216920,319000,,Dashcam Series,Dahua Dashcam Series,3 Years Warranty,Dahua
V9H_TYPE-C-REAR,Support 24H Parking Monitor in Car,89323,89323,89323,135000,,Dashcam Series,Dahua Dashcam Series,3 Years Warranty,Dahua
DHI-ASF280A-V1,"• 280 kg (617.29 lb) Tensile Force, Single Door • Displays Lock Status with LED Indicator • 5-wire Supports Door Detector Signal Feedback",286000,286000,286000,443000,,Aceess Control Series,Dahua Aceess Control Series,3 Years Warranty,Dahua
DHI-ASF280L-V1,The bracket is used to install and secure the magnetic lock.,54000,54000,54000,83000,,Aceess Control Series,Dahua Aceess Control Series,3 Years Warranty,Dahua
DHI-ASF280U-V1,The bracket is used to install and secure the magnetic lock.,54000,54000,54000,83000,,Aceess Control Series,Dahua Aceess Control Series,3 Years Warranty,Dahua
DHI-ASF280ZL-V1,The bracket is used to install and secure the magnetic lock.,129000,129000,129000,199000,,Aceess Control Series,Dahua Aceess Control Series,3 Years Warranty,Dahua
Plastic Exit Button,"Plastic Exit Button > Professional circuit design, no mechanical failure  > Use fire fire retardant material , convenient installation  > 500,000 time",36500,36500,36500,56500,,Aceess Control Series,Dahua Aceess Control Series,3 Years Warranty,Dahua
Steel Exit Button,,97000,97000,97000,150000,,Aceess Control Series,Dahua Aceess Control Series,3 Years Warranty,Dahua
Door Closer,"Suitable for any door with frame and open at 180 degree; Door wieght 40~60kg, door width 950mm",435000,435000,435000,672000,,Aceess Control Series,Dahua Aceess Control Series,3 Years Warranty,Dahua
DH-PFA150,"Pole Diameter: 80~150mm Built of SECC material. Simple, elegant and convenient to use. Supports being installed on large vertcal poles. The enhanced b",295943,295943,0,507000,,Accessories Series,Dahua Accessories Series,3 Years Warranty,Dahua
DH-PFA138,Junction Box,182605,182605,0,312000,,Accessories Series,Dahua Accessories Series,3 Years Warranty,Dahua
DH-IPC-BNY49-AS,"4-MP 1/2.9"" CMOS image sensor, low luminance, and high definition image. Outputs max. 4 MP (2688 × 1520)@25/30 fps. H.265 codec, high compression rate",4994880,4994880,4994880,4994880,,SMB Model Series,Dahua SMB Model Series,3 Years Warranty,Dahua
DH-IPC-DNY49-S,"4-MP 1/2.9"" CMOS image sensor, low luminance, and high definition image. Outputs max. 4 MP (2688 × 1520)@25/30 fps. H.265 codec, high compression rate",5089260,5089260,5089260,5089260,,SMB Model Series,Dahua SMB Model Series,3 Years Warranty,Dahua
DH-IPC-DNY29-AS,"2-MP 1/2.9"" CMOS image sensor, low luminance, and high definition image. Outputs max. 2 MP (1920 ×1080)@25/30 fps. H.265 codec, high compression rate,",6149220,6149220,6149220,6149220,,SMB Model Series,Dahua SMB Model Series,3 Years Warranty,Dahua
DH-IPC-BNY49-ZAS,"4-MP 1/2.9"" CMOS image sensor, low luminance, and high definition image. Outputs max. 4 MP (2688 × 1520)@25/30 fps. H.265 codec, high compression rate",11027940,11027940,11027940,11027940,,SMB Model Series,Dahua SMB Model Series,3 Years Warranty,Dahua
DH-IPC-DNY49-ZAS,"4-MP 1/2.9"" CMOS image sensor, low luminance, and high definition image. Outputs max 4 MP (2688 × 1520)@25/30 fps. H.265 codec, high compression rate,",11027940,11027940,11027940,11027940,,SMB Model Series,Dahua SMB Model Series,3 Years Warranty,Dahua
DH-IPC-EBW5641-AS,"6-MP 1/2.5"" CMOS image sensor, low luminance, and high definition image. Outputs max. 6 MP (2560 × 2560)@25/30 fps. 360° fisheye monitoring covers all",16494720,16494720,16494720,16494720,,SMB Model Series,Dahua SMB Model Series,3 Years Warranty,Dahua
DH-IPC-PFW2849S-A180-S-PV,"Intelligent monitoring: Intrusion, tripwire (the two functions support the classification and accurate detection of vehicle and human). Abnormality de",8445514,8445514,8445514,8445514,,SMB Model Series,Dahua SMB Model Series,3 Years Warranty,Dahua
DH-IPC-PDW2849-A180-S-PV,"Intelligent monitoring: Intrusion, tripwire (the two functions support the classification and accurate detection of vehicle and human). Abnormality de",8445514,8445514,8445514,8445514,,SMB Model Series,Dahua SMB Model Series,3 Years Warranty,Dahua
DH-IPC-B1E20-A,"2-MP 1/3.2"" CMOS image sensor, low luminance, and high definition image. Outputs max. 2 MP (1920 × 1080)@30 fps. H.265 codec, high compression rate, u",399000,399000,399000,775000,,IPC 1 Series,Dahua IPC 1 Series,3 Years Warranty,Dahua
DH-IPC-D1E20-A,"2-MP 1/3"" CMOS image sensor, low luminance, and high definition image. Outputs max. 2 MP (1920 × 1080)@25/30 fps. H.265 codec, high compression rate, ",399000,399000,399000,775000,,IPC 1 Series,Dahua IPC 1 Series,3 Years Warranty,Dahua
DH-IPC-T1E20-A,"2-MP 1/3.2"" CMOS image sensor, low luminance, and high definition image. Outputs max. 2 MP (1920 × 1080)@30 fps. H.265 codec, high compression rate, u",399000,399000,399000,775000,,IPC 1 Series,Dahua IPC 1 Series,3 Years Warranty,Dahua
DH-IPC-HFW1239TC1-A-PRO,"2-MP 1/2.8"" CMOS image sensor, low luminance, and high definition image. Outputs max 2 MP (1920 × 1080)@25/30 fps. H.265 codec, high compression rate,",807400,807400,0,1623000,,IPC 1 Series,Dahua IPC 1 Series,3 Years Warranty,Dahua
DH-IPC-HDW1239T1-A-PRO,"2-MP 1/2.8"" CMOS image sensor, low luminance, and high definition image. Outputs max 2 MP (1920 × 1080)@25/30 fps. H.265 codec, high compression rate,",807400,807400,0,1623000,,IPC 1 Series,Dahua IPC 1 Series,3 Years Warranty,Dahua
DH-IPC-HFW1439TC1-A-PRO,"4-MP 1/3"" CMOS image sensor, low luminance, and high definition image. Outputs max 4 MP (2560 × 1440)@25/30 fps. H.265 codec, high compression rate, u",1097250,1097250,0,2229000,,IPC 1 Series,Dahua IPC 1 Series,3 Years Warranty,Dahua
DH-IPC-HDW1439T1-A-PRO,"4-MP 1/3"" CMOS image sensor, low luminance, and high definition image. Outputs max 4 MP (2560 × 1440)@25/30 fps. H.265 codec, high compression rate, u",1097250,1097250,0,2229000,,IPC 1 Series,Dahua IPC 1 Series,3 Years Warranty,Dahua
DH-IPC-HFW2249TL-S-PRO,"2-MP 1/2.9"" CMOS image sensor, low luminance, and high definition image. Outputs max. 2 MP (1920 ×1080)@25/30 fps. H.265 codec, high compression rate,",952560,952560,0,2020000,,IPC 2 Series ,Dahua IPC 2 Series ,3 Years Warranty,Dahua
DH-IPC-HFW2249M-S-B-PRO,"2-MP 1/2.9"" CMOS image sensor, low luminance, and high definition image. Outputs max. 2 MP (1920 ×1080)@25/30 fps. H.265 codec, high compression rate,",952560,952560,0,2020000,,IPC 2 Series ,Dahua IPC 2 Series ,3 Years Warranty,Dahua
DH-IPC-HDW2249T-S-PRO,"2-MP 1/2.9"" CMOS image sensor, low luminance, and high definition image. Outputs max. 2 MP (1920 ×1080)@25/30 fps. H.265 codec, high compression rate,",952560,952560,0,2020000,,IPC 2 Series ,Dahua IPC 2 Series ,3 Years Warranty,Dahua
DH-IPC-PTS2649C-3E3Z-4GB20,Displays videos in two channels at the same time 1/2.8” 3Megapixel CMOS WizColor technology 6x hybrid zoom Two-way talk SMD3.0 Siren and Light Active ,3520000,3520000,0,7457000,,IPC 2 Series ,Dahua IPC 2 Series ,3 Years Warranty,Dahua
DH-F3D-PV,"3-MP 1/2.8"" CMOS image sensor, low luminance, and high definition image. Outputs max. 3 MP (2304 × 1296) @25/30 fps. H.265 codec, high compression rat",474470,474470,552000,746000,,Wireless Series,Dahua Wireless Series,3 Years Warranty,Dahua
DH-P3F-PV,"1/2.8"" CMOS WizColor technology Wi-Fi 6 H.265 encoding SMD3.0 Perimeter protection Two-way Talk Auto Tracking Lite Preset Patrol IP66 protection",834300,834300,971000,1305000,,Wireless Series,Dahua Wireless Series,3 Years Warranty,Dahua
DH-P5F-PV,"1/1.8"" CMOS WizColor technology Wi-Fi 6 H.265 encoding SMD3.0 Perimeter protection Two-way Talk Auto Tracking Lite Preset Patrol IP66 protection",978500,978500,1138000,1528000,,Wireless Series,Dahua Wireless Series,3 Years Warranty,Dahua
DH-BP3EW-4G,"3-MP image sensor, low illuminance, and high definition image. Outputs max 3 MP (2304 × 1296)@15 fps. H.265 codec, high compression rate, ultra-low bi",1143300,1143300,1330000,1784000,,Wireless Series,Dahua Wireless Series,3 Years Warranty,Dahua
DH-PFB1210W,"Built of ABS material, it is highly durable and cost-effective. Lightweight and easy to dismantle. Small and stylish, it is suitable for installation ",20200,20200,24000,42000,,Wireless Series,Dahua Wireless Series,3 Years Warranty,Dahua
DH-HAC-HDW1500-U-IL,"* The parameters and datasheets below can only be applied to A51-U-IL-S2 series. * In order to use the 5MP 16:9 and the Smart Dual Light HDCVI camera,",424428,424428,0,835000,,HAC Series,Dahua HAC Series,3 Years Warranty,Dahua
DH-XVR5104HS-4KL-I3/T,"• 4-ch Analog Video Input, Max. 4K@15fps/5MP@25fps Encoding Capability • Max. 8-ch IP Video Input (Up to 8MP) • 4-ch Two-way Talk • AI Functions: 4-ch",2484374,2484374,0,4575000,,XVR Series,Dahua XVR Series,3 Years Warranty,Dahua
DH-XVR5108HS-4KL-I3/T,"• 8-ch Analog Video Input, Max. 4K@15fps/5MP@25fps Encoding Capability • Max. 16-ch IP Video Input (Up to 8MP) • 8-ch Two-way Talk • AI Functions: 8-c",4382317,4382317,0,8059000,,XVR Series,Dahua XVR Series,3 Years Warranty,Dahua
DH-XVR5116H-4KL-I3/T,"• 16-ch Analog Video Input, Max. 4K@15fps/5MP@25fps Encoding Capability • Max. 32-ch IP Video Input (Up to 8MP) • 16-ch Two-way Talk • AI Functions: 8",6216684,6216684,0,11435000,,XVR Series,Dahua XVR Series,3 Years Warranty,Dahua
DH-XVR5216AN-4KL-I3/T,"• 16-ch Analog Video Input, Max. 4K@15fps/5MP@25fps Encoding Capability • Max. 32-ch IP Video Input (Up to 8MP) • 16-ch Two-way Talk • AI Functions: 8",8761042,8761042,0,16115000,,XVR Series,Dahua XVR Series,3 Years Warranty,Dahua
DHI-ASI6214D-W,4.3 inch glass touch screen with a resolution of 272 × 480. 2-MP wide-angle dual-lens camera with IR illumination and DWDR. Multiple unlock methods in,2205000,2205000,2205000,3545000,,Aceess Control Series,Dahua Aceess Control Series,3 Years Warranty,Dahua
DHI-VTH2421FB-P,"· 7"" TFT Capacitive touch screen, 1024 x 600 · IPC surveillance · Alarm integration · High performance & Cost-effective · Built-in 8GB Micro SD card ·",1374764,1374764,0,2420000,,Door Phone Series,Dahua Door Phone Series,3 Years Warranty,Dahua
DH-IPC-HFW2249T-ZAS-IL,"2-MP 1/2.9"" CMOS image sensor, low illuminance, and high definition image. Outputs max 2 MP (1920 × 1080)@25/30 fps. H.265 codec, high compression rat",6355182,6355182,6355182,6355182,,SMB Model Series,Dahua SMB Model Series,3 Years Warranty,Dahua
DH-IPC-HDW2249T-ZS-IL,"2-MP 1/2.9"" CMOS image sensor, low illuminance, and high definition image. Outputs max 2 MP (1920 × 1080)@25/30 fps. H.265 codec, high compression rat",5922468,5922468,5922468,5922468,,SMB Model Series,Dahua SMB Model Series,3 Years Warranty,Dahua
DH-IPC-HFW2449T-ZAS-IL,"4-MP 1/2.9"" CMOS image sensor, low luminance, and high definition image. Outputs max. 4 MP (2688 × 1520)@20 fps, and supports 2560 ×1440 (2560 × 1440)",7442252,7442252,7442252,7442252,,SMB Model Series,Dahua SMB Model Series,3 Years Warranty,Dahua
DH-IPC-HDW2449T-ZS-IL,"4-MP 1/2.9"" CMOS image sensor, low illuminance, and high definition image. Outputs max 4 MP (2560 × 1440)@25/30 fps. H.265 codec, high compression rat",6736842,6736842,6736842,6736842,,SMB Model Series,Dahua SMB Model Series,3 Years Warranty,Dahua
DH-IPC-HFW2849T-ZAS-IL,"8-MP 1/2.7"" CMOS image sensor, low luminance, and high definition image. Outputs max. 8 MP (3840 × 2160)@20 fps, and supports 2688 × 1520 (2688 × 1520",8612944,8612944,8612944,8612944,,SMB Model Series,Dahua SMB Model Series,3 Years Warranty,Dahua
DH-IPC-HDBW2841R-ZAS,"8-MP 1/2.7"" CMOS image sensor, low luminance, and high definition image. Outputs max. 8 MP (3840 × 2160) @20 fps, and supports 2688 ×1520 (2688 × 1520",8278460,8278460,8278460,8278460,,SMB Model Series,Dahua SMB Model Series,3 Years Warranty,Dahua
DH-IPC-HDW2849T-ZS-IL,"8-MP 1/2.7"" CMOS image sensor, low illuminance, and high definition image. Outputs max 8 MP (3840 × 2160)@20 fps and supports 2688 × 1520 (2688 × 1520",8194839,8194839,8194839,8194839,,SMB Model Series,Dahua SMB Model Series,3 Years Warranty,Dahua
DH-SD4E425MB-HNR-A-PV1,1/2.8” 4Megapixel CMOS 25x optical zoom Starlight technology Max. 25/30fps@4M IR distance up to 100m WizTracking Built-in dual mics and a speaker for ,21489600,21489600,21489600,21489600,,SMB Model Series,Dahua SMB Model Series,3 Years Warranty,Dahua
DH-SDT4E425-4F-GB-A-PV1-S2,"Overview channel: 1/2.8"" 4Megapixel F1.0 CMOS Detail channel: 1/2.8""4Megapixel CMOS 25× optical zoom Max. 25/30 fps@4M IR distance up to 100m Xinghan ",31023763,31023763,31023763,31023763,,SMB Model Series,Dahua SMB Model Series,3 Years Warranty,Dahua
DHI-NVR4116HS-8P-EI,"Supports Smart H.265+, H.265, Smart H.264+, H.264 and MJPEG decoding formats. Max. 256 Mbps incoming/recording/outgoing bandwidth. Max. decoding capab",11453642,11453642,11453642,11453642,,SMB Model Series,Dahua SMB Model Series,3 Years Warranty,Dahua
DHI-NVR4216-16P-EI,"Supports Smart H.265+, H.265, Smart H.264+, H.264 and MJPEG decoding formats. Max. 256 Mbps incoming/recording/outgoing bandwidth. Max. decoding capab",16471683,16471683,16471683,16471683,,SMB Model Series,Dahua SMB Model Series,3 Years Warranty,Dahua
DHI-NVR4416-16P-EI,"Supports Smart H.265+, H.265, Smart H.264+, H.264 and MJPEG decoding formats. Max. 256 Mbps incoming/recording/outgoing bandwidth. Max. decoding capab",23325000,23325000,23325000,23325000,,SMB Model Series,Dahua SMB Model Series,3 Years Warranty,Dahua
DHI-NVR4432-16P-EI,"Supports Smart H.265+, H.265, Smart H.264+, H.264 and MJPEG decoding formats. Max. 256 Mbps incoming/recording/outgoing bandwidth. Max. decoding capab",31544982,31544982,31544982,31544982,,SMB Model Series,Dahua SMB Model Series,3 Years Warranty,Dahua
DHI-NVR5208-EI2,"Supports Smart H.265+, H.265, Smart H.264+, H.264 and MJPEG decoding formats. Max. decoding capability: 40 × 1080p@30 fps or 8 × 8MP@30 fps. Max. 448/",26808650,26808650,26808650,26808650,,SMB Model Series,Dahua SMB Model Series,3 Years Warranty,Dahua
DHI-NVR5216-EI2,"Supports Smart H.265+, H.265, Smart H.264+, H.264 and MJPEG decoding formats. Max. decoding capability: 40 × 1080p@30 fps or 10 × 8MP@30 fps. Max. 448",32869490,32869490,32869490,32869490,,SMB Model Series,Dahua SMB Model Series,3 Years Warranty,Dahua
DHI-NVR5232-EI2,"Supports Smart H.265+, H.265, Smart H.264+, H.264 and MJPEG decoding formats. Max. decoding capability: 40 × 1080p@30 fps or 10 × 8MP@30 fps. Max. 448",31023300,31023300,31023300,31023300,,SMB Model Series,Dahua SMB Model Series,3 Years Warranty,Dahua
DHI-NVR5416-EI2,"Supports Smart H.265+, H.265, Smart H.264+, H.264 and MJPEG decoding formats. Max. decoding capability: 40 × 1080p@30 fps or 10 × 8MP@30 fps. Max. 448",37019400,37019400,37019400,37019400,,SMB Model Series,Dahua SMB Model Series,3 Years Warranty,Dahua
DHI-NVR5432-EI2,"Supports Smart H.265+, H.265, Smart H.264+, H.264 and MJPEG decoding formats. Max. decoding capability: 40 × 1080p@30 fps or 10 × 8MP@30 fps. Max. 448",43330078,43330078,43330078,43330078,,SMB Model Series,Dahua SMB Model Series,3 Years Warranty,Dahua
DHI-NVR5464-EI2,"Supports Smart H.265+, H.265, Smart H.264+, H.264 and MJPEG decoding formats. Max. decoding capability: 40 × 1080p@30 fps or 10 × 8MP@30 fps. Max. 448",46863432,46863432,46863432,46863432,,SMB Model Series,Dahua SMB Model Series,3 Years Warranty,Dahua
DHI-NVR5816-EI2,"Supports Smart H.265+, H.265, Smart H.264+, H.264 and MJPEG decoding formats. Max. decoding capability: 40 × 1080p@30 fps or 10 × 8MP@30 fps. Max. 448",47490850,47490850,47490850,47490850,,SMB Model Series,Dahua SMB Model Series,3 Years Warranty,Dahua
DHI-NVR5832-EI2,"Supports Smart H.265+, H.265, Smart H.264+, H.264 and MJPEG decoding formats. Max. decoding capability: 40 × 1080p@30 fps or 10 × 8MP@30 fps. Max. 448",55743308,55743308,55743308,55743308,,SMB Model Series,Dahua SMB Model Series,3 Years Warranty,Dahua
DHI-NVR5864-EI2,"Supports Smart H.265+, H.265, Smart H.264+, H.264 and MJPEG decoding formats. Max. decoding capability: 40 × 1080p@30 fps or 10 × 8MP@30 fps. Max. 448",62717034,62717034,62717034,62717034,,SMB Model Series,Dahua SMB Model Series,3 Years Warranty,Dahua
DHI-ITC436-PW9H-IZP,> High-performance CMOS image sensor and processor that supports continuously extracting metadata 24/7. > Supports continuously extracting metadata 24,19500000,19500000,19500000,19500000,,Parking Barrier,Dahua Parking Barrier,3 Years Warranty,Dahua
DHI-IPMECD-1062-R,"Dahua Series 106 dual direction telescopic and straight arm barrier (default right, 2.7m-4.5m)",15800000,15800000,15800000,15800000,,Parking Barrier,Dahua Parking Barrier,3 Years Warranty,Dahua
DHI-IPMECD-1062-L,"Dahua Series 106 dual direction telescopic and straight arm barrier (default left, 2.7m-4.5m)",15800000,15800000,15800000,15800000,,Parking Barrier,Dahua Parking Barrier,3 Years Warranty,Dahua
IPMECD-0162-M30,"Straight arm (left and right, 3m)--2s",1750000,1750000,1750000,1750000,,Parking Barrier,Dahua Parking Barrier,3 Years Warranty,Dahua
IPMECD-0162-M40,"Straight arm (left and right, 4m)--3.5s",2250000,2250000,2250000,2250000,,Parking Barrier,Dahua Parking Barrier,3 Years Warranty,Dahua
DHI-IPMECD-1061-R,"Dahua Series 106 dual direction folding arm barrier (default right, 1.5m-1.5m, 2m-2m)",16500000,16500000,16500000,16500000,,Parking Barrier,Dahua Parking Barrier,3 Years Warranty,Dahua
DHI-IPMECD-1061-L,"Dahua Series 106 dual direction folding arm barrier (default left, 1.5m-1.5m, 2m-2m)",16500000,16500000,16500000,16500000,,Parking Barrier,Dahua Parking Barrier,3 Years Warranty,Dahua
IPMECD-0161-M1515,"Folding arm (left and right, 1.5m-1.5m)--2s",5100000,5100000,5100000,5100000,,Parking Barrier,Dahua Parking Barrier,3 Years Warranty,Dahua
IPMECD-0161-M2020,"Folding arm (left and right, 2m-2m)--3.5s",5100000,5100000,5100000,5100000,,Parking Barrier,Dahua Parking Barrier,3 Years Warranty,Dahua
DHI-IPMECR-A6,1.Emission Frequency: 60 GHz–64 GHz 2.Response Time: 60 ms 3.Detection Region: 0–6 m (adjustable)_x000B_4.Support debugging by Bluetooth and serial po,4500000,4500000,4500000,4500000,,Parking Barrier,Dahua Parking Barrier,3 Years Warranty,Dahua
IPMECD-106X-01,Remote Control for WingX Origin,550000,550000,550000,550000,,Parking Barrier,Dahua Parking Barrier,3 Years Warranty,Dahua
ITSZJ-1202-10,radar bracket: for multi-radar solution installation,2500000,2500000,2500000,2500000,,Parking Barrier,Dahua Parking Barrier,3 Years Warranty,Dahua
DHI-ASGB110K-L,"Single Swing Barier - Left ,with 1 card reader (No hole)",38500000,38500000,38500000,38500000,,Pedestrian Turnstile,Dahua Pedestrian Turnstile,3 Years Warranty,Dahua
DHI-ASGB110K-R,"Single Swing Barier - Right ,with 1 card reader (No hole)",38500000,38500000,38500000,38500000,,Pedestrian Turnstile,Dahua Pedestrian Turnstile,3 Years Warranty,Dahua
DHI-ASGB120K-D,"Single Swing Barier - Middle ,with 2 card readers (No hole)",55000000,55000000,55000000,55000000,,Pedestrian Turnstile,Dahua Pedestrian Turnstile,3 Years Warranty,Dahua
DHI-ASGB210Y-L,"Single Swing Barier - Left ,with 1 card reader (No hole)",53500000,53500000,53500000,53500000,,Pedestrian Turnstile,Dahua Pedestrian Turnstile,3 Years Warranty,Dahua
DHI-ASGB220Y-D,"Single Swing Barier - Right ,with 1 card reader (No hole)",75500000,75500000,75500000,75500000,,Pedestrian Turnstile,Dahua Pedestrian Turnstile,3 Years Warranty,Dahua
DHI-ASGB210Y-R,"Single Swing Barier - Middle ,with 2 card readers (No hole)",53500000,53500000,53500000,53500000,,Pedestrian Turnstile,Dahua Pedestrian Turnstile,3 Years Warranty,Dahua
DHI-ASGY110A-L,"Single Flap Barier - Left ,with 1 card reader (No hole)",45450000,45450000,45450000,45450000,,Pedestrian Turnstile,Dahua Pedestrian Turnstile,3 Years Warranty,Dahua
DHI-ASGY110A-R1,"Single Flap Barier - Right 1 ,with 1 card reader (No hole)",45450000,45450000,45450000,45450000,,Pedestrian Turnstile,Dahua Pedestrian Turnstile,3 Years Warranty,Dahua
DHI-ASGY110A-R2,"Single Flap Barier - Right 2 ,with 1 card reader (No hole)",45450000,45450000,45450000,45450000,,Pedestrian Turnstile,Dahua Pedestrian Turnstile,3 Years Warranty,Dahua
DHI-ASGY120A-D1,"Single Flap Barier - Middle 1 ,with 2 card readers (No hole)",62500000,62500000,62500000,62500000,,Pedestrian Turnstile,Dahua Pedestrian Turnstile,3 Years Warranty,Dahua
DHI-ASGY120A-D2,"Single Flap Barier - Middle 2 ,with 2 card readers (No hole)",62500000,62500000,62500000,62500000,,Pedestrian Turnstile,Dahua Pedestrian Turnstile,3 Years Warranty,Dahua
ASF053-ZJ,Backet for turnstile installation,1200000,1200000,1200000,1200000,,Pedestrian Turnstile,Dahua Pedestrian Turnstile,3 Years Warranty,Dahua
DHI-ASGF001R,Remote control receiver for turnstile,550000,550000,550000,550000,,Pedestrian Turnstile,Dahua Pedestrian Turnstile,3 Years Warranty,Dahua
DHI-ASGF002S,Remote control transmitter for turnstile,550000,550000,550000,550000,,Pedestrian Turnstile,Dahua Pedestrian Turnstile,3 Years Warranty,Dahua
DHI-ASM101A,"ID Card, IC Card, Fingerprint Enrollment Reader",3050000,3050000,3050000,3050000,,Pedestrian Turnstile,Dahua Pedestrian Turnstile,3 Years Warranty,Dahua
DHI-HY-C102-4,,1607654,1607654,1607654,5434884,,Conventional Fire Alarm System,Dahua Conventional Fire Alarm System,3 Years Warranty,Dahua
DHI-HY-C102-8,,1990429,1990429,1990429,6728904,,Conventional Fire Alarm System,Dahua Conventional Fire Alarm System,3 Years Warranty,Dahua
DHI-HY-CFP2012B,,4323158,4323158,4323158,14615000,,Conventional Fire Alarm System,Dahua Conventional Fire Alarm System,3 Years Warranty,Dahua
DHI-HY-CFP2016B,,5211158,5211158,5211158,17617000,,Conventional Fire Alarm System,Dahua Conventional Fire Alarm System,3 Years Warranty,Dahua
DHI-HY-CFP2020B,,6075789,6075789,6075789,20540000,,Conventional Fire Alarm System,Dahua Conventional Fire Alarm System,3 Years Warranty,Dahua
DHI-HY-C131,,74779,74779,74779,252800,,Conventional Fire Alarm System,Dahua Conventional Fire Alarm System,3 Years Warranty,Dahua
DHI-HY-C132,,65432,65432,65432,221200,,Conventional Fire Alarm System,Dahua Conventional Fire Alarm System,3 Years Warranty,Dahua
DHI-HY-C135,,180872,180872,180872,611460,,Conventional Fire Alarm System,Dahua Conventional Fire Alarm System,3 Years Warranty,Dahua
DHI-HY-C134,,116842,116842,116842,395000,,Conventional Fire Alarm System,Dahua Conventional Fire Alarm System,3 Years Warranty,Dahua
DHI-HY-C136,,109832,109832,109832,371300,,Conventional Fire Alarm System,Dahua Conventional Fire Alarm System,3 Years Warranty,Dahua
DHI-HY-C134-RE,,130863,130863,130863,442400,,Conventional Fire Alarm System,Dahua Conventional Fire Alarm System,3 Years Warranty,Dahua
DHI-HY-C136-RE,,123853,123853,123853,418700,,Conventional Fire Alarm System,Dahua Conventional Fire Alarm System,3 Years Warranty,Dahua
DHI-HY-CA340R,,574583,574583,574583,1942452,,Conventional Fire Alarm System,Dahua Conventional Fire Alarm System,3 Years Warranty,Dahua
DHI-HY-CF640R,,410536,410536,410536,1387872,,Conventional Fire Alarm System,Dahua Conventional Fire Alarm System,3 Years Warranty,Dahua
DHI-HY-C133,,93474,93474,93474,316000,,Conventional Fire Alarm System,Dahua Conventional Fire Alarm System,3 Years Warranty,Dahua
DHI-HY-C121,,93474,93474,93474,316000,,Conventional Fire Alarm System,Dahua Conventional Fire Alarm System,3 Years Warranty,Dahua
DHI-HY-C0321,,116842,116842,116842,395000,,Conventional Fire Alarm System,Dahua Conventional Fire Alarm System,3 Years Warranty,Dahua
DHI-HY-C124,,188443,188443,188443,637056,,Conventional Fire Alarm System,Dahua Conventional Fire Alarm System,3 Years Warranty,Dahua
DHI-HY-C122,,115253,115253,115253,389628,,Conventional Fire Alarm System,Dahua Conventional Fire Alarm System,3 Years Warranty,Dahua
DHI-HY-C123,,123853,123853,123853,418700,,Conventional Fire Alarm System,Dahua Conventional Fire Alarm System,3 Years Warranty,Dahua
DHI-HY-C151,,93474,93474,93474,316000,,Conventional Fire Alarm System,Dahua Conventional Fire Alarm System,3 Years Warranty,Dahua
DHI-HY-C152,,116842,116842,116842,395000,,Conventional Fire Alarm System,Dahua Conventional Fire Alarm System,3 Years Warranty,Dahua
DHI-HY-C153,,191621,191621,191621,647800,,Conventional Fire Alarm System,Dahua Conventional Fire Alarm System,3 Years Warranty,Dahua
DHI-HY-C154,,180872,180872,180872,611460,,Conventional Fire Alarm System,Dahua Conventional Fire Alarm System,3 Years Warranty,Dahua
DHI-HY-C155,,70105,70105,70105,237000,,Conventional Fire Alarm System,Dahua Conventional Fire Alarm System,3 Years Warranty,Dahua
DHI-HY-C156,,245368,245368,245368,829500,,Conventional Fire Alarm System,Dahua Conventional Fire Alarm System,3 Years Warranty,Dahua
DHI-HY-SSDZ,,191621,191621,191621,647800,,Conventional Fire Alarm System,Dahua Conventional Fire Alarm System,3 Years Warranty,Dahua
DHI-HY-RI151,,46737,46737,46737,158000,,Conventional Fire Alarm System,Dahua Conventional Fire Alarm System,3 Years Warranty,Dahua
DHI-HY-LDB32,,607579,607579,607579,2054000,,Conventional Fire Alarm System,Dahua Conventional Fire Alarm System,3 Years Warranty,Dahua
DHI-HY-LDR32,,1635789,1635789,1635789,5530000,,Conventional Fire Alarm System,Dahua Conventional Fire Alarm System,3 Years Warranty,Dahua
DHI-HY-LDM32,,880989,880989,880989,2978300,,Conventional Fire Alarm System,Dahua Conventional Fire Alarm System,3 Years Warranty,Dahua
DH-SD4F420DA-HNY,"1/1.8"" 4Megapixel CMOS. Warm light distance up to 80m. Face detection. Perimeter Protection. 20× hybrid zoom. Max. 2688 × 1520@20 fps and 2560 × 1440@",6930000,6930000,0,14679000,,PTZ Series,Dahua PTZ Series,3 Years Warranty,Dahua
DH-H3AS,"Supports 3 MP (2304 × 1296)@15 fps. H.265 codec, high compression rate, ultra-low bit rate. Built-in multi-core light, the max IR distance is 20 m and",325000,325000,378000,514000,,Wireless Series,Dahua Wireless Series,3 Years Warranty,Dahua
DH-H5AS,"Supports 5 MP (2880 × 1620)@15 fps. H.265 codec, high compression rate, ultra-low bit rate. Built-in multi-core light, the max IR distance is 20 m and",475000,475000,553000,748000,,Wireless Series,Dahua Wireless Series,3 Years Warranty,Dahua
DH-HAC-HFW1801TLMP-IL-T,"* The parameters and datasheets below can only be applied to1801-IL-T series. * In order to use the Smart Dual Light HDCVI camera, the firmware of XVR",815970,815970,0,1600000,,HAC Series,Dahua HAC Series,3 Years Warranty,Dahua
DH-HAC-HDW1801TQP-IL-T,"* The parameters and datasheets below can only be applied to1801-IL-T series. * In order to use the Smart Dual Light HDCVI camera, the firmware of XVR",787478,787478,0,1545000,,HAC Series,Dahua HAC Series,3 Years Warranty,Dahua
DH-HAC-PT1200H1P-IL-T,"* In order to use the Smart Dual Light HDCVI camera, the firmware of XVR must be upgraded to V4.001.0000004.1.R.220323 or later version. · Max 30 fps@",399970,399970,0,785000,,HAC Series,Dahua HAC Series,3 Years Warranty,Dahua
DHI-PM16-F201PD,"1920*1080 portable screen 60hz refreash rate, 2 x TYPE-C, 1 x HDMI 1.4 VESA 75*75mm, 250 cd/m²  SPEAKER",1259000,1259000,1259000,1649000,,Monitor Series,Dahua Monitor Series,3 Years Warranty,Dahua
DH-PFB2203W,Basic water-proof Rapid installation For 3 screws to fix,113824,113824,0,195000,,Accessories Series,Dahua Accessories Series,3 Years Warranty,Dahua
